{
  "mAP": 0.6370364083884682,
  "mAP50": 0.8783225586049778,
  "mAP75": 0.7416102520291868,
  "mAP_small": null,
  "mAP_medium": 0.3448423654903895,
  "mAP_large": 0.6688861235912541,
  "AR1": 0.6718905472636816,
  "AR10": 0.7497512437810945,
  "AR100": 0.7509950248756219,
  "AR_small": null,
  "AR_medium": 0.5055555555555555,
  "AR_large": 0.7751366120218579,
  "mAP_tiny_rel": 0.2370830952082736,
  "mAP50_tiny_rel": 0.5377245471375678,
  "mAP75_tiny_rel": 0.17891466566011435,
  "AR100_tiny_rel": 0.4411764705882352,
  "mAP_small_rel": 0.4236442554385828,
  "mAP50_small_rel": 0.6943636877995342,
  "mAP75_small_rel": 0.47343452467668995,
  "AR100_small_rel": 0.5298701298701298,
  "mAP_medium_rel": 0.5383211079339638,
  "mAP50_medium_rel": 0.7513175893126818,
  "mAP75_medium_rel": 0.6216608309546713,
  "AR100_medium_rel": 0.6717171717171717,
  "mAP_large_rel": 0.7172108679582099,
  "mAP50_large_rel": 0.9089781392920958,
  "mAP75_large_rel": 0.8366897368674094,
  "AR100_large_rel": 0.8296650717703349,
  "mAP_tiny": 0.2370830952082736,
  "image_AUROC": 0.9604280303030303,
  "image_AP": 0.9239413520847075,
  "FPR@95TPR": 0.19466666666666665,
  "threshold@95TPR": 0.5003321766853333,
  "TPR@95TPR": 0.9517045454545454,
  "Recall@FPR=1%": 0.42045454545454547,
  "Recall@FPR=5%": 0.8153409090909091,
  "in_domain_FPR@95TPR": 0.20045558086560364,
  "out_domain_FPR@95TPR": 0.1864951768488746,
  "in_domain_FPR@fixed": 0.27790432801822323,
  "out_domain_FPR@fixed": 0.2829581993569132,
  "split": "val",
  "images": 1102,
  "ground_truth_objects": 402,
  "input_predictions": 163088,
  "detections": 163088,
  "invalid_predictions_dropped": 0,
  "fppi_threshold": 0.25,
  "false_positives_on_negatives": {
    "total_negative_images": 750,
    "total_false_positives": 225,
    "fppi": 0.3,
    "by_group": {
      "negative_in_domain": {
        "negative_images": 439,
        "false_positives": 131,
        "fppi": 0.2984054669703872
      },
      "negative_out_domain": {
        "negative_images": 311,
        "false_positives": 94,
        "fppi": 0.3022508038585209
      }
    }
  },
  "predictions_above_fppi_threshold_by_group": {
    "negative_in_domain": 131,
    "negative_out_domain": 94,
    "positive": 394
  },
  "relative_scale_metrics": {
    "tiny": {
      "mAP": 0.2370830952082736,
      "mAP50": 0.5377245471375678,
      "mAP75": 0.17891466566011435,
      "mAP_small": null,
      "mAP_medium": 0.2245854213335854,
      "mAP_large": 0.5999999999999999,
      "AR1": 0.24705882352941178,
      "AR10": 0.4235294117647058,
      "AR100": 0.4411764705882352,
      "AR_small": null,
      "AR_medium": 0.43125,
      "AR_large": 0.6,
      "objects": 17,
      "positive_images": 14,
      "detections": 108577
    },
    "small": {
      "mAP": 0.4236442554385828,
      "mAP50": 0.6943636877995342,
      "mAP75": 0.47343452467668995,
      "mAP_small": null,
      "mAP_medium": 0.294836695601088,
      "mAP_large": 0.4812206733533383,
      "AR1": 0.33766233766233766,
      "AR10": 0.5298701298701298,
      "AR100": 0.5298701298701298,
      "AR_small": null,
      "AR_medium": 0.35500000000000004,
      "AR_large": 0.5912280701754387,
      "objects": 77,
      "positive_images": 51,
      "detections": 45460
    },
    "medium": {
      "mAP": 0.5383211079339638,
      "mAP50": 0.7513175893126818,
      "mAP75": 0.6216608309546713,
      "mAP_small": null,
      "mAP_medium": null,
      "mAP_large": 0.5445142577509272,
      "AR1": 0.6363636363636365,
      "AR10": 0.6717171717171717,
      "AR100": 0.6717171717171717,
      "AR_small": null,
      "AR_medium": null,
      "AR_large": 0.6717171717171717,
      "objects": 99,
      "positive_images": 94,
      "detections": 7489
    },
    "large": {
      "mAP": 0.7172108679582099,
      "mAP50": 0.9089781392920958,
      "mAP75": 0.8366897368674094,
      "mAP_small": null,
      "mAP_medium": null,
      "mAP_large": 0.7172108679582099,
      "AR1": 0.8215311004784688,
      "AR10": 0.8296650717703349,
      "AR100": 0.8296650717703349,
      "AR_small": null,
      "AR_medium": null,
      "AR_large": 0.8296650717703349,
      "objects": 209,
      "positive_images": 207,
      "detections": 1562
    }
  },
  "image_level": {
    "positive_images": 352,
    "negative_images": 750,
    "auroc": 0.9604280303030303,
    "average_precision": 0.9239413520847075,
    "fpr_at_target_tpr": {
      "threshold": 0.5003321766853333,
      "tp": 335,
      "fp": 146,
      "tn": 604,
      "fn": 17,
      "tpr": 0.9517045454545454,
      "fpr": 0.19466666666666665,
      "by_negative_group": {
        "negative_in_domain": {
          "negative_images": 439,
          "false_positive_images": 88,
          "fpr": 0.20045558086560364
        },
        "negative_out_domain": {
          "negative_images": 311,
          "false_positive_images": 58,
          "fpr": 0.1864951768488746
        }
      },
      "target_tpr": 0.95
    },
    "recall_at_fpr": {
      "0.01": {
        "max_fpr": 0.01,
        "threshold": 0.9999570846557617,
        "recall": 0.42045454545454547,
        "fpr": 0.009333333333333334,
        "tp": 148,
        "fp": 7,
        "tn": 743,
        "fn": 204
      },
      "0.05": {
        "max_fpr": 0.05,
        "threshold": 0.9903253316879272,
        "recall": 0.8153409090909091,
        "fpr": 0.04533333333333334,
        "tp": 287,
        "fp": 34,
        "tn": 716,
        "fn": 65
      }
    },
    "fixed_threshold": {
      "threshold": 0.25,
      "tp": 343,
      "fp": 210,
      "tn": 540,
      "fn": 9,
      "tpr": 0.9744318181818182,
      "fpr": 0.28,
      "by_negative_group": {
        "negative_in_domain": {
          "negative_images": 439,
          "false_positive_images": 122,
          "fpr": 0.27790432801822323
        },
        "negative_out_domain": {
          "negative_images": 311,
          "false_positive_images": 88,
          "fpr": 0.2829581993569132
        }
      }
    }
  }
}
