{
  "mAP": 0.6562776647045242,
  "mAP50": 0.9403392782037094,
  "mAP75": 0.770139520410018,
  "mAP_small": null,
  "mAP_medium": 0.4695825970939701,
  "mAP_large": 0.673356898527819,
  "AR1": 0.6440298507462686,
  "AR10": 0.7350746268656716,
  "AR100": 0.7353233830845771,
  "AR_small": null,
  "AR_medium": 0.6,
  "AR_large": 0.7486338797814208,
  "mAP_tiny_rel": 0.3390988455947742,
  "mAP50_tiny_rel": 0.655617808958214,
  "mAP75_tiny_rel": 0.4319291556484841,
  "AR100_tiny_rel": 0.5058823529411764,
  "mAP_small_rel": 0.4432114892978347,
  "mAP50_small_rel": 0.7372314823822593,
  "mAP75_small_rel": 0.47815013497548886,
  "AR100_small_rel": 0.5922077922077922,
  "mAP_medium_rel": 0.5716947437559731,
  "mAP50_medium_rel": 0.817053491967401,
  "mAP75_medium_rel": 0.688417021794016,
  "AR100_medium_rel": 0.6727272727272727,
  "mAP_large_rel": 0.69992577395514,
  "mAP50_large_rel": 0.9346204727926406,
  "mAP75_large_rel": 0.8293835982472956,
  "AR100_large_rel": 0.7741626794258374,
  "mAP_tiny": 0.3390988455947742,
  "image_AUROC": 0.9817992424242424,
  "image_AP": 0.9707501888950374,
  "FPR@95TPR": 0.07866666666666666,
  "threshold@95TPR": 0.9519175887107849,
  "TPR@95TPR": 0.9517045454545454,
  "Recall@FPR=1%": 0.7840909090909091,
  "Recall@FPR=5%": 0.9403409090909091,
  "in_domain_FPR@95TPR": 0.07517084282460136,
  "out_domain_FPR@95TPR": 0.08360128617363344,
  "in_domain_FPR@fixed": 0.3917995444191344,
  "out_domain_FPR@fixed": 0.40514469453376206,
  "split": "val",
  "images": 1102,
  "ground_truth_objects": 402,
  "input_predictions": 7504,
  "detections": 7504,
  "invalid_predictions_dropped": 0,
  "fppi_threshold": 0.25,
  "false_positives_on_negatives": {
    "total_negative_images": 750,
    "total_false_positives": 438,
    "fppi": 0.584,
    "by_group": {
      "negative_in_domain": {
        "negative_images": 439,
        "false_positives": 227,
        "fppi": 0.5170842824601367
      },
      "negative_out_domain": {
        "negative_images": 311,
        "false_positives": 211,
        "fppi": 0.6784565916398714
      }
    }
  },
  "predictions_above_fppi_threshold_by_group": {
    "negative_in_domain": 227,
    "negative_out_domain": 211,
    "positive": 487
  },
  "relative_scale_metrics": {
    "tiny": {
      "mAP": 0.3390988455947742,
      "mAP50": 0.655617808958214,
      "mAP75": 0.4319291556484841,
      "mAP_small": null,
      "mAP_medium": 0.34008601041456615,
      "mAP_large": 0.6999999999999998,
      "AR1": 0.38235294117647056,
      "AR10": 0.5058823529411764,
      "AR100": 0.5058823529411764,
      "AR_small": null,
      "AR_medium": 0.49375,
      "AR_large": 0.7,
      "objects": 17,
      "positive_images": 14,
      "detections": 1739
    },
    "small": {
      "mAP": 0.4432114892978347,
      "mAP50": 0.7372314823822593,
      "mAP75": 0.47815013497548886,
      "mAP_small": null,
      "mAP_medium": 0.34998976642878116,
      "mAP_large": 0.4822756357247093,
      "AR1": 0.38181818181818183,
      "AR10": 0.5922077922077922,
      "AR100": 0.5922077922077922,
      "AR_small": null,
      "AR_medium": 0.515,
      "AR_large": 0.619298245614035,
      "objects": 77,
      "positive_images": 51,
      "detections": 1420
    },
    "medium": {
      "mAP": 0.5716947437559731,
      "mAP50": 0.817053491967401,
      "mAP75": 0.688417021794016,
      "mAP_small": null,
      "mAP_medium": null,
      "mAP_large": 0.5718857673928807,
      "AR1": 0.6131313131313131,
      "AR10": 0.6727272727272727,
      "AR100": 0.6727272727272727,
      "AR_small": null,
      "AR_medium": null,
      "AR_large": 0.6727272727272727,
      "objects": 99,
      "positive_images": 94,
      "detections": 2577
    },
    "large": {
      "mAP": 0.69992577395514,
      "mAP50": 0.9346204727926406,
      "mAP75": 0.8293835982472956,
      "mAP_small": null,
      "mAP_medium": null,
      "mAP_large": 0.69992577395514,
      "AR1": 0.7660287081339712,
      "AR10": 0.7741626794258374,
      "AR100": 0.7741626794258374,
      "AR_small": null,
      "AR_medium": null,
      "AR_large": 0.7741626794258374,
      "objects": 209,
      "positive_images": 207,
      "detections": 1768
    }
  },
  "image_level": {
    "positive_images": 352,
    "negative_images": 750,
    "auroc": 0.9817992424242424,
    "average_precision": 0.9707501888950374,
    "fpr_at_target_tpr": {
      "threshold": 0.9519175887107849,
      "tp": 335,
      "fp": 59,
      "tn": 691,
      "fn": 17,
      "tpr": 0.9517045454545454,
      "fpr": 0.07866666666666666,
      "by_negative_group": {
        "negative_in_domain": {
          "negative_images": 439,
          "false_positive_images": 33,
          "fpr": 0.07517084282460136
        },
        "negative_out_domain": {
          "negative_images": 311,
          "false_positive_images": 26,
          "fpr": 0.08360128617363344
        }
      },
      "target_tpr": 0.95
    },
    "recall_at_fpr": {
      "0.01": {
        "max_fpr": 0.01,
        "threshold": 0.9952602982521057,
        "recall": 0.7840909090909091,
        "fpr": 0.009333333333333334,
        "tp": 276,
        "fp": 7,
        "tn": 743,
        "fn": 76
      },
      "0.05": {
        "max_fpr": 0.05,
        "threshold": 0.9746923446655273,
        "recall": 0.9403409090909091,
        "fpr": 0.04,
        "tp": 331,
        "fp": 30,
        "tn": 720,
        "fn": 21
      }
    },
    "fixed_threshold": {
      "threshold": 0.25,
      "tp": 347,
      "fp": 298,
      "tn": 452,
      "fn": 5,
      "tpr": 0.9857954545454546,
      "fpr": 0.3973333333333333,
      "by_negative_group": {
        "negative_in_domain": {
          "negative_images": 439,
          "false_positive_images": 172,
          "fpr": 0.3917995444191344
        },
        "negative_out_domain": {
          "negative_images": 311,
          "false_positive_images": 126,
          "fpr": 0.40514469453376206
        }
      }
    }
  }
}
