{
  "val": {
    "mAP": 0.6607153300831576,
    "mAP50": 0.9510516367692667,
    "mAP75": 0.7717437750804407,
    "mAP_small": null,
    "mAP_medium": 0.5060977542116603,
    "mAP_large": 0.6740306469364493,
    "AR1": 0.6435323383084577,
    "AR10": 0.7330845771144279,
    "AR100": 0.7343283582089553,
    "AR_small": null,
    "AR_medium": 0.6333333333333333,
    "AR_large": 0.7442622950819671,
    "mAP_tiny_rel": 0.31603239628201885,
    "mAP50_tiny_rel": 0.6364045195312863,
    "mAP75_tiny_rel": 0.297007200720072,
    "AR100_tiny_rel": 0.5117647058823529,
    "mAP_small_rel": 0.4627025243738433,
    "mAP50_small_rel": 0.7470736253657595,
    "mAP75_small_rel": 0.5569101019602373,
    "AR100_small_rel": 0.577922077922078,
    "mAP_medium_rel": 0.5583227625276715,
    "mAP50_medium_rel": 0.8374615261894398,
    "mAP75_medium_rel": 0.6323477788780496,
    "AR100_medium_rel": 0.6606060606060605,
    "mAP_large_rel": 0.705286396543131,
    "mAP50_large_rel": 0.9383290089817414,
    "mAP75_large_rel": 0.8467881128304691,
    "AR100_large_rel": 0.7789473684210526,
    "mAP_tiny": 0.31603239628201885,
    "image_AUROC": 0.9883352272727273,
    "image_AP": 0.9781488362217208,
    "FPR@95TPR": 0.076,
    "threshold@95TPR": 0.8387115001678467,
    "TPR@95TPR": 0.9517045454545454,
    "Recall@FPR=1%": 0.8948863636363636,
    "Recall@FPR=5%": 0.9431818181818182,
    "in_domain_FPR@95TPR": 0.12300683371298406,
    "out_domain_FPR@95TPR": 0.00964630225080386,
    "in_domain_FPR@fixed": 0.275626423690205,
    "out_domain_FPR@fixed": 0.03215434083601286,
    "split": "val",
    "images": 1102,
    "ground_truth_objects": 402,
    "input_predictions": 4654,
    "detections": 4654,
    "invalid_predictions_dropped": 0,
    "fppi_threshold": 0.25,
    "false_positives_on_negatives": {
      "total_negative_images": 750,
      "total_false_positives": 164,
      "fppi": 0.21866666666666668,
      "by_group": {
        "negative_in_domain": {
          "negative_images": 439,
          "false_positives": 147,
          "fppi": 0.3348519362186788
        },
        "negative_out_domain": {
          "negative_images": 311,
          "false_positives": 17,
          "fppi": 0.05466237942122187
        }
      }
    },
    "predictions_above_fppi_threshold_by_group": {
      "negative_in_domain": 147,
      "negative_out_domain": 17,
      "positive": 489
    },
    "relative_scale_metrics": {
      "tiny": {
        "mAP": 0.31603239628201885,
        "mAP50": 0.6364045195312863,
        "mAP75": 0.297007200720072,
        "mAP_small": null,
        "mAP_medium": 0.3080655409738844,
        "mAP_large": 0.6999999999999998,
        "AR1": 0.3588235294117647,
        "AR10": 0.5117647058823529,
        "AR100": 0.5117647058823529,
        "AR_small": null,
        "AR_medium": 0.5,
        "AR_large": 0.7,
        "objects": 17,
        "positive_images": 14,
        "detections": 778
      },
      "small": {
        "mAP": 0.4627025243738433,
        "mAP50": 0.7470736253657595,
        "mAP75": 0.5569101019602373,
        "mAP_small": null,
        "mAP_medium": 0.38576862909625426,
        "mAP_large": 0.49908515100214096,
        "AR1": 0.39220779220779217,
        "AR10": 0.577922077922078,
        "AR100": 0.577922077922078,
        "AR_small": null,
        "AR_medium": 0.5199999999999999,
        "AR_large": 0.5982456140350877,
        "objects": 77,
        "positive_images": 51,
        "detections": 1019
      },
      "medium": {
        "mAP": 0.5583227625276715,
        "mAP50": 0.8374615261894398,
        "mAP75": 0.6323477788780496,
        "mAP_small": null,
        "mAP_medium": null,
        "mAP_large": 0.5587346289997615,
        "AR1": 0.598989898989899,
        "AR10": 0.6606060606060605,
        "AR100": 0.6606060606060605,
        "AR_small": null,
        "AR_medium": null,
        "AR_large": 0.6606060606060605,
        "objects": 99,
        "positive_images": 94,
        "detections": 1701
      },
      "large": {
        "mAP": 0.705286396543131,
        "mAP50": 0.9383290089817414,
        "mAP75": 0.8467881128304691,
        "mAP_small": null,
        "mAP_medium": null,
        "mAP_large": 0.705286396543131,
        "AR1": 0.7708133971291866,
        "AR10": 0.7789473684210526,
        "AR100": 0.7789473684210526,
        "AR_small": null,
        "AR_medium": null,
        "AR_large": 0.7789473684210526,
        "objects": 209,
        "positive_images": 207,
        "detections": 1156
      }
    },
    "image_level": {
      "positive_images": 352,
      "negative_images": 750,
      "auroc": 0.9883352272727273,
      "average_precision": 0.9781488362217208,
      "fpr_at_target_tpr": {
        "threshold": 0.8387115001678467,
        "tp": 335,
        "fp": 57,
        "tn": 693,
        "fn": 17,
        "tpr": 0.9517045454545454,
        "fpr": 0.076,
        "by_negative_group": {
          "negative_in_domain": {
            "negative_images": 439,
            "false_positive_images": 54,
            "fpr": 0.12300683371298406
          },
          "negative_out_domain": {
            "negative_images": 311,
            "false_positive_images": 3,
            "fpr": 0.00964630225080386
          }
        },
        "target_tpr": 0.95
      },
      "recall_at_fpr": {
        "0.01": {
          "max_fpr": 0.01,
          "threshold": 0.9848979115486145,
          "recall": 0.8948863636363636,
          "fpr": 0.009333333333333334,
          "tp": 315,
          "fp": 7,
          "tn": 743,
          "fn": 37
        },
        "0.05": {
          "max_fpr": 0.05,
          "threshold": 0.9432876706123352,
          "recall": 0.9431818181818182,
          "fpr": 0.037333333333333336,
          "tp": 332,
          "fp": 28,
          "tn": 722,
          "fn": 20
        }
      },
      "fixed_threshold": {
        "threshold": 0.25,
        "tp": 345,
        "fp": 131,
        "tn": 619,
        "fn": 7,
        "tpr": 0.9801136363636364,
        "fpr": 0.17466666666666666,
        "by_negative_group": {
          "negative_in_domain": {
            "negative_images": 439,
            "false_positive_images": 121,
            "fpr": 0.275626423690205
          },
          "negative_out_domain": {
            "negative_images": 311,
            "false_positive_images": 10,
            "fpr": 0.03215434083601286
          }
        }
      }
    }
  },
  "test": {
    "mAP": 0.6850158004799988,
    "mAP50": 0.9577073057669814,
    "mAP75": 0.794674669383816,
    "mAP_small": 0.5999999999999999,
    "mAP_medium": 0.4450880601132694,
    "mAP_large": 0.7066729110699571,
    "AR1": 0.657934508816121,
    "AR10": 0.7481108312342569,
    "AR100": 0.7481108312342569,
    "AR_small": 0.6,
    "AR_medium": 0.5470588235294118,
    "AR_large": 0.767403314917127,
    "mAP_tiny_rel": 0.402289762514055,
    "mAP50_tiny_rel": 0.6546408987691861,
    "mAP75_tiny_rel": 0.4185418541854186,
    "AR100_tiny_rel": 0.4866666666666667,
    "mAP_small_rel": 0.4697967950471125,
    "mAP50_small_rel": 0.8330944149915596,
    "mAP75_small_rel": 0.46983107829225396,
    "AR100_small_rel": 0.5799999999999998,
    "mAP_medium_rel": 0.6542015678260447,
    "mAP50_medium_rel": 0.8887302701239429,
    "mAP75_medium_rel": 0.7514414879152052,
    "AR100_medium_rel": 0.7327102803738318,
    "mAP_large_rel": 0.7453902684076676,
    "mAP50_large_rel": 0.9608326075539235,
    "mAP75_large_rel": 0.9138594778477799,
    "AR100_large_rel": 0.806829268292683,
    "mAP_tiny": 0.402289762514055,
    "image_AUROC": 0.9886381766381767,
    "image_AP": 0.9814943028971784,
    "FPR@95TPR": 0.06666666666666667,
    "threshold@95TPR": 0.9128020405769348,
    "TPR@95TPR": 0.9515669515669516,
    "Recall@FPR=1%": 0.8803418803418803,
    "Recall@FPR=5%": 0.9458689458689459,
    "in_domain_FPR@95TPR": 0.11389521640091116,
    "out_domain_FPR@95TPR": 0.0,
    "in_domain_FPR@fixed": 0.27790432801822323,
    "out_domain_FPR@fixed": 0.06109324758842444,
    "split": "test",