{
  "mAP": 0.6661993803418558,
  "mAP50": 0.9553049050689482,
  "mAP75": 0.7750888674070664,
  "mAP_small": null,
  "mAP_medium": 0.5113905140255791,
  "mAP_large": 0.6790809151277228,
  "AR1": 0.6437810945273632,
  "AR10": 0.7348258706467662,
  "AR100": 0.7360696517412936,
  "AR_small": null,
  "AR_medium": 0.6222222222222222,
  "AR_large": 0.7472677595628415,
  "mAP_tiny_rel": 0.4254681688778931,
  "mAP50_tiny_rel": 0.7625116841907745,
  "mAP75_tiny_rel": 0.4352663837812353,
  "AR100_tiny_rel": 0.5588235294117647,
  "mAP_small_rel": 0.477417596055854,
  "mAP50_small_rel": 0.7750600393484767,
  "mAP75_small_rel": 0.5230996436342265,
  "AR100_small_rel": 0.5805194805194805,
  "mAP_medium_rel": 0.5647222510799079,
  "mAP50_medium_rel": 0.8252209447418993,
  "mAP75_medium_rel": 0.6461117147953256,
  "AR100_medium_rel": 0.6595959595959597,
  "mAP_large_rel": 0.7082376815431481,
  "mAP50_large_rel": 0.9386338546672968,
  "mAP75_large_rel": 0.8571059027890404,
  "AR100_large_rel": 0.784688995215311,
  "mAP_tiny": 0.4254681688778931,
  "image_AUROC": 0.992560606060606,
  "image_AP": 0.985983876115743,
  "FPR@95TPR": 0.024,
  "threshold@95TPR": 0.7098920345306396,
  "TPR@95TPR": 0.9517045454545454,
  "Recall@FPR=1%": 0.9204545454545454,
  "Recall@FPR=5%": 0.9801136363636364,
  "in_domain_FPR@95TPR": 0.0387243735763098,
  "out_domain_FPR@95TPR": 0.003215434083601286,
  "in_domain_FPR@fixed": 0.08428246013667426,
  "out_domain_FPR@fixed": 0.01607717041800643,
  "split": "val",
  "images": 1102,
  "ground_truth_objects": 402,
  "input_predictions": 3883,
  "detections": 3883,
  "invalid_predictions_dropped": 0,
  "fppi_threshold": 0.25,
  "false_positives_on_negatives": {
    "total_negative_images": 750,
    "total_false_positives": 53,
    "fppi": 0.07066666666666667,
    "by_group": {
      "negative_in_domain": {
        "negative_images": 439,
        "false_positives": 42,
        "fppi": 0.09567198177676538
      },
      "negative_out_domain": {
        "negative_images": 311,
        "false_positives": 11,
        "fppi": 0.03536977491961415
      }
    }
  },
  "predictions_above_fppi_threshold_by_group": {
    "negative_in_domain": 42,
    "negative_out_domain": 11,
    "positive": 469
  },
  "relative_scale_metrics": {
    "tiny": {
      "mAP": 0.4254681688778931,
      "mAP50": 0.7625116841907745,
      "mAP75": 0.4352663837812353,
      "mAP_small": null,
      "mAP_medium": 0.4022011351868354,
      "mAP_large": 0.8999999999999999,
      "AR1": 0.4470588235294118,
      "AR10": 0.5588235294117647,
      "AR100": 0.5588235294117647,
      "AR_small": null,
      "AR_medium": 0.5375,
      "AR_large": 0.9,
      "objects": 17,
      "positive_images": 14,
      "detections": 511
    },
    "small": {
      "mAP": 0.477417596055854,
      "mAP50": 0.7750600393484767,
      "mAP75": 0.5230996436342265,
      "mAP_small": null,
      "mAP_medium": 0.40469796265488595,
      "mAP_large": 0.5051760414193642,
      "AR1": 0.3714285714285714,
      "AR10": 0.5740259740259741,
      "AR100": 0.5805194805194805,
      "AR_small": null,
      "AR_medium": 0.55,
      "AR_large": 0.5912280701754387,
      "objects": 77,
      "positive_images": 51,
      "detections": 913
    },
    "medium": {
      "mAP": 0.5647222510799079,
      "mAP50": 0.8252209447418993,
      "mAP75": 0.6461117147953256,
      "mAP_small": null,
      "mAP_medium": null,
      "mAP_large": 0.5650158347520596,
      "AR1": 0.603030303030303,
      "AR10": 0.6595959595959597,
      "AR100": 0.6595959595959597,
      "AR_small": null,
      "AR_medium": null,
      "AR_large": 0.6595959595959597,
      "objects": 99,
      "positive_images": 94,
      "detections": 1520
    },
    "large": {
      "mAP": 0.7082376815431481,
      "mAP50": 0.9386338546672968,
      "mAP75": 0.8571059027890404,
      "mAP_small": null,
      "mAP_medium": null,
      "mAP_large": 0.7082376815431481,
      "AR1": 0.7755980861244018,
      "AR10": 0.784688995215311,
      "AR100": 0.784688995215311,
      "AR_small": null,
      "AR_medium": null,
      "AR_large": 0.784688995215311,
      "objects": 209,
      "positive_images": 207,
      "detections": 939
    }
  },
  "image_level": {
    "positive_images": 352,
    "negative_images": 750,
    "auroc": 0.992560606060606,
    "average_precision": 0.985983876115743,
    "fpr_at_target_tpr": {
      "threshold": 0.7098920345306396,
      "tp": 335,
      "fp": 18,
      "tn": 732,
      "fn": 17,
      "tpr": 0.9517045454545454,
      "fpr": 0.024,
      "by_negative_group": {
        "negative_in_domain": {
          "negative_images": 439,
          "false_positive_images": 17,
          "fpr": 0.0387243735763098
        },
        "negative_out_domain": {
          "negative_images": 311,
          "false_positive_images": 1,
          "fpr": 0.003215434083601286
        }
      },
      "target_tpr": 0.95
    },
    "recall_at_fpr": {
      "0.01": {
        "max_fpr": 0.01,
        "threshold": 0.9250877499580383,
        "recall": 0.9204545454545454,
        "fpr": 0.009333333333333334,
        "tp": 324,
        "fp": 7,
        "tn": 743,
        "fn": 28
      },
      "0.05": {
        "max_fpr": 0.05,
        "threshold": 0.3685801327228546,
        "recall": 0.9801136363636364,
        "fpr": 0.04533333333333334,
        "tp": 345,
        "fp": 34,
        "tn": 716,
        "fn": 7
      }
    },
    "fixed_threshold": {
      "threshold": 0.25,
      "tp": 345,
      "fp": 42,
      "tn": 708,
      "fn": 7,
      "tpr": 0.9801136363636364,
      "fpr": 0.056,
      "by_negative_group": {
        "negative_in_domain": {
          "negative_images": 439,
          "false_positive_images": 37,
          "fpr": 0.08428246013667426
        },
        "negative_out_domain": {
          "negative_images": 311,
          "false_positive_images": 5,
          "fpr": 0.01607717041800643
        }
      }
    }
  }
}
