{
  "mAP": 0.6258585620329593,
  "mAP50": 0.9290174789686904,
  "mAP75": 0.7138387512443654,
  "mAP_small": null,
  "mAP_medium": 0.38318256219380703,
  "mAP_large": 0.6467758268245982,
  "AR1": 0.6139303482587065,
  "AR10": 0.6972636815920398,
  "AR100": 0.6987562189054726,
  "AR_small": null,
  "AR_medium": 0.5527777777777778,
  "AR_large": 0.7131147540983607,
  "mAP_tiny_rel": 0.2591121924257245,
  "mAP50_tiny_rel": 0.5469353952133721,
  "mAP75_tiny_rel": 0.22931807247220887,
  "AR100_tiny_rel": 0.4294117647058823,
  "mAP_small_rel": 0.3811010498303855,
  "mAP50_small_rel": 0.6941126424699327,
  "mAP75_small_rel": 0.39364557406275746,
  "AR100_small_rel": 0.5298701298701298,
  "mAP_medium_rel": 0.5168744968499468,
  "mAP50_medium_rel": 0.7711238650822192,
  "mAP75_medium_rel": 0.613911916061483,
  "AR100_medium_rel": 0.6494949494949495,
  "mAP_large_rel": 0.6751306185406741,
  "mAP50_large_rel": 0.9273692560540893,
  "mAP75_large_rel": 0.7753138964020382,
  "AR100_large_rel": 0.7440191387559809,
  "mAP_tiny": 0.2591121924257245,
  "image_AUROC": 0.9889507575757576,
  "image_AP": 0.9719563110953846,
  "FPR@95TPR": 0.04533333333333334,
  "threshold@95TPR": 0.558880627155304,
  "TPR@95TPR": 0.9517045454545454,
  "Recall@FPR=1%": 0.8778409090909091,
  "Recall@FPR=5%": 0.9630681818181818,
  "in_domain_FPR@95TPR": 0.06605922551252848,
  "out_domain_FPR@95TPR": 0.01607717041800643,
  "in_domain_FPR@fixed": 0.11617312072892938,
  "out_domain_FPR@fixed": 0.04501607717041801,
  "split": "val",
  "images": 1102,
  "ground_truth_objects": 402,
  "input_predictions": 8213,
  "detections": 8213,
  "invalid_predictions_dropped": 0,
  "fppi_threshold": 0.25,
  "false_positives_on_negatives": {
    "total_negative_images": 750,
    "total_false_positives": 82,
    "fppi": 0.10933333333333334,
    "by_group": {
      "negative_in_domain": {
        "negative_images": 439,
        "false_positives": 64,
        "fppi": 0.14578587699316628
      },
      "negative_out_domain": {
        "negative_images": 311,
        "false_positives": 18,
        "fppi": 0.05787781350482315
      }
    }
  },
  "predictions_above_fppi_threshold_by_group": {
    "negative_in_domain": 64,
    "negative_out_domain": 18,
    "positive": 481
  },
  "relative_scale_metrics": {
    "tiny": {
      "mAP": 0.2591121924257245,
      "mAP50": 0.5469353952133721,
      "mAP75": 0.22931807247220887,
      "mAP_small": null,
      "mAP_medium": 0.2765510483284086,
      "mAP_large": 0.0047619047619047615,
      "AR1": 0.3117647058823529,
      "AR10": 0.4294117647058823,
      "AR100": 0.4294117647058823,
      "AR_small": null,
      "AR_medium": 0.4375,
      "AR_large": 0.3,
      "objects": 17,
      "positive_images": 14,
      "detections": 2093
    },
    "small": {
      "mAP": 0.3811010498303855,
      "mAP50": 0.6941126424699327,
      "mAP75": 0.39364557406275746,
      "mAP_small": null,
      "mAP_medium": 0.31582922322064855,
      "mAP_large": 0.4138899293632211,
      "AR1": 0.31298701298701304,
      "AR10": 0.5298701298701298,
      "AR100": 0.5298701298701298,
      "AR_small": null,
      "AR_medium": 0.49000000000000005,
      "AR_large": 0.543859649122807,
      "objects": 77,
      "positive_images": 51,
      "detections": 3104
    },
    "medium": {
      "mAP": 0.5168744968499468,
      "mAP50": 0.7711238650822192,
      "mAP75": 0.613911916061483,
      "mAP_small": null,
      "mAP_medium": null,
      "mAP_large": 0.517778709309676,
      "AR1": 0.593939393939394,
      "AR10": 0.6494949494949495,
      "AR100": 0.6494949494949495,
      "AR_small": null,
      "AR_medium": null,
      "AR_large": 0.6494949494949495,
      "objects": 99,
      "positive_images": 94,
      "detections": 2147
    },
    "large": {
      "mAP": 0.6751306185406741,
      "mAP50": 0.9273692560540893,
      "mAP75": 0.7753138964020382,
      "mAP_small": null,
      "mAP_medium": null,
      "mAP_large": 0.6751306185406741,
      "AR1": 0.7354066985645933,
      "AR10": 0.7440191387559809,
      "AR100": 0.7440191387559809,
      "AR_small": null,
      "AR_medium": null,
      "AR_large": 0.7440191387559809,
      "objects": 209,
      "positive_images": 207,
      "detections": 869
    }
  },
  "image_level": {
    "positive_images": 352,
    "negative_images": 750,
    "auroc": 0.9889507575757576,
    "average_precision": 0.9719563110953846,
    "fpr_at_target_tpr": {
      "threshold": 0.558880627155304,
      "tp": 335,
      "fp": 34,
      "tn": 716,
      "fn": 17,
      "tpr": 0.9517045454545454,
      "fpr": 0.04533333333333334,
      "by_negative_group": {
        "negative_in_domain": {
          "negative_images": 439,
          "false_positive_images": 29,
          "fpr": 0.06605922551252848
        },
        "negative_out_domain": {
          "negative_images": 311,
          "false_positive_images": 5,
          "fpr": 0.01607717041800643
        }
      },
      "target_tpr": 0.95
    },
    "recall_at_fpr": {
      "0.01": {
        "max_fpr": 0.01,
        "threshold": 0.9407072067260742,
        "recall": 0.8778409090909091,
        "fpr": 0.009333333333333334,
        "tp": 309,
        "fp": 7,
        "tn": 743,
        "fn": 43
      },
      "0.05": {
        "max_fpr": 0.05,
        "threshold": 0.4945433735847473,
        "recall": 0.9630681818181818,
        "fpr": 0.04933333333333333,
        "tp": 339,
        "fp": 37,
        "tn": 713,
        "fn": 13
      }
    },
    "fixed_threshold": {
      "threshold": 0.25,
      "tp": 343,
      "fp": 65,
      "tn": 685,
      "fn": 9,
      "tpr": 0.9744318181818182,
      "fpr": 0.08666666666666667,
      "by_negative_group": {
        "negative_in_domain": {
          "negative_images": 439,
          "false_positive_images": 51,
          "fpr": 0.11617312072892938
        },
        "negative_out_domain": {
          "negative_images": 311,
          "false_positive_images": 14,
          "fpr": 0.04501607717041801
        }
      }
    }
  }
}
