{
  "mAP": 0.6647353462418097,
  "mAP50": 0.9578736093493309,
  "mAP75": 0.7680915355000125,
  "mAP_small": null,
  "mAP_medium": 0.5000284705946477,
  "mAP_large": 0.6786093357180497,
  "AR1": 0.6370646766169153,
  "AR10": 0.7276119402985075,
  "AR100": 0.7288557213930348,
  "AR_small": null,
  "AR_medium": 0.6055555555555555,
  "AR_large": 0.740983606557377,
  "mAP_tiny_rel": 0.40043167632240956,
  "mAP50_tiny_rel": 0.770644346067481,
  "mAP75_tiny_rel": 0.4110814056233999,
  "AR100_tiny_rel": 0.5470588235294118,
  "mAP_small_rel": 0.4495305638885173,
  "mAP50_small_rel": 0.748008623703457,
  "mAP75_small_rel": 0.503729248566093,
  "AR100_small_rel": 0.5467532467532468,
  "mAP_medium_rel": 0.5634598636540797,
  "mAP50_medium_rel": 0.83255086494956,
  "mAP75_medium_rel": 0.6325758816674126,
  "AR100_medium_rel": 0.6747474747474748,
  "mAP_large_rel": 0.7081753093575348,
  "mAP50_large_rel": 0.9377971083627884,
  "mAP75_large_rel": 0.8386044786979692,
  "AR100_large_rel": 0.770334928229665,
  "mAP_tiny": 0.40043167632240956,
  "image_AUROC": 0.9933825757575757,
  "image_AP": 0.987209620628251,
  "FPR@95TPR": 0.024,
  "threshold@95TPR": 0.7716418504714966,
  "TPR@95TPR": 0.9517045454545454,
  "Recall@FPR=1%": 0.9289772727272727,
  "Recall@FPR=5%": 0.9801136363636364,
  "in_domain_FPR@95TPR": 0.0387243735763098,
  "out_domain_FPR@95TPR": 0.003215434083601286,
  "in_domain_FPR@fixed": 0.08428246013667426,
  "out_domain_FPR@fixed": 0.01929260450160772,
  "split": "val",
  "images": 1102,
  "ground_truth_objects": 402,
  "input_predictions": 3798,
  "detections": 3798,
  "invalid_predictions_dropped": 0,
  "fppi_threshold": 0.25,
  "false_positives_on_negatives": {
    "total_negative_images": 750,
    "total_false_positives": 57,
    "fppi": 0.076,
    "by_group": {
      "negative_in_domain": {
        "negative_images": 439,
        "false_positives": 45,
        "fppi": 0.10250569476082004
      },
      "negative_out_domain": {
        "negative_images": 311,
        "false_positives": 12,
        "fppi": 0.03858520900321544
      }
    }
  },
  "predictions_above_fppi_threshold_by_group": {
    "negative_in_domain": 45,
    "negative_out_domain": 12,
    "positive": 470
  },
  "relative_scale_metrics": {
    "tiny": {
      "mAP": 0.40043167632240956,
      "mAP50": 0.770644346067481,
      "mAP75": 0.4110814056233999,
      "mAP_small": null,
      "mAP_medium": 0.38433199495116516,
      "mAP_large": 0.7999999999999999,
      "AR1": 0.4470588235294118,
      "AR10": 0.5411764705882354,
      "AR100": 0.5470588235294118,
      "AR_small": null,
      "AR_medium": 0.53125,
      "AR_large": 0.8,
      "objects": 17,
      "positive_images": 14,
      "detections": 607
    },
    "small": {
      "mAP": 0.4495305638885173,
      "mAP50": 0.748008623703457,
      "mAP75": 0.503729248566093,
      "mAP_small": null,
      "mAP_medium": 0.3456704536838807,
      "mAP_large": 0.4923476579213686,
      "AR1": 0.3415584415584415,
      "AR10": 0.5467532467532468,
      "AR100": 0.5467532467532468,
      "AR_small": null,
      "AR_medium": 0.45500000000000007,
      "AR_large": 0.5789473684210527,
      "objects": 77,
      "positive_images": 51,
      "detections": 867
    },
    "medium": {
      "mAP": 0.5634598636540797,
      "mAP50": 0.83255086494956,
      "mAP75": 0.6325758816674126,
      "mAP_small": null,
      "mAP_medium": null,
      "mAP_large": 0.5637362827923796,
      "AR1": 0.6181818181818183,
      "AR10": 0.6747474747474748,
      "AR100": 0.6747474747474748,
      "AR_small": null,
      "AR_medium": null,
      "AR_large": 0.6747474747474748,
      "objects": 99,
      "positive_images": 94,
      "detections": 1394
    },
    "large": {
      "mAP": 0.7081753093575348,
      "mAP50": 0.9377971083627884,
      "mAP75": 0.8386044786979692,
      "mAP_small": null,
      "mAP_medium": null,
      "mAP_large": 0.7081753093575348,
      "AR1": 0.761244019138756,
      "AR10": 0.770334928229665,
      "AR100": 0.770334928229665,
      "AR_small": null,
      "AR_medium": null,
      "AR_large": 0.770334928229665,
      "objects": 209,
      "positive_images": 207,
      "detections": 930
    }
  },
  "image_level": {
    "positive_images": 352,
    "negative_images": 750,
    "auroc": 0.9933825757575757,
    "average_precision": 0.987209620628251,
    "fpr_at_target_tpr": {
      "threshold": 0.7716418504714966,
      "tp": 335,
      "fp": 18,
      "tn": 732,
      "fn": 17,
      "tpr": 0.9517045454545454,
      "fpr": 0.024,
      "by_negative_group": {
        "negative_in_domain": {
          "negative_images": 439,
          "false_positive_images": 17,
          "fpr": 0.0387243735763098
        },
        "negative_out_domain": {
          "negative_images": 311,
          "false_positive_images": 1,
          "fpr": 0.003215434083601286
        }
      },
      "target_tpr": 0.95
    },
    "recall_at_fpr": {
      "0.01": {
        "max_fpr": 0.01,
        "threshold": 0.9294906854629517,
        "recall": 0.9289772727272727,
        "fpr": 0.009333333333333334,
        "tp": 327,
        "fp": 7,
        "tn": 743,
        "fn": 25
      },
      "0.05": {
        "max_fpr": 0.05,
        "threshold": 0.4367559552192688,
        "recall": 0.9801136363636364,
        "fpr": 0.04666666666666667,
        "tp": 345,
        "fp": 35,
        "tn": 715,
        "fn": 7
      }
    },
    "fixed_threshold": {
      "threshold": 0.25,
      "tp": 345,
      "fp": 43,
      "tn": 707,
      "fn": 7,
      "tpr": 0.9801136363636364,
      "fpr": 0.05733333333333333,
      "by_negative_group": {
        "negative_in_domain": {
          "negative_images": 439,
          "false_positive_images": 37,
          "fpr": 0.08428246013667426
        },
        "negative_out_domain": {
          "negative_images": 311,
          "false_positive_images": 6,
          "fpr": 0.01929260450160772
        }
      }
    }
  }
}
