{
  "mAP": 0.6688872834889793,
  "mAP50": 0.9571170258795031,
  "mAP75": 0.7712424856853648,
  "mAP_small": null,
  "mAP_medium": 0.49984125384656203,
  "mAP_large": 0.6831394696982732,
  "AR1": 0.6402985074626866,
  "AR10": 0.7348258706467662,
  "AR100": 0.7360696517412936,
  "AR_small": null,
  "AR_medium": 0.6194444444444445,
  "AR_large": 0.7475409836065574,
  "mAP_tiny_rel": 0.42529467612408955,
  "mAP50_tiny_rel": 0.7562182902734381,
  "mAP75_tiny_rel": 0.44049156468441875,
  "AR100_tiny_rel": 0.5823529411764705,
  "mAP_small_rel": 0.46533889859998506,
  "mAP50_small_rel": 0.7625094343927742,
  "mAP75_small_rel": 0.48945414116639724,
  "AR100_small_rel": 0.5727272727272728,
  "mAP_medium_rel": 0.5568702878016513,
  "mAP50_medium_rel": 0.8227065763876487,
  "mAP75_medium_rel": 0.6416401512429902,
  "AR100_medium_rel": 0.6646464646464646,
  "mAP_large_rel": 0.7103229639632113,
  "mAP50_large_rel": 0.9331124944785972,
  "mAP75_large_rel": 0.8421256314150621,
  "AR100_large_rel": 0.7770334928229665,
  "mAP_tiny": 0.42529467612408955,
  "image_AUROC": 0.9933030303030304,
  "image_AP": 0.986793782807179,
  "FPR@95TPR": 0.025333333333333333,
  "threshold@95TPR": 0.7587701678276062,
  "TPR@95TPR": 0.9517045454545454,
  "Recall@FPR=1%": 0.9232954545454546,
  "Recall@FPR=5%": 0.9801136363636364,
  "in_domain_FPR@95TPR": 0.04100227790432802,
  "out_domain_FPR@95TPR": 0.003215434083601286,
  "in_domain_FPR@fixed": 0.07289293849658314,
  "out_domain_FPR@fixed": 0.02572347266881029,
  "split": "val",
  "images": 1102,
  "ground_truth_objects": 402,
  "input_predictions": 3318,
  "detections": 3318,
  "invalid_predictions_dropped": 0,
  "fppi_threshold": 0.25,
  "false_positives_on_negatives": {
    "total_negative_images": 750,
    "total_false_positives": 50,
    "fppi": 0.06666666666666667,
    "by_group": {
      "negative_in_domain": {
        "negative_images": 439,
        "false_positives": 38,
        "fppi": 0.08656036446469248
      },
      "negative_out_domain": {
        "negative_images": 311,
        "false_positives": 12,
        "fppi": 0.03858520900321544
      }
    }
  },
  "predictions_above_fppi_threshold_by_group": {
    "negative_in_domain": 38,
    "negative_out_domain": 12,
    "positive": 468
  },
  "relative_scale_metrics": {
    "tiny": {
      "mAP": 0.42529467612408955,
      "mAP50": 0.7562182902734381,
      "mAP75": 0.44049156468441875,
      "mAP_small": null,
      "mAP_medium": 0.40794632209240617,
      "mAP_large": 0.7999999999999999,
      "AR1": 0.4470588235294118,
      "AR10": 0.5823529411764705,
      "AR100": 0.5823529411764705,
      "AR_small": null,
      "AR_medium": 0.56875,
      "AR_large": 0.8,
      "objects": 17,
      "positive_images": 14,
      "detections": 459
    },
    "small": {
      "mAP": 0.46533889859998506,
      "mAP50": 0.7625094343927742,
      "mAP75": 0.48945414116639724,
      "mAP_small": null,
      "mAP_medium": 0.35998930592919154,
      "mAP_large": 0.5090025628190438,
      "AR1": 0.3545454545454545,
      "AR10": 0.5727272727272728,
      "AR100": 0.5727272727272728,
      "AR_small": null,
      "AR_medium": 0.48999999999999994,
      "AR_large": 0.6017543859649124,
      "objects": 77,
      "positive_images": 51,
      "detections": 751
    },
    "medium": {
      "mAP": 0.5568702878016513,
      "mAP50": 0.8227065763876487,
      "mAP75": 0.6416401512429902,
      "mAP_small": null,
      "mAP_medium": null,
      "mAP_large": 0.5571862703980834,
      "AR1": 0.6060606060606061,
      "AR10": 0.6646464646464646,
      "AR100": 0.6646464646464646,
      "AR_small": null,
      "AR_medium": null,
      "AR_large": 0.6646464646464646,
      "objects": 99,
      "positive_images": 94,
      "detections": 1280
    },
    "large": {
      "mAP": 0.7103229639632113,
      "mAP50": 0.9331124944785972,
      "mAP75": 0.8421256314150621,
      "mAP_small": null,
      "mAP_medium": null,
      "mAP_large": 0.7103229639632113,
      "AR1": 0.7669856459330144,
      "AR10": 0.7770334928229665,
      "AR100": 0.7770334928229665,
      "AR_small": null,
      "AR_medium": null,
      "AR_large": 0.7770334928229665,
      "objects": 209,
      "positive_images": 207,
      "detections": 828
    }
  },
  "image_level": {
    "positive_images": 352,
    "negative_images": 750,
    "auroc": 0.9933030303030304,
    "average_precision": 0.986793782807179,
    "fpr_at_target_tpr": {
      "threshold": 0.7587701678276062,
      "tp": 335,
      "fp": 19,
      "tn": 731,
      "fn": 17,
      "tpr": 0.9517045454545454,
      "fpr": 0.025333333333333333,
      "by_negative_group": {
        "negative_in_domain": {
          "negative_images": 439,
          "false_positive_images": 18,
          "fpr": 0.04100227790432802
        },
        "negative_out_domain": {
          "negative_images": 311,
          "false_positive_images": 1,
          "fpr": 0.003215434083601286
        }
      },
      "target_tpr": 0.95
    },
    "recall_at_fpr": {
      "0.01": {
        "max_fpr": 0.01,
        "threshold": 0.9432443976402283,
        "recall": 0.9232954545454546,
        "fpr": 0.009333333333333334,
        "tp": 325,
        "fp": 7,
        "tn": 743,
        "fn": 27
      },
      "0.05": {
        "max_fpr": 0.05,
        "threshold": 0.2927287518978119,
        "recall": 0.9801136363636364,
        "fpr": 0.04933333333333333,
        "tp": 345,
        "fp": 37,
        "tn": 713,
        "fn": 7
      }
    },
    "fixed_threshold": {
      "threshold": 0.25,
      "tp": 345,
      "fp": 40,
      "tn": 710,
      "fn": 7,
      "tpr": 0.9801136363636364,
      "fpr": 0.05333333333333334,
      "by_negative_group": {
        "negative_in_domain": {
          "negative_images": 439,
          "false_positive_images": 32,
          "fpr": 0.07289293849658314
        },
        "negative_out_domain": {
          "negative_images": 311,
          "false_positive_images": 8,
          "fpr": 0.02572347266881029
        }
      }
    }
  }
}
