{
  "mAP": 0.5955381533709143,
  "mAP50": 0.9500849226660447,
  "mAP75": 0.6935422672872114,
  "mAP_small": null,
  "mAP_medium": 0.3851299856046492,
  "mAP_large": 0.6127921703474399,
  "AR1": 0.5917910447761194,
  "AR10": 0.6768656716417911,
  "AR100": 0.6791044776119404,
  "AR_small": null,
  "AR_medium": 0.5305555555555556,
  "AR_large": 0.6937158469945354,
  "mAP_tiny_rel": 0.3080199229456486,
  "mAP50_tiny_rel": 0.6302736366449443,
  "mAP75_tiny_rel": 0.24739238629745328,
  "AR100_tiny_rel": 0.5529411764705883,
  "mAP_small_rel": 0.3886484886339589,
  "mAP50_small_rel": 0.7116222202215221,
  "mAP75_small_rel": 0.3766850291013004,
  "AR100_small_rel": 0.5246753246753246,
  "mAP_medium_rel": 0.49569189423814153,
  "mAP50_medium_rel": 0.8008615890844799,
  "mAP75_medium_rel": 0.5673904258109121,
  "AR100_medium_rel": 0.6181818181818183,
  "mAP_large_rel": 0.6260087364959332,
  "mAP50_large_rel": 0.9248326582303693,
  "mAP75_large_rel": 0.7849962867291842,
  "AR100_large_rel": 0.7205741626794258,
  "mAP_tiny": 0.3080199229456486,
  "image_AUROC": 0.9930871212121212,
  "image_AP": 0.9879921107552094,
  "FPR@95TPR": 0.02,
  "threshold@95TPR": 0.7628072500228882,
  "TPR@95TPR": 0.9517045454545454,
  "Recall@FPR=1%": 0.9204545454545454,
  "Recall@FPR=5%": 0.9801136363636364,
  "in_domain_FPR@95TPR": 0.029612756264236904,
  "out_domain_FPR@95TPR": 0.006430868167202572,
  "in_domain_FPR@fixed": 0.09111617312072894,
  "out_domain_FPR@fixed": 0.028938906752411574,
  "split": "val",
  "images": 1102,
  "ground_truth_objects": 402,
  "input_predictions": 7527,
  "detections": 7527,
  "invalid_predictions_dropped": 0,
  "fppi_threshold": 0.25,
  "false_positives_on_negatives": {
    "total_negative_images": 750,
    "total_false_positives": 70,
    "fppi": 0.09333333333333334,
    "by_group": {
      "negative_in_domain": {
        "negative_images": 439,
        "false_positives": 50,
        "fppi": 0.11389521640091116
      },
      "negative_out_domain": {
        "negative_images": 311,
        "false_positives": 20,
        "fppi": 0.06430868167202572
      }
    }
  },
  "predictions_above_fppi_threshold_by_group": {
    "negative_in_domain": 50,
    "negative_out_domain": 20,
    "positive": 496
  },
  "relative_scale_metrics": {
    "tiny": {
      "mAP": 0.3080199229456486,
      "mAP50": 0.6302736366449443,
      "mAP75": 0.24739238629745328,
      "mAP_small": null,
      "mAP_medium": 0.3241101704708266,
      "mAP_large": 0.8999999999999999,
      "AR1": 0.4,
      "AR10": 0.5529411764705883,
      "AR100": 0.5529411764705883,
      "AR_small": null,
      "AR_medium": 0.53125,
      "AR_large": 0.9,
      "objects": 17,
      "positive_images": 14,
      "detections": 1160
    },
    "small": {
      "mAP": 0.3886484886339589,
      "mAP50": 0.7116222202215221,
      "mAP75": 0.3766850291013004,
      "mAP_small": null,
      "mAP_medium": 0.2622120113388049,
      "mAP_large": 0.4341109581444809,
      "AR1": 0.3285714285714286,
      "AR10": 0.5233766233766233,
      "AR100": 0.5246753246753246,
      "AR_small": null,
      "AR_medium": 0.41999999999999993,
      "AR_large": 0.5614035087719298,
      "objects": 77,
      "positive_images": 51,
      "detections": 2284
    },
    "medium": {
      "mAP": 0.49569189423814153,
      "mAP50": 0.8008615890844799,
      "mAP75": 0.5673904258109121,
      "mAP_small": null,
      "mAP_medium": null,
      "mAP_large": 0.49622813149272554,
      "AR1": 0.5393939393939393,
      "AR10": 0.6181818181818183,
      "AR100": 0.6181818181818183,
      "AR_small": null,
      "AR_medium": null,
      "AR_large": 0.6181818181818183,
      "objects": 99,
      "positive_images": 94,
      "detections": 2790
    },
    "large": {
      "mAP": 0.6260087364959332,
      "mAP50": 0.9248326582303693,
      "mAP75": 0.7849962867291842,
      "mAP_small": null,
      "mAP_medium": null,
      "mAP_large": 0.6260087364959332,
      "AR1": 0.7129186602870814,
      "AR10": 0.7205741626794258,
      "AR100": 0.7205741626794258,
      "AR_small": null,
      "AR_medium": null,
      "AR_large": 0.7205741626794258,
      "objects": 209,
      "positive_images": 207,
      "detections": 1293
    }
  },
  "image_level": {
    "positive_images": 352,
    "negative_images": 750,
    "auroc": 0.9930871212121212,
    "average_precision": 0.9879921107552094,
    "fpr_at_target_tpr": {
      "threshold": 0.7628072500228882,
      "tp": 335,
      "fp": 15,
      "tn": 735,
      "fn": 17,
      "tpr": 0.9517045454545454,
      "fpr": 0.02,
      "by_negative_group": {
        "negative_in_domain": {
          "negative_images": 439,
          "false_positive_images": 13,
          "fpr": 0.029612756264236904
        },
        "negative_out_domain": {
          "negative_images": 311,
          "false_positive_images": 2,
          "fpr": 0.006430868167202572
        }
      },
      "target_tpr": 0.95
    },
    "recall_at_fpr": {
      "0.01": {
        "max_fpr": 0.01,
        "threshold": 0.8912543654441833,
        "recall": 0.9204545454545454,
        "fpr": 0.009333333333333334,
        "tp": 324,
        "fp": 7,
        "tn": 743,
        "fn": 28
      },
      "0.05": {
        "max_fpr": 0.05,
        "threshold": 0.4699854254722595,
        "recall": 0.9801136363636364,
        "fpr": 0.037333333333333336,
        "tp": 345,
        "fp": 28,
        "tn": 722,
        "fn": 7
      }
    },
    "fixed_threshold": {
      "threshold": 0.25,
      "tp": 347,
      "fp": 49,
      "tn": 701,
      "fn": 5,
      "tpr": 0.9857954545454546,
      "fpr": 0.06533333333333333,
      "by_negative_group": {
        "negative_in_domain": {
          "negative_images": 439,
          "false_positive_images": 40,
          "fpr": 0.09111617312072894
        },
        "negative_out_domain": {
          "negative_images": 311,
          "false_positive_images": 9,
          "fpr": 0.028938906752411574
        }
      }
    }
  }
}
