{
  "mAP": 0.671795961663598,
  "mAP50": 0.9570525485122143,
  "mAP75": 0.771388196085311,
  "mAP_small": null,
  "mAP_medium": 0.5072573074367891,
  "mAP_large": 0.6863277599967325,
  "AR1": 0.6442786069651741,
  "AR10": 0.7395522388059702,
  "AR100": 0.7400497512437811,
  "AR_small": null,
  "AR_medium": 0.6166666666666666,
  "AR_large": 0.7521857923497267,
  "mAP_tiny_rel": 0.4626368804290413,
  "mAP50_tiny_rel": 0.8243575715625086,
  "mAP75_tiny_rel": 0.48907278150175265,
  "AR100_tiny_rel": 0.5941176470588234,
  "mAP_small_rel": 0.47453399197332446,
  "mAP50_small_rel": 0.7625452930520099,
  "mAP75_small_rel": 0.4915445589418449,
  "AR100_small_rel": 0.577922077922078,
  "mAP_medium_rel": 0.5821725210055068,
  "mAP50_medium_rel": 0.8487732806132684,
  "mAP75_medium_rel": 0.6529466776066819,
  "AR100_medium_rel": 0.6696969696969697,
  "mAP_large_rel": 0.70963055610879,
  "mAP50_large_rel": 0.9380562733956969,
  "mAP75_large_rel": 0.8462371507750374,
  "AR100_large_rel": 0.7842105263157894,
  "mAP_tiny": 0.4626368804290413,
  "image_AUROC": 0.9937424242424242,
  "image_AP": 0.9877201860202042,
  "FPR@95TPR": 0.021333333333333333,
  "threshold@95TPR": 0.8148257732391357,
  "TPR@95TPR": 0.9517045454545454,
  "Recall@FPR=1%": 0.9176136363636364,
  "Recall@FPR=5%": 0.9772727272727273,
  "in_domain_FPR@95TPR": 0.03416856492027335,
  "out_domain_FPR@95TPR": 0.003215434083601286,
  "in_domain_FPR@fixed": 0.0774487471526196,
  "out_domain_FPR@fixed": 0.01929260450160772,
  "split": "val",
  "images": 1102,
  "ground_truth_objects": 402,
  "input_predictions": 3339,
  "detections": 3339,
  "invalid_predictions_dropped": 0,
  "fppi_threshold": 0.25,
  "false_positives_on_negatives": {
    "total_negative_images": 750,
    "total_false_positives": 49,
    "fppi": 0.06533333333333333,
    "by_group": {
      "negative_in_domain": {
        "negative_images": 439,
        "false_positives": 39,
        "fppi": 0.0888382687927107
      },
      "negative_out_domain": {
        "negative_images": 311,
        "false_positives": 10,
        "fppi": 0.03215434083601286
      }
    }
  },
  "predictions_above_fppi_threshold_by_group": {
    "negative_in_domain": 39,
    "negative_out_domain": 10,
    "positive": 470
  },
  "relative_scale_metrics": {
    "tiny": {
      "mAP": 0.4626368804290413,
      "mAP50": 0.8243575715625086,
      "mAP75": 0.48907278150175265,
      "mAP_small": null,
      "mAP_medium": 0.4482832174620176,
      "mAP_large": 0.7999999999999999,
      "AR1": 0.49411764705882355,
      "AR10": 0.5941176470588234,
      "AR100": 0.5941176470588234,
      "AR_small": null,
      "AR_medium": 0.58125,
      "AR_large": 0.8,
      "objects": 17,
      "positive_images": 14,
      "detections": 495
    },
    "small": {
      "mAP": 0.47453399197332446,
      "mAP50": 0.7625452930520099,
      "mAP75": 0.4915445589418449,
      "mAP_small": null,
      "mAP_medium": 0.35660943673573003,
      "mAP_large": 0.5197768583510394,
      "AR1": 0.35844155844155845,
      "AR10": 0.577922077922078,
      "AR100": 0.577922077922078,
      "AR_small": null,
      "AR_medium": 0.44499999999999995,
      "AR_large": 0.6245614035087719,
      "objects": 77,
      "positive_images": 51,
      "detections": 732
    },
    "medium": {
      "mAP": 0.5821725210055068,
      "mAP50": 0.8487732806132684,
      "mAP75": 0.6529466776066819,
      "mAP_small": null,
      "mAP_medium": null,
      "mAP_large": 0.5823334158358492,
      "AR1": 0.6161616161616161,
      "AR10": 0.6696969696969697,
      "AR100": 0.6696969696969697,
      "AR_small": null,
      "AR_medium": null,
      "AR_large": 0.6696969696969697,
      "objects": 99,
      "positive_images": 94,
      "detections": 1270
    },
    "large": {
      "mAP": 0.70963055610879,
      "mAP50": 0.9380562733956969,
      "mAP75": 0.8462371507750374,
      "mAP_small": null,
      "mAP_medium": null,
      "mAP_large": 0.70963055610879,
      "AR1": 0.7727272727272727,
      "AR10": 0.7842105263157894,
      "AR100": 0.7842105263157894,
      "AR_small": null,
      "AR_medium": null,
      "AR_large": 0.7842105263157894,
      "objects": 209,
      "positive_images": 207,
      "detections": 842
    }
  },
  "image_level": {
    "positive_images": 352,
    "negative_images": 750,
    "auroc": 0.9937424242424242,
    "average_precision": 0.9877201860202042,
    "fpr_at_target_tpr": {
      "threshold": 0.8148257732391357,
      "tp": 335,
      "fp": 16,
      "tn": 734,
      "fn": 17,
      "tpr": 0.9517045454545454,
      "fpr": 0.021333333333333333,
      "by_negative_group": {
        "negative_in_domain": {
          "negative_images": 439,
          "false_positive_images": 15,
          "fpr": 0.03416856492027335
        },
        "negative_out_domain": {
          "negative_images": 311,
          "false_positive_images": 1,
          "fpr": 0.003215434083601286
        }
      },
      "target_tpr": 0.95
    },
    "recall_at_fpr": {
      "0.01": {
        "max_fpr": 0.01,
        "threshold": 0.9596171975135803,
        "recall": 0.9176136363636364,
        "fpr": 0.006666666666666667,
        "tp": 323,
        "fp": 5,
        "tn": 745,
        "fn": 29
      },
      "0.05": {
        "max_fpr": 0.05,
        "threshold": 0.3594345450401306,
        "recall": 0.9772727272727273,
        "fpr": 0.04133333333333333,
        "tp": 344,
        "fp": 31,
        "tn": 719,
        "fn": 8
      }
    },
    "fixed_threshold": {
      "threshold": 0.25,
      "tp": 344,
      "fp": 40,
      "tn": 710,
      "fn": 8,
      "tpr": 0.9772727272727273,
      "fpr": 0.05333333333333334,
      "by_negative_group": {
        "negative_in_domain": {
          "negative_images": 439,
          "false_positive_images": 34,
          "fpr": 0.0774487471526196
        },
        "negative_out_domain": {
          "negative_images": 311,
          "false_positive_images": 6,
          "fpr": 0.01929260450160772
        }
      }
    }
  }
}
