{
  "mAP": 0.5682151037931763,
  "mAP50": 0.9070568167090579,
  "mAP75": 0.632325666573628,
  "mAP_small": null,
  "mAP_medium": 0.4524242279276155,
  "mAP_large": 0.5805958134194541,
  "AR1": 0.5813432835820895,
  "AR10": 0.668905472636816,
  "AR100": 0.6708955223880598,
  "AR_small": null,
  "AR_medium": 0.5944444444444443,
  "AR_large": 0.678415300546448,
  "mAP_tiny_rel": 0.30117285451524456,
  "mAP50_tiny_rel": 0.5749873264823321,
  "mAP75_tiny_rel": 0.28401299818898745,
  "AR100_tiny_rel": 0.5176470588235293,
  "mAP_small_rel": 0.4114157602221175,
  "mAP50_small_rel": 0.6729867125846045,
  "mAP75_small_rel": 0.42289834524522846,
  "AR100_small_rel": 0.5766233766233766,
  "mAP_medium_rel": 0.4315963167025416,
  "mAP50_medium_rel": 0.7026071923114644,
  "mAP75_medium_rel": 0.47092527601245554,
  "AR100_medium_rel": 0.606060606060606,
  "mAP_large_rel": 0.59735696691909,
  "mAP50_large_rel": 0.8977111588738815,
  "mAP75_large_rel": 0.6995396752127623,
  "AR100_large_rel": 0.6880382775119618,
  "mAP_tiny": 0.30117285451524456,
  "image_AUROC": 0.9704962121212122,
  "image_AP": 0.9504812073616721,
  "FPR@95TPR": 0.17333333333333334,
  "threshold@95TPR": 0.7624565958976746,
  "TPR@95TPR": 0.9517045454545454,
  "Recall@FPR=1%": 0.7130681818181818,
  "Recall@FPR=5%": 0.8806818181818182,
  "in_domain_FPR@95TPR": 0.2072892938496583,
  "out_domain_FPR@95TPR": 0.12540192926045016,
  "in_domain_FPR@fixed": 0.6195899772209568,
  "out_domain_FPR@fixed": 0.5434083601286174,
  "split": "val",
  "images": 1102,
  "ground_truth_objects": 402,
  "input_predictions": 34986,
  "detections": 34986,
  "invalid_predictions_dropped": 0,
  "fppi_threshold": 0.25,
  "false_positives_on_negatives": {
    "total_negative_images": 750,
    "total_false_positives": 864,
    "fppi": 1.152,
    "by_group": {
      "negative_in_domain": {
        "negative_images": 439,
        "false_positives": 541,
        "fppi": 1.2323462414578588
      },
      "negative_out_domain": {
        "negative_images": 311,
        "false_positives": 323,
        "fppi": 1.0385852090032155
      }
    }
  },
  "predictions_above_fppi_threshold_by_group": {
    "negative_in_domain": 541,
    "negative_out_domain": 323,
    "positive": 716
  },
  "relative_scale_metrics": {
    "tiny": {
      "mAP": 0.30117285451524456,
      "mAP50": 0.5749873264823321,
      "mAP75": 0.28401299818898745,
      "mAP_small": null,
      "mAP_medium": 0.2928286796180785,
      "mAP_large": 0.8999999999999999,
      "AR1": 0.37058823529411766,
      "AR10": 0.5176470588235293,
      "AR100": 0.5176470588235293,
      "AR_small": null,
      "AR_medium": 0.49375,
      "AR_large": 0.9,
      "objects": 17,
      "positive_images": 14,
      "detections": 14969
    },
    "small": {
      "mAP": 0.4114157602221175,
      "mAP50": 0.6729867125846045,
      "mAP75": 0.42289834524522846,
      "mAP_small": null,
      "mAP_medium": 0.4100749717518541,
      "mAP_large": 0.4243058044165084,
      "AR1": 0.39999999999999997,
      "AR10": 0.5701298701298702,
      "AR100": 0.5766233766233766,
      "AR_small": null,
      "AR_medium": 0.5599999999999999,
      "AR_large": 0.5824561403508771,
      "objects": 77,
      "positive_images": 51,
      "detections": 9661
    },
    "medium": {
      "mAP": 0.4315963167025416,
      "mAP50": 0.7026071923114644,
      "mAP75": 0.47092527601245554,
      "mAP_small": null,
      "mAP_medium": null,
      "mAP_large": 0.43196026054066694,
      "AR1": 0.5515151515151515,
      "AR10": 0.606060606060606,
      "AR100": 0.606060606060606,
      "AR_small": null,
      "AR_medium": null,
      "AR_large": 0.606060606060606,
      "objects": 99,
      "positive_images": 94,
      "detections": 6935
    },
    "large": {
      "mAP": 0.59735696691909,
      "mAP50": 0.8977111588738815,
      "mAP75": 0.6995396752127623,
      "mAP_small": null,
      "mAP_medium": null,
      "mAP_large": 0.5973576244159655,
      "AR1": 0.6784688995215311,
      "AR10": 0.6880382775119618,
      "AR100": 0.6880382775119618,
      "AR_small": null,
      "AR_medium": null,
      "AR_large": 0.6880382775119618,
      "objects": 209,
      "positive_images": 207,
      "detections": 3421
    }
  },
  "image_level": {
    "positive_images": 352,
    "negative_images": 750,
    "auroc": 0.9704962121212122,
    "average_precision": 0.9504812073616721,
    "fpr_at_target_tpr": {
      "threshold": 0.7624565958976746,
      "tp": 335,
      "fp": 130,
      "tn": 620,
      "fn": 17,
      "tpr": 0.9517045454545454,
      "fpr": 0.17333333333333334,
      "by_negative_group": {
        "negative_in_domain": {
          "negative_images": 439,
          "false_positive_images": 91,
          "fpr": 0.2072892938496583
        },
        "negative_out_domain": {
          "negative_images": 311,
          "false_positive_images": 39,
          "fpr": 0.12540192926045016
        }
      },
      "target_tpr": 0.95
    },
    "recall_at_fpr": {
      "0.01": {
        "max_fpr": 0.01,
        "threshold": 0.9773545861244202,
        "recall": 0.7130681818181818,
        "fpr": 0.009333333333333334,
        "tp": 251,
        "fp": 7,
        "tn": 743,
        "fn": 101
      },
      "0.05": {
        "max_fpr": 0.05,
        "threshold": 0.9231565594673157,
        "recall": 0.8806818181818182,
        "fpr": 0.04666666666666667,
        "tp": 310,
        "fp": 35,
        "tn": 715,
        "fn": 42
      }
    },
    "fixed_threshold": {
      "threshold": 0.25,
      "tp": 349,
      "fp": 441,
      "tn": 309,
      "fn": 3,
      "tpr": 0.9914772727272727,
      "fpr": 0.588,
      "by_negative_group": {
        "negative_in_domain": {
          "negative_images": 439,
          "false_positive_images": 272,
          "fpr": 0.6195899772209568
        },
        "negative_out_domain": {
          "negative_images": 311,
          "false_positive_images": 169,
          "fpr": 0.5434083601286174
        }
      }
    }
  }
}
