{
  "mAP": 0.5502729745057655,
  "mAP50": 0.9113288867812068,
  "mAP75": 0.5811364988043596,
  "mAP_small": null,
  "mAP_medium": 0.3153314579691647,
  "mAP_large": 0.5707948363166218,
  "AR1": 0.5572139303482588,
  "AR10": 0.6350746268656717,
  "AR100": 0.6380597014925373,
  "AR_small": null,
  "AR_medium": 0.4916666666666667,
  "AR_large": 0.6524590163934425,
  "mAP_tiny_rel": 0.1974067092056167,
  "mAP50_tiny_rel": 0.39593666668908367,
  "mAP75_tiny_rel": 0.1987642373259882,
  "AR100_tiny_rel": 0.4294117647058823,
  "mAP_small_rel": 0.3385739559966372,
  "mAP50_small_rel": 0.6607705772730795,
  "mAP75_small_rel": 0.3218961080186813,
  "AR100_small_rel": 0.4805194805194806,
  "mAP_medium_rel": 0.39563810222745843,
  "mAP50_medium_rel": 0.6724828053920945,
  "mAP75_medium_rel": 0.38533867053559345,
  "AR100_medium_rel": 0.5929292929292929,
  "mAP_large_rel": 0.5904452359487181,
  "mAP50_large_rel": 0.9102800644236851,
  "mAP75_large_rel": 0.6795302056709633,
  "AR100_large_rel": 0.6607655502392344,
  "mAP_tiny": 0.1974067092056167,
  "image_AUROC": 0.9857992424242424,
  "image_AP": 0.9731312923821744,
  "FPR@95TPR": 0.064,
  "threshold@95TPR": 0.4361051917076111,
  "TPR@95TPR": 0.9517045454545454,
  "Recall@FPR=1%": 0.8664772727272727,
  "Recall@FPR=5%": 0.9403409090909091,
  "in_domain_FPR@95TPR": 0.0888382687927107,
  "out_domain_FPR@95TPR": 0.028938906752411574,
  "in_domain_FPR@fixed": 0.12984054669703873,
  "out_domain_FPR@fixed": 0.06109324758842444,
  "split": "val",
  "images": 1102,
  "ground_truth_objects": 402,
  "input_predictions": 12534,
  "detections": 12534,
  "invalid_predictions_dropped": 0,
  "fppi_threshold": 0.25,
  "false_positives_on_negatives": {
    "total_negative_images": 750,
    "total_false_positives": 89,
    "fppi": 0.11866666666666667,
    "by_group": {
      "negative_in_domain": {
        "negative_images": 439,
        "false_positives": 67,
        "fppi": 0.15261958997722094
      },
      "negative_out_domain": {
        "negative_images": 311,
        "false_positives": 22,
        "fppi": 0.0707395498392283
      }
    }
  },
  "predictions_above_fppi_threshold_by_group": {
    "negative_in_domain": 67,
    "negative_out_domain": 22,
    "positive": 481
  },
  "relative_scale_metrics": {
    "tiny": {
      "mAP": 0.1974067092056167,
      "mAP50": 0.39593666668908367,
      "mAP75": 0.1987642373259882,
      "mAP_small": null,
      "mAP_medium": 0.24507266101105452,
      "mAP_large": 0.0021582733812949635,
      "AR1": 0.3058823529411765,
      "AR10": 0.4,
      "AR100": 0.4294117647058823,
      "AR_small": null,
      "AR_medium": 0.4375,
      "AR_large": 0.3,
      "objects": 17,
      "positive_images": 14,
      "detections": 2939
    },
    "small": {
      "mAP": 0.3385739559966372,
      "mAP50": 0.6607705772730795,
      "mAP75": 0.3218961080186813,
      "mAP_small": null,
      "mAP_medium": 0.2634282138340507,
      "mAP_large": 0.3731020594864877,
      "AR1": 0.29870129870129875,
      "AR10": 0.47662337662337667,
      "AR100": 0.4805194805194806,
      "AR_small": null,
      "AR_medium": 0.4,
      "AR_large": 0.5087719298245614,
      "objects": 77,
      "positive_images": 51,
      "detections": 5191
    },
    "medium": {
      "mAP": 0.39563810222745843,
      "mAP50": 0.6724828053920945,
      "mAP75": 0.38533867053559345,
      "mAP_small": null,
      "mAP_medium": null,
      "mAP_large": 0.39609473749709534,
      "AR1": 0.5424242424242423,
      "AR10": 0.5909090909090909,
      "AR100": 0.5929292929292929,
      "AR_small": null,
      "AR_medium": null,
      "AR_large": 0.5929292929292929,
      "objects": 99,
      "positive_images": 94,
      "detections": 3235
    },
    "large": {
      "mAP": 0.5904452359487181,
      "mAP50": 0.9102800644236851,
      "mAP75": 0.6795302056709633,
      "mAP_small": null,
      "mAP_medium": null,
      "mAP_large": 0.5904452359487181,
      "AR1": 0.6526315789473685,
      "AR10": 0.6607655502392344,
      "AR100": 0.6607655502392344,
      "AR_small": null,
      "AR_medium": null,
      "AR_large": 0.6607655502392344,
      "objects": 209,
      "positive_images": 207,
      "detections": 1169
    }
  },
  "image_level": {
    "positive_images": 352,
    "negative_images": 750,
    "auroc": 0.9857992424242424,
    "average_precision": 0.9731312923821744,
    "fpr_at_target_tpr": {
      "threshold": 0.4361051917076111,
      "tp": 335,
      "fp": 48,
      "tn": 702,
      "fn": 17,
      "tpr": 0.9517045454545454,
      "fpr": 0.064,
      "by_negative_group": {
        "negative_in_domain": {
          "negative_images": 439,
          "false_positive_images": 39,
          "fpr": 0.0888382687927107
        },
        "negative_out_domain": {
          "negative_images": 311,
          "false_positive_images": 9,
          "fpr": 0.028938906752411574
        }
      },
      "target_tpr": 0.95
    },
    "recall_at_fpr": {
      "0.01": {
        "max_fpr": 0.01,
        "threshold": 0.8534326553344727,
        "recall": 0.8664772727272727,
        "fpr": 0.009333333333333334,
        "tp": 305,
        "fp": 7,
        "tn": 743,
        "fn": 47
      },
      "0.05": {
        "max_fpr": 0.05,
        "threshold": 0.5351154804229736,
        "recall": 0.9403409090909091,
        "fpr": 0.04933333333333333,
        "tp": 331,
        "fp": 37,
        "tn": 713,
        "fn": 21
      }
    },
    "fixed_threshold": {
      "threshold": 0.25,
      "tp": 339,
      "fp": 76,
      "tn": 674,
      "fn": 13,
      "tpr": 0.9630681818181818,
      "fpr": 0.10133333333333333,
      "by_negative_group": {
        "negative_in_domain": {
          "negative_images": 439,
          "false_positive_images": 57,
          "fpr": 0.12984054669703873
        },
        "negative_out_domain": {
          "negative_images": 311,
          "false_positive_images": 19,
          "fpr": 0.06109324758842444
        }
      }
    }
  }
}
