{
  "mAP": 0.5391012952760116,
  "mAP50": 0.8798375497753703,
  "mAP75": 0.6001597228019974,
  "mAP_small": null,
  "mAP_medium": 0.13380091124151283,
  "mAP_large": 0.5712434349198465,
  "AR1": 0.5562189054726369,
  "AR10": 0.6405472636815921,
  "AR100": 0.6430348258706468,
  "AR_small": null,
  "AR_medium": 0.45,
  "AR_large": 0.6620218579234972,
  "mAP_tiny_rel": 0.11216090200906431,
  "mAP50_tiny_rel": 0.30324135551647663,
  "mAP75_tiny_rel": 0.09156496196732132,
  "AR100_tiny_rel": 0.3882352941176471,
  "mAP_small_rel": 0.2605395684303915,
  "mAP50_small_rel": 0.543417107215064,
  "mAP75_small_rel": 0.14345894221643268,
  "AR100_small_rel": 0.4662337662337663,
  "mAP_medium_rel": 0.4732870115780797,
  "mAP50_medium_rel": 0.7600072344140386,
  "mAP75_medium_rel": 0.5202329657678015,
  "AR100_medium_rel": 0.5838383838383838,
  "mAP_large_rel": 0.6099919976949848,
  "mAP50_large_rel": 0.9317080006713108,
  "mAP75_large_rel": 0.7331785050307124,
  "AR100_large_rel": 0.7057416267942584,
  "mAP_tiny": 0.11216090200906431,
  "image_AUROC": 0.9829280303030303,
  "image_AP": 0.9681648487599607,
  "FPR@95TPR": 0.1,
  "threshold@95TPR": 0.13826219737529755,
  "TPR@95TPR": 0.9517045454545454,
  "Recall@FPR=1%": 0.7784090909090909,
  "Recall@FPR=5%": 0.9090909090909091,
  "in_domain_FPR@95TPR": 0.1252847380410023,
  "out_domain_FPR@95TPR": 0.06430868167202572,
  "in_domain_FPR@fixed": 0.07972665148063782,
  "out_domain_FPR@fixed": 0.03858520900321544,
  "split": "val",
  "images": 1102,
  "ground_truth_objects": 402,
  "input_predictions": 11139,
  "detections": 11139,
  "invalid_predictions_dropped": 0,
  "fppi_threshold": 0.25,
  "false_positives_on_negatives": {
    "total_negative_images": 750,
    "total_false_positives": 64,
    "fppi": 0.08533333333333333,
    "by_group": {
      "negative_in_domain": {
        "negative_images": 439,
        "false_positives": 44,
        "fppi": 0.10022779043280182
      },
      "negative_out_domain": {
        "negative_images": 311,
        "false_positives": 20,
        "fppi": 0.06430868167202572
      }
    }
  },
  "predictions_above_fppi_threshold_by_group": {
    "negative_in_domain": 44,
    "negative_out_domain": 20,
    "positive": 439
  },
  "relative_scale_metrics": {
    "tiny": {
      "mAP": 0.11216090200906431,
      "mAP50": 0.30324135551647663,
      "mAP75": 0.09156496196732132,
      "mAP_small": null,
      "mAP_medium": 0.12007691090193678,
      "mAP_large": 0.2333333333333333,
      "AR1": 0.24117647058823533,
      "AR10": 0.3882352941176471,
      "AR100": 0.3882352941176471,
      "AR_small": null,
      "AR_medium": 0.36875,
      "AR_large": 0.7,
      "objects": 17,
      "positive_images": 14,
      "detections": 1619
    },
    "small": {
      "mAP": 0.2605395684303915,
      "mAP50": 0.543417107215064,
      "mAP75": 0.14345894221643268,
      "mAP_small": null,
      "mAP_medium": 0.12443061370740177,
      "mAP_large": 0.31771811630226077,
      "AR1": 0.2506493506493507,
      "AR10": 0.461038961038961,
      "AR100": 0.4662337662337663,
      "AR_small": null,
      "AR_medium": 0.365,
      "AR_large": 0.5017543859649123,
      "objects": 77,
      "positive_images": 51,
      "detections": 4897
    },
    "medium": {
      "mAP": 0.4732870115780797,
      "mAP50": 0.7600072344140386,
      "mAP75": 0.5202329657678015,
      "mAP_small": null,
      "mAP_medium": null,
      "mAP_large": 0.4741652748760857,
      "AR1": 0.5272727272727273,
      "AR10": 0.5838383838383838,
      "AR100": 0.5838383838383838,
      "AR_small": null,
      "AR_medium": null,
      "AR_large": 0.5838383838383838,
      "objects": 99,
      "positive_images": 94,
      "detections": 2910
    },
    "large": {
      "mAP": 0.6099919976949848,
      "mAP50": 0.9317080006713108,
      "mAP75": 0.7331785050307124,
      "mAP_small": null,
      "mAP_medium": null,
      "mAP_large": 0.6099921674322178,
      "AR1": 0.6976076555023923,
      "AR10": 0.7057416267942584,
      "AR100": 0.7057416267942584,
      "AR_small": null,
      "AR_medium": null,
      "AR_large": 0.7057416267942584,
      "objects": 209,
      "positive_images": 207,
      "detections": 1713
    }
  },
  "image_level": {
    "positive_images": 352,
    "negative_images": 750,
    "auroc": 0.9829280303030303,
    "average_precision": 0.9681648487599607,
    "fpr_at_target_tpr": {
      "threshold": 0.13826219737529755,
      "tp": 335,
      "fp": 75,
      "tn": 675,
      "fn": 17,
      "tpr": 0.9517045454545454,
      "fpr": 0.1,
      "by_negative_group": {
        "negative_in_domain": {
          "negative_images": 439,
          "false_positive_images": 55,
          "fpr": 0.1252847380410023
        },
        "negative_out_domain": {
          "negative_images": 311,
          "false_positive_images": 20,
          "fpr": 0.06430868167202572
        }
      },
      "target_tpr": 0.95
    },
    "recall_at_fpr": {
      "0.01": {
        "max_fpr": 0.01,
        "threshold": 0.8842347860336304,
        "recall": 0.7784090909090909,
        "fpr": 0.009333333333333334,
        "tp": 274,
        "fp": 7,
        "tn": 743,
        "fn": 78
      },
      "0.05": {
        "max_fpr": 0.05,
        "threshold": 0.4230491816997528,
        "recall": 0.9090909090909091,
        "fpr": 0.04933333333333333,
        "tp": 320,
        "fp": 37,
        "tn": 713,
        "fn": 32
      }
    },
    "fixed_threshold": {
      "threshold": 0.25,
      "tp": 328,
      "fp": 47,
      "tn": 703,
      "fn": 24,
      "tpr": 0.9318181818181818,
      "fpr": 0.06266666666666666,
      "by_negative_group": {
        "negative_in_domain": {
          "negative_images": 439,
          "false_positive_images": 35,
          "fpr": 0.07972665148063782
        },
        "negative_out_domain": {
          "negative_images": 311,
          "false_positive_images": 12,
          "fpr": 0.03858520900321544
        }
      }
    }
  }
}
