{
  "mAP": 0.6910432488040169,
  "mAP50": 0.9241082033310348,
  "mAP75": 0.7612106963032655,
  "mAP_small": null,
  "mAP_medium": 0.4458220216507564,
  "mAP_large": 0.7155268666005943,
  "AR1": 0.677363184079602,
  "AR10": 0.7497512437810945,
  "AR100": 0.7497512437810945,
  "AR_small": null,
  "AR_medium": 0.48611111111111105,
  "AR_large": 0.7756830601092896,
  "mAP_tiny_rel": 0.3194385741095118,
  "mAP50_tiny_rel": 0.5761941740392527,
  "mAP75_tiny_rel": 0.35124386388218654,
  "AR100_tiny_rel": 0.4705882352941176,
  "mAP_small_rel": 0.48029062224613756,
  "mAP50_small_rel": 0.7830070938035458,
  "mAP75_small_rel": 0.5230357834476952,
  "AR100_small_rel": 0.5649350649350648,
  "mAP_medium_rel": 0.6207215819159273,
  "mAP50_medium_rel": 0.8328676107871962,
  "mAP75_medium_rel": 0.6686781728995518,
  "AR100_medium_rel": 0.696969696969697,
  "mAP_large_rel": 0.7593007700400726,
  "mAP50_large_rel": 0.9289936581379264,
  "mAP75_large_rel": 0.847274261338589,
  "AR100_large_rel": 0.8177033492822966,
  "mAP_tiny": 0.3194385741095118,
  "image_AUROC": 0.9803920454545455,
  "image_AP": 0.9636915240854115,
  "FPR@95TPR": 0.013333333333333334,
  "threshold@95TPR": 0.016538288444280624,
  "TPR@95TPR": 0.9517045454545454,
  "Recall@FPR=1%": 0.9204545454545454,
  "Recall@FPR=5%": 0.96875,
  "in_domain_FPR@95TPR": 0.02050113895216401,
  "out_domain_FPR@95TPR": 0.003215434083601286,
  "in_domain_FPR@fixed": 0.01366742596810934,
  "out_domain_FPR@fixed": 0.0,
  "split": "val",
  "images": 1102,
  "ground_truth_objects": 402,
  "input_predictions": 658,
  "detections": 658,
  "invalid_predictions_dropped": 0,
  "fppi_threshold": 0.25,
  "false_positives_on_negatives": {
    "total_negative_images": 750,
    "total_false_positives": 7,
    "fppi": 0.009333333333333334,
    "by_group": {
      "negative_in_domain": {
        "negative_images": 439,
        "false_positives": 7,
        "fppi": 0.015945330296127564
      },
      "negative_out_domain": {
        "negative_images": 311,
        "false_positives": 0,
        "fppi": 0.0
      }
    }
  },
  "predictions_above_fppi_threshold_by_group": {
    "negative_in_domain": 7,
    "positive": 377
  },
  "relative_scale_metrics": {
    "tiny": {
      "mAP": 0.3194385741095118,
      "mAP50": 0.5761941740392527,
      "mAP75": 0.35124386388218654,
      "mAP_small": null,
      "mAP_medium": 0.30285484317662537,
      "mAP_large": 0.6999999999999998,
      "AR1": 0.2941176470588235,
      "AR10": 0.4705882352941176,
      "AR100": 0.4705882352941176,
      "AR_small": null,
      "AR_medium": 0.45625,
      "AR_large": 0.7,
      "objects": 17,
      "positive_images": 14,
      "detections": 142
    },
    "small": {
      "mAP": 0.48029062224613756,
      "mAP50": 0.7830070938035458,
      "mAP75": 0.5230357834476952,
      "mAP_small": null,
      "mAP_medium": 0.2866793201059236,
      "mAP_large": 0.5587221126976216,
      "AR1": 0.39350649350649347,
      "AR10": 0.5649350649350648,
      "AR100": 0.5649350649350648,
      "AR_small": null,
      "AR_medium": 0.315,
      "AR_large": 0.6526315789473683,
      "objects": 77,
      "positive_images": 51,
      "detections": 147
    },
    "medium": {
      "mAP": 0.6207215819159273,
      "mAP50": 0.8328676107871962,
      "mAP75": 0.6686781728995518,
      "mAP_small": null,
      "mAP_medium": null,
      "mAP_large": 0.620870328674498,
      "AR1": 0.6565656565656566,
      "AR10": 0.696969696969697,
      "AR100": 0.696969696969697,
      "AR_small": null,
      "AR_medium": null,
      "AR_large": 0.696969696969697,
      "objects": 99,
      "positive_images": 94,
      "detections": 131
    },
    "large": {
      "mAP": 0.7593007700400726,
      "mAP50": 0.9289936581379264,
      "mAP75": 0.847274261338589,
      "mAP_small": null,
      "mAP_medium": null,
      "mAP_large": 0.7593007700400726,
      "AR1": 0.8086124401913877,
      "AR10": 0.8177033492822966,
      "AR100": 0.8177033492822966,
      "AR_small": null,
      "AR_medium": null,
      "AR_large": 0.8177033492822966,
      "objects": 209,
      "positive_images": 207,
      "detections": 238
    }
  },
  "image_level": {
    "positive_images": 352,
    "negative_images": 750,
    "auroc": 0.9803920454545455,
    "average_precision": 0.9636915240854115,
    "fpr_at_target_tpr": {
      "threshold": 0.016538288444280624,
      "tp": 335,
      "fp": 10,
      "tn": 740,
      "fn": 17,
      "tpr": 0.9517045454545454,
      "fpr": 0.013333333333333334,
      "by_negative_group": {
        "negative_in_domain": {
          "negative_images": 439,
          "false_positive_images": 9,
          "fpr": 0.02050113895216401
        },
        "negative_out_domain": {
          "negative_images": 311,
          "false_positive_images": 1,
          "fpr": 0.003215434083601286
        }
      },
      "target_tpr": 0.95
    },
    "recall_at_fpr": {
      "0.01": {
        "max_fpr": 0.01,
        "threshold": 0.19263960421085358,
        "recall": 0.9204545454545454,
        "fpr": 0.009333333333333334,
        "tp": 324,
        "fp": 7,
        "tn": 743,
        "fn": 28
      },
      "0.05": {
        "max_fpr": 0.05,
        "threshold": 0.00140678440220654,
        "recall": 0.96875,
        "fpr": 0.030666666666666665,
        "tp": 341,
        "fp": 23,
        "tn": 727,
        "fn": 11
      }
    },
    "fixed_threshold": {
      "threshold": 0.25,
      "tp": 322,
      "fp": 6,
      "tn": 744,
      "fn": 30,
      "tpr": 0.9147727272727273,
      "fpr": 0.008,
      "by_negative_group": {
        "negative_in_domain": {
          "negative_images": 439,
          "false_positive_images": 6,
          "fpr": 0.01366742596810934
        },
        "negative_out_domain": {
          "negative_images": 311,
          "false_positive_images": 0,
          "fpr": 0.0
        }
      }
    }
  }
}
