{
  "mAP": 0.74277879169745,
  "mAP50": 0.9546720634026493,
  "mAP75": 0.8279104401782961,
  "mAP_small": 0.0,
  "mAP_medium": 0.5364991660556154,
  "mAP_large": 0.7617280369787917,
  "AR1": 0.7037783375314861,
  "AR10": 0.7848866498740554,
  "AR100": 0.7848866498740554,
  "AR_small": 0.0,
  "AR_medium": 0.6088235294117647,
  "AR_large": 0.8035911602209944,
  "mAP_tiny_rel": 0.33126171270973254,
  "mAP50_tiny_rel": 0.5253799418403379,
  "mAP75_tiny_rel": 0.40594059405940597,
  "AR100_tiny_rel": 0.36666666666666664,
  "mAP_small_rel": 0.5626191034683755,
  "mAP50_small_rel": 0.8739626680079347,
  "mAP75_small_rel": 0.6776041617816286,
  "AR100_small_rel": 0.62,
  "mAP_medium_rel": 0.6979765801513267,
  "mAP50_medium_rel": 0.8901172596300011,
  "mAP75_medium_rel": 0.79800202390134,
  "AR100_medium_rel": 0.7457943925233645,
  "mAP_large_rel": 0.8094353134067277,
  "mAP50_large_rel": 0.967166404244376,
  "mAP75_large_rel": 0.9025282008659666,
  "AR100_large_rel": 0.8565853658536586,
  "mAP_tiny": 0.33126171270973254,
  "image_AUROC": 0.9840645773979108,
  "image_AP": 0.9781577330580078,
  "FPR@95TPR": 0.016,
  "threshold@95TPR": 0.039087772369384766,
  "TPR@95TPR": 0.9515669515669516,
  "Recall@FPR=1%": 0.9287749287749287,
  "Recall@FPR=5%": 0.9715099715099715,
  "in_domain_FPR@95TPR": 0.025056947608200455,
  "out_domain_FPR@95TPR": 0.003215434083601286,
  "in_domain_FPR@fixed": 0.011389521640091117,
  "out_domain_FPR@fixed": 0.0,
  "split": "test",
  "images": 1101,
  "ground_truth_objects": 397,
  "input_predictions": 529,
  "detections": 529,
  "invalid_predictions_dropped": 0,
  "fppi_threshold": 0.25,
  "false_positives_on_negatives": {
    "total_negative_images": 750,
    "total_false_positives": 5,
    "fppi": 0.006666666666666667,
    "by_group": {
      "negative_in_domain": {
        "negative_images": 439,
        "false_positives": 5,
        "fppi": 0.011389521640091117
      },
      "negative_out_domain": {
        "negative_images": 311,
        "false_positives": 0,
        "fppi": 0.0
      }
    }
  },
  "predictions_above_fppi_threshold_by_group": {
    "negative_in_domain": 5,
    "positive": 369
  },
  "relative_scale_metrics": {
    "tiny": {
      "mAP": 0.33126171270973254,
      "mAP50": 0.5253799418403379,
      "mAP75": 0.40594059405940597,
      "mAP_small": 0.0,
      "mAP_medium": 0.3806624238307406,
      "mAP_large": 0.0,
      "AR1": 0.28,
      "AR10": 0.36666666666666664,
      "AR100": 0.36666666666666664,
      "AR_small": 0.0,
      "AR_medium": 0.4230769230769231,
      "AR_large": 0.0,
      "objects": 15,
      "positive_images": 14,
      "detections": 50
    },
    "small": {
      "mAP": 0.5626191034683755,
      "mAP50": 0.8739626680079347,
      "mAP75": 0.6776041617816286,
      "mAP_small": null,
      "mAP_medium": 0.5376660273956326,
      "mAP_large": 0.5788272484298079,
      "AR1": 0.43285714285714294,
      "AR10": 0.62,
      "AR100": 0.62,
      "AR_small": null,
      "AR_medium": 0.61,
      "AR_large": 0.624,
      "objects": 70,
      "positive_images": 51,
      "detections": 110
    },
    "medium": {
      "mAP": 0.6979765801513267,
      "mAP50": 0.8901172596300011,
      "mAP75": 0.79800202390134,
      "mAP_small": null,
      "mAP_medium": 0.8999999999999999,
      "mAP_large": 0.6962452666320832,
      "AR1": 0.6710280373831776,
      "AR10": 0.7457943925233645,
      "AR100": 0.7457943925233645,
      "AR_small": null,
      "AR_medium": 0.9,
      "AR_large": 0.7443396226415094,
      "objects": 107,
      "positive_images": 97,
      "detections": 135
    },
    "large": {
      "mAP": 0.8094353134067277,
      "mAP50": 0.967166404244376,
      "mAP75": 0.9025282008659666,
      "mAP_small": null,
      "mAP_medium": null,
      "mAP_large": 0.8094353134067277,
      "AR1": 0.8526829268292684,
      "AR10": 0.8565853658536586,
      "AR100": 0.8565853658536586,
      "AR_small": null,
      "AR_medium": null,
      "AR_large": 0.8565853658536586,
      "objects": 205,
      "positive_images": 204,
      "detections": 234
    }
  },
  "image_level": {
    "positive_images": 351,
    "negative_images": 750,
    "auroc": 0.9840645773979108,
    "average_precision": 0.9781577330580078,
    "fpr_at_target_tpr": {
      "threshold": 0.039087772369384766,
      "tp": 334,
      "fp": 12,
      "tn": 738,
      "fn": 17,
      "tpr": 0.9515669515669516,
      "fpr": 0.016,
      "by_negative_group": {
        "negative_in_domain": {
          "negative_images": 439,
          "false_positive_images": 11,
          "fpr": 0.025056947608200455
        },
        "negative_out_domain": {
          "negative_images": 311,
          "false_positive_images": 1,
          "fpr": 0.003215434083601286
        }
      },
      "target_tpr": 0.95
    },
    "recall_at_fpr": {
      "0.01": {
        "max_fpr": 0.01,
        "threshold": 0.2665112316608429,
        "recall": 0.9287749287749287,
        "fpr": 0.006666666666666667,
        "tp": 326,
        "fp": 5,
        "tn": 745,
        "fn": 25
      },
      "0.05": {
        "max_fpr": 0.05,
        "threshold": 0.0029928586445748806,
        "recall": 0.9715099715099715,
        "fpr": 0.028,
        "tp": 341,
        "fp": 21,
        "tn": 729,
        "fn": 10
      }
    },
    "fixed_threshold": {
      "threshold": 0.25,
      "tp": 326,
      "fp": 5,
      "tn": 745,
      "fn": 25,
      "tpr": 0.9287749287749287,
      "fpr": 0.006666666666666667,
      "by_negative_group": {
        "negative_in_domain": {
          "negative_images": 439,
          "false_positive_images": 5,
          "fpr": 0.011389521640091117
        },
        "negative_out_domain": {
          "negative_images": 311,
          "false_positive_images": 0,
          "fpr": 0.0
        }
      }
    }
  }
}
