{
  "mAP": 0.5609243806277812,
  "mAP50": 0.9194827151431474,
  "mAP75": 0.6278644329986125,
  "mAP_small": null,
  "mAP_medium": 0.46702622298344937,
  "mAP_large": 0.5709989829636195,
  "AR1": 0.5711442786069653,
  "AR10": 0.6694029850746268,
  "AR100": 0.6711442786069652,
  "AR_small": null,
  "AR_medium": 0.6138888888888889,
  "AR_large": 0.6767759562841531,
  "mAP_tiny_rel": 0.31471398732012107,
  "mAP50_tiny_rel": 0.6156590137466325,
  "mAP75_tiny_rel": 0.35905553998238426,
  "AR100_tiny_rel": 0.5176470588235293,
  "mAP_small_rel": 0.41783256541782293,
  "mAP50_small_rel": 0.718883134684415,
  "mAP75_small_rel": 0.43064944036177044,
  "AR100_small_rel": 0.5831168831168831,
  "mAP_medium_rel": 0.44637155638605497,
  "mAP50_medium_rel": 0.750109394803021,
  "mAP75_medium_rel": 0.5052305871144779,
  "AR100_medium_rel": 0.5717171717171717,
  "mAP_large_rel": 0.5997769079218686,
  "mAP50_large_rel": 0.9253742248228453,
  "mAP75_large_rel": 0.7025817043070277,
  "AR100_large_rel": 0.708133971291866,
  "mAP_tiny": 0.31471398732012107,
  "image_AUROC": 0.974030303030303,
  "image_AP": 0.9577747306901337,
  "FPR@95TPR": 0.17066666666666666,
  "threshold@95TPR": 0.9345014095306396,
  "TPR@95TPR": 0.9517045454545454,
  "Recall@FPR=1%": 0.7613636363636364,
  "Recall@FPR=5%": 0.9005681818181818,
  "in_domain_FPR@95TPR": 0.17084282460136674,
  "out_domain_FPR@95TPR": 0.17041800643086816,
  "in_domain_FPR@fixed": 0.6674259681093394,
  "out_domain_FPR@fixed": 0.684887459807074,
  "split": "val",
  "images": 1102,
  "ground_truth_objects": 402,
  "input_predictions": 18326,
  "detections": 18326,
  "invalid_predictions_dropped": 0,
  "fppi_threshold": 0.25,
  "false_positives_on_negatives": {
    "total_negative_images": 750,
    "total_false_positives": 958,
    "fppi": 1.2773333333333334,
    "by_group": {
      "negative_in_domain": {
        "negative_images": 439,
        "false_positives": 557,
        "fppi": 1.2687927107061503
      },
      "negative_out_domain": {
        "negative_images": 311,
        "false_positives": 401,
        "fppi": 1.2893890675241158
      }
    }
  },
  "predictions_above_fppi_threshold_by_group": {
    "negative_in_domain": 557,
    "negative_out_domain": 401,
    "positive": 669
  },
  "relative_scale_metrics": {
    "tiny": {
      "mAP": 0.31471398732012107,
      "mAP50": 0.6156590137466325,
      "mAP75": 0.35905553998238426,
      "mAP_small": null,
      "mAP_medium": 0.303471519456674,
      "mAP_large": 0.9999999999999998,
      "AR1": 0.35882352941176465,
      "AR10": 0.5176470588235293,
      "AR100": 0.5176470588235293,
      "AR_small": null,
      "AR_medium": 0.4875,
      "AR_large": 1.0,
      "objects": 17,
      "positive_images": 14,
      "detections": 4376
    },
    "small": {
      "mAP": 0.41783256541782293,
      "mAP50": 0.718883134684415,
      "mAP75": 0.43064944036177044,
      "mAP_small": null,
      "mAP_medium": 0.3674407087582762,
      "mAP_large": 0.44606776688663186,
      "AR1": 0.37012987012987014,
      "AR10": 0.5831168831168831,
      "AR100": 0.5831168831168831,
      "AR_small": null,
      "AR_medium": 0.5349999999999999,
      "AR_large": 0.6,
      "objects": 77,
      "positive_images": 51,
      "detections": 4359
    },
    "medium": {
      "mAP": 0.44637155638605497,
      "mAP50": 0.750109394803021,
      "mAP75": 0.5052305871144779,
      "mAP_small": null,
      "mAP_medium": null,
      "mAP_large": 0.4466177948280374,
      "AR1": 0.47777777777777775,
      "AR10": 0.5717171717171717,
      "AR100": 0.5717171717171717,
      "AR_small": null,
      "AR_medium": null,
      "AR_large": 0.5717171717171717,
      "objects": 99,
      "positive_images": 94,
      "detections": 5860
    },
    "large": {
      "mAP": 0.5997769079218686,
      "mAP50": 0.9253742248228453,
      "mAP75": 0.7025817043070277,
      "mAP_small": null,
      "mAP_medium": null,
      "mAP_large": 0.5997771441418095,
      "AR1": 0.6995215311004785,
      "AR10": 0.708133971291866,
      "AR100": 0.708133971291866,
      "AR_small": null,
      "AR_medium": null,
      "AR_large": 0.708133971291866,
      "objects": 209,
      "positive_images": 207,
      "detections": 3731
    }
  },
  "image_level": {
    "positive_images": 352,
    "negative_images": 750,
    "auroc": 0.974030303030303,
    "average_precision": 0.9577747306901337,
    "fpr_at_target_tpr": {
      "threshold": 0.9345014095306396,
      "tp": 335,
      "fp": 128,
      "tn": 622,
      "fn": 17,
      "tpr": 0.9517045454545454,
      "fpr": 0.17066666666666666,
      "by_negative_group": {
        "negative_in_domain": {
          "negative_images": 439,
          "false_positive_images": 75,
          "fpr": 0.17084282460136674
        },
        "negative_out_domain": {
          "negative_images": 311,
          "false_positive_images": 53,
          "fpr": 0.17041800643086816
        }
      },
      "target_tpr": 0.95
    },
    "recall_at_fpr": {
      "0.01": {
        "max_fpr": 0.01,
        "threshold": 0.9926980137825012,
        "recall": 0.7613636363636364,
        "fpr": 0.009333333333333334,
        "tp": 268,
        "fp": 7,
        "tn": 743,
        "fn": 84
      },
      "0.05": {
        "max_fpr": 0.05,
        "threshold": 0.9781538248062134,
        "recall": 0.9005681818181818,
        "fpr": 0.04666666666666667,
        "tp": 317,
        "fp": 35,
        "tn": 715,
        "fn": 35
      }
    },
    "fixed_threshold": {
      "threshold": 0.25,
      "tp": 351,
      "fp": 506,
      "tn": 244,
      "fn": 1,
      "tpr": 0.9971590909090909,
      "fpr": 0.6746666666666666,
      "by_negative_group": {
        "negative_in_domain": {
          "negative_images": 439,
          "false_positive_images": 293,
          "fpr": 0.6674259681093394
        },
        "negative_out_domain": {
          "negative_images": 311,
          "false_positive_images": 213,
          "fpr": 0.684887459807074
        }
      }
    }
  }
}
