{
  "mAP": 0.6909972298182068,
  "mAP50": 0.9514221402843935,
  "mAP75": 0.7934927914635954,
  "mAP_small": 0.29999999999999993,
  "mAP_medium": 0.505873901983148,
  "mAP_large": 0.7099616735670695,
  "AR1": 0.6755667506297229,
  "AR10": 0.756675062972292,
  "AR100": 0.756675062972292,
  "AR_small": 0.3,
  "AR_medium": 0.6029411764705882,
  "AR_large": 0.7723756906077347,
  "mAP_tiny_rel": 0.383808491378039,
  "mAP50_tiny_rel": 0.6642831575419891,
  "mAP75_tiny_rel": 0.3686214775323686,
  "AR100_tiny_rel": 0.4800000000000001,
  "mAP_small_rel": 0.4738226809644477,
  "mAP50_small_rel": 0.8152968964557579,
  "mAP75_small_rel": 0.4880847259352113,
  "AR100_small_rel": 0.6114285714285714,
  "mAP_medium_rel": 0.6620000271140517,
  "mAP50_medium_rel": 0.8878314606243403,
  "mAP75_medium_rel": 0.7750098606568874,
  "AR100_medium_rel": 0.7364485981308412,
  "mAP_large_rel": 0.7484942142378861,
  "mAP50_large_rel": 0.9531474177010446,
  "mAP75_large_rel": 0.8912425813243741,
  "AR100_large_rel": 0.8092682926829269,
  "mAP_tiny": 0.383808491378039,
  "image_AUROC": 0.9805470085470085,
  "image_AP": 0.9729902654736564,
  "FPR@95TPR": 0.07333333333333333,
  "threshold@95TPR": 0.9621956944465637,
  "TPR@95TPR": 0.9515669515669516,
  "Recall@FPR=1%": 0.8433048433048433,
  "Recall@FPR=5%": 0.9344729344729344,
  "in_domain_FPR@95TPR": 0.09111617312072894,
  "out_domain_FPR@95TPR": 0.04823151125401929,
  "in_domain_FPR@fixed": 0.4123006833712984,
  "out_domain_FPR@fixed": 0.4115755627009646,
  "split": "test",
  "images": 1101,
  "ground_truth_objects": 397,
  "input_predictions": 7126,
  "detections": 7126,
  "invalid_predictions_dropped": 0,
  "fppi_threshold": 0.25,
  "false_positives_on_negatives": {
    "total_negative_images": 750,
    "total_false_positives": 434,
    "fppi": 0.5786666666666667,
    "by_group": {
      "negative_in_domain": {
        "negative_images": 439,
        "false_positives": 257,
        "fppi": 0.5854214123006833
      },
      "negative_out_domain": {
        "negative_images": 311,
        "false_positives": 177,
        "fppi": 0.5691318327974276
      }
    }
  },
  "predictions_above_fppi_threshold_by_group": {
    "negative_in_domain": 257,
    "negative_out_domain": 177,
    "positive": 456
  },
  "relative_scale_metrics": {
    "tiny": {
      "mAP": 0.383808491378039,
      "mAP50": 0.6642831575419891,
      "mAP75": 0.3686214775323686,
      "mAP_small": 0.29999999999999993,
      "mAP_medium": 0.42681887679799335,
      "mAP_large": 0.0,
      "AR1": 0.4066666666666666,
      "AR10": 0.4800000000000001,
      "AR100": 0.4800000000000001,
      "AR_small": 0.3,
      "AR_medium": 0.5307692307692308,
      "AR_large": 0.0,
      "objects": 15,
      "positive_images": 14,
      "detections": 1427
    },
    "small": {
      "mAP": 0.4738226809644477,
      "mAP50": 0.8152968964557579,
      "mAP75": 0.4880847259352113,
      "mAP_small": null,
      "mAP_medium": 0.49613478426051627,
      "mAP_large": 0.48655125494046675,
      "AR1": 0.42428571428571427,
      "AR10": 0.6114285714285714,
      "AR100": 0.6114285714285714,
      "AR_small": null,
      "AR_medium": 0.605,
      "AR_large": 0.6139999999999999,
      "objects": 70,
      "positive_images": 51,
      "detections": 1293
    },
    "medium": {
      "mAP": 0.6620000271140517,
      "mAP50": 0.8878314606243403,
      "mAP75": 0.7750098606568874,
      "mAP_small": null,
      "mAP_medium": 0.7999999999999999,
      "mAP_large": 0.6618958767946426,
      "AR1": 0.6588785046728971,
      "AR10": 0.7364485981308412,
      "AR100": 0.7364485981308412,
      "AR_small": null,
      "AR_medium": 0.8,
      "AR_large": 0.7358490566037736,
      "objects": 107,
      "positive_images": 97,
      "detections": 2543
    },
    "large": {
      "mAP": 0.7484942142378861,
      "mAP50": 0.9531474177010446,
      "mAP75": 0.8912425813243741,
      "mAP_small": null,
      "mAP_medium": null,
      "mAP_large": 0.7484942142378861,
      "AR1": 0.8029268292682927,
      "AR10": 0.8092682926829269,
      "AR100": 0.8092682926829269,
      "AR_small": null,
      "AR_medium": null,
      "AR_large": 0.8092682926829269,
      "objects": 205,
      "positive_images": 204,
      "detections": 1863
    }
  },
  "image_level": {
    "positive_images": 351,
    "negative_images": 750,
    "auroc": 0.9805470085470085,
    "average_precision": 0.9729902654736564,
    "fpr_at_target_tpr": {
      "threshold": 0.9621956944465637,
      "tp": 334,
      "fp": 55,
      "tn": 695,
      "fn": 17,
      "tpr": 0.9515669515669516,
      "fpr": 0.07333333333333333,
      "by_negative_group": {
        "negative_in_domain": {
          "negative_images": 439,
          "false_positive_images": 40,
          "fpr": 0.09111617312072894
        },
        "negative_out_domain": {
          "negative_images": 311,
          "false_positive_images": 15,
          "fpr": 0.04823151125401929
        }
      },
      "target_tpr": 0.95
    },
    "recall_at_fpr": {
      "0.01": {
        "max_fpr": 0.01,
        "threshold": 0.9952176809310913,
        "recall": 0.8433048433048433,
        "fpr": 0.006666666666666667,
        "tp": 296,
        "fp": 5,
        "tn": 745,
        "fn": 55
      },
      "0.05": {
        "max_fpr": 0.05,
        "threshold": 0.9778749346733093,
        "recall": 0.9344729344729344,
        "fpr": 0.04933333333333333,
        "tp": 328,
        "fp": 37,
        "tn": 713,
        "fn": 23
      }
    },
    "fixed_threshold": {
      "threshold": 0.25,
      "tp": 345,
      "fp": 309,
      "tn": 441,
      "fn": 6,
      "tpr": 0.9829059829059829,
      "fpr": 0.412,
      "by_negative_group": {
        "negative_in_domain": {
          "negative_images": 439,
          "false_positive_images": 181,
          "fpr": 0.4123006833712984
        },
        "negative_out_domain": {
          "negative_images": 311,
          "false_positive_images": 128,
          "fpr": 0.4115755627009646
        }
      }
    }
  }
}
