{
  "mAP": 0.6561838312739167,
  "mAP50": 0.9397903750500951,
  "mAP75": 0.7722834104139988,
  "mAP_small": null,
  "mAP_medium": 0.46746592102168166,
  "mAP_large": 0.6735931613737065,
  "AR1": 0.6422885572139303,
  "AR10": 0.7330845771144279,
  "AR100": 0.7333333333333333,
  "AR_small": null,
  "AR_medium": 0.5972222222222222,
  "AR_large": 0.7467213114754099,
  "mAP_tiny_rel": 0.3388889070145882,
  "mAP50_tiny_rel": 0.6557578775484328,
  "mAP75_tiny_rel": 0.4319291556484841,
  "AR100_tiny_rel": 0.5058823529411764,
  "mAP_small_rel": 0.4475773595337961,
  "mAP50_small_rel": 0.740455811511062,
  "mAP75_small_rel": 0.49627197244765375,
  "AR100_small_rel": 0.5922077922077922,
  "mAP_medium_rel": 0.5678161973205231,
  "mAP50_medium_rel": 0.8160902112016284,
  "mAP75_medium_rel": 0.6905817009024543,
  "AR100_medium_rel": 0.6676767676767676,
  "mAP_large_rel": 0.7017591708655189,
  "mAP50_large_rel": 0.935252090142558,
  "mAP75_large_rel": 0.8316383966736006,
  "AR100_large_rel": 0.7736842105263159,
  "mAP_tiny": 0.3388889070145882,
  "image_AUROC": 0.9820113636363637,
  "image_AP": 0.9710160996020606,
  "FPR@95TPR": 0.08266666666666667,
  "threshold@95TPR": 0.9473640322685242,
  "TPR@95TPR": 0.9517045454545454,
  "Recall@FPR=1%": 0.78125,
  "Recall@FPR=5%": 0.9431818181818182,
  "in_domain_FPR@95TPR": 0.07972665148063782,
  "out_domain_FPR@95TPR": 0.08681672025723473,
  "in_domain_FPR@fixed": 0.3917995444191344,
  "out_domain_FPR@fixed": 0.40514469453376206,
  "split": "val",
  "images": 1102,
  "ground_truth_objects": 402,
  "input_predictions": 7280,
  "detections": 7280,
  "invalid_predictions_dropped": 0,
  "fppi_threshold": 0.25,
  "false_positives_on_negatives": {
    "total_negative_images": 750,
    "total_false_positives": 440,
    "fppi": 0.5866666666666667,
    "by_group": {
      "negative_in_domain": {
        "negative_images": 439,
        "false_positives": 230,
        "fppi": 0.5239179954441914
      },
      "negative_out_domain": {
        "negative_images": 311,
        "false_positives": 210,
        "fppi": 0.6752411575562701
      }
    }
  },
  "predictions_above_fppi_threshold_by_group": {
    "negative_in_domain": 230,
    "negative_out_domain": 210,
    "positive": 483
  },
  "relative_scale_metrics": {
    "tiny": {
      "mAP": 0.3388889070145882,
      "mAP50": 0.6557578775484328,
      "mAP75": 0.4319291556484841,
      "mAP_small": null,
      "mAP_medium": 0.3402486471261428,
      "mAP_large": 0.6999999999999998,
      "AR1": 0.38235294117647056,
      "AR10": 0.5058823529411764,
      "AR100": 0.5058823529411764,
      "AR_small": null,
      "AR_medium": 0.49375,
      "AR_large": 0.7,
      "objects": 17,
      "positive_images": 14,
      "detections": 1570
    },
    "small": {
      "mAP": 0.4475773595337961,
      "mAP50": 0.740455811511062,
      "mAP75": 0.49627197244765375,
      "mAP_small": null,
      "mAP_medium": 0.3538635007562434,
      "mAP_large": 0.4847725317236787,
      "AR1": 0.38051948051948054,
      "AR10": 0.5922077922077922,
      "AR100": 0.5922077922077922,
      "AR_small": null,
      "AR_medium": 0.51,
      "AR_large": 0.6210526315789473,
      "objects": 77,
      "positive_images": 51,
      "detections": 1329
    },
    "medium": {
      "mAP": 0.5678161973205231,
      "mAP50": 0.8160902112016284,
      "mAP75": 0.6905817009024543,
      "mAP_small": null,
      "mAP_medium": null,
      "mAP_large": 0.5679913276011564,
      "AR1": 0.609090909090909,
      "AR10": 0.6676767676767676,
      "AR100": 0.6676767676767676,
      "AR_small": null,
      "AR_medium": null,
      "AR_large": 0.6676767676767676,
      "objects": 99,
      "positive_images": 94,
      "detections": 2560
    },
    "large": {
      "mAP": 0.7017591708655189,
      "mAP50": 0.935252090142558,
      "mAP75": 0.8316383966736006,
      "mAP_small": null,
      "mAP_medium": null,
      "mAP_large": 0.7017591708655189,
      "AR1": 0.7655502392344498,
      "AR10": 0.7736842105263159,
      "AR100": 0.7736842105263159,
      "AR_small": null,
      "AR_medium": null,
      "AR_large": 0.7736842105263159,
      "objects": 209,
      "positive_images": 207,
      "detections": 1821
    }
  },
  "image_level": {
    "positive_images": 352,
    "negative_images": 750,
    "auroc": 0.9820113636363637,
    "average_precision": 0.9710160996020606,
    "fpr_at_target_tpr": {
      "threshold": 0.9473640322685242,
      "tp": 335,
      "fp": 62,
      "tn": 688,
      "fn": 17,
      "tpr": 0.9517045454545454,
      "fpr": 0.08266666666666667,
      "by_negative_group": {
        "negative_in_domain": {
          "negative_images": 439,
          "false_positive_images": 35,
          "fpr": 0.07972665148063782
        },
        "negative_out_domain": {
          "negative_images": 311,
          "false_positive_images": 27,
          "fpr": 0.08681672025723473
        }
      },
      "target_tpr": 0.95
    },
    "recall_at_fpr": {
      "0.01": {
        "max_fpr": 0.01,
        "threshold": 0.9957911968231201,
        "recall": 0.78125,
        "fpr": 0.009333333333333334,
        "tp": 275,
        "fp": 7,
        "tn": 743,
        "fn": 77
      },
      "0.05": {
        "max_fpr": 0.05,
        "threshold": 0.9725536704063416,
        "recall": 0.9431818181818182,
        "fpr": 0.042666666666666665,
        "tp": 332,
        "fp": 32,
        "tn": 718,
        "fn": 20
      }
    },
    "fixed_threshold": {
      "threshold": 0.25,
      "tp": 347,
      "fp": 298,
      "tn": 452,
      "fn": 5,
      "tpr": 0.9857954545454546,
      "fpr": 0.3973333333333333,
      "by_negative_group": {
        "negative_in_domain": {
          "negative_images": 439,
          "false_positive_images": 172,
          "fpr": 0.3917995444191344
        },
        "negative_out_domain": {
          "negative_images": 311,
          "false_positive_images": 126,
          "fpr": 0.40514469453376206
        }
      }
    }
  }
}
