{
  "mAP": 0.6018648027792217,
  "mAP50": 0.9476305167544791,
  "mAP75": 0.6851719212446424,
  "mAP_small": null,
  "mAP_medium": 0.4385296945113916,
  "mAP_large": 0.6162035560965806,
  "AR1": 0.5893034825870648,
  "AR10": 0.6798507462686568,
  "AR100": 0.6805970149253733,
  "AR_small": null,
  "AR_medium": 0.5611111111111111,
  "AR_large": 0.6923497267759563,
  "mAP_tiny_rel": 0.3700211171301551,
  "mAP50_tiny_rel": 0.6990469306607292,
  "mAP75_tiny_rel": 0.29535810723929534,
  "AR100_tiny_rel": 0.5647058823529412,
  "mAP_small_rel": 0.4032566187474178,
  "mAP50_small_rel": 0.7230457005554065,
  "mAP75_small_rel": 0.4121756094438506,
  "AR100_small_rel": 0.5493506493506494,
  "mAP_medium_rel": 0.4657169821020938,
  "mAP50_medium_rel": 0.7592560655639538,
  "mAP75_medium_rel": 0.5297371891797361,
  "AR100_medium_rel": 0.6353535353535354,
  "mAP_large_rel": 0.6243789398527664,
  "mAP50_large_rel": 0.9131934236066264,
  "mAP75_large_rel": 0.7459529389053103,
  "AR100_large_rel": 0.6923444976076555,
  "mAP_tiny": 0.3700211171301551,
  "image_AUROC": 0.9920492424242424,
  "image_AP": 0.9852179627340345,
  "FPR@95TPR": 0.025333333333333333,
  "threshold@95TPR": 0.6405147314071655,
  "TPR@95TPR": 0.9517045454545454,
  "Recall@FPR=1%": 0.9034090909090909,
  "Recall@FPR=5%": 0.9744318181818182,
  "in_domain_FPR@95TPR": 0.0387243735763098,
  "out_domain_FPR@95TPR": 0.006430868167202572,
  "in_domain_FPR@fixed": 0.07517084282460136,
  "out_domain_FPR@fixed": 0.012861736334405145,
  "split": "val",
  "images": 1102,
  "ground_truth_objects": 402,
  "input_predictions": 4616,
  "detections": 4616,
  "invalid_predictions_dropped": 0,
  "fppi_threshold": 0.25,
  "false_positives_on_negatives": {
    "total_negative_images": 750,
    "total_false_positives": 45,
    "fppi": 0.06,
    "by_group": {
      "negative_in_domain": {
        "negative_images": 439,
        "false_positives": 40,
        "fppi": 0.09111617312072894
      },
      "negative_out_domain": {
        "negative_images": 311,
        "false_positives": 5,
        "fppi": 0.01607717041800643
      }
    }
  },
  "predictions_above_fppi_threshold_by_group": {
    "negative_in_domain": 40,
    "negative_out_domain": 5,
    "positive": 466
  },
  "relative_scale_metrics": {
    "tiny": {
      "mAP": 0.3700211171301551,
      "mAP50": 0.6990469306607292,
      "mAP75": 0.29535810723929534,
      "mAP_small": null,
      "mAP_medium": 0.35406518596704833,
      "mAP_large": 0.6999999999999998,
      "AR1": 0.4235294117647059,
      "AR10": 0.5647058823529412,
      "AR100": 0.5647058823529412,
      "AR_small": null,
      "AR_medium": 0.55625,
      "AR_large": 0.7,
      "objects": 17,
      "positive_images": 14,
      "detections": 972
    },
    "small": {
      "mAP": 0.4032566187474178,
      "mAP50": 0.7230457005554065,
      "mAP75": 0.4121756094438506,
      "mAP_small": null,
      "mAP_medium": 0.3331981128639724,
      "mAP_large": 0.4325121344847422,
      "AR1": 0.34545454545454546,
      "AR10": 0.5493506493506494,
      "AR100": 0.5493506493506494,
      "AR_small": null,
      "AR_medium": 0.43000000000000005,
      "AR_large": 0.5912280701754387,
      "objects": 77,
      "positive_images": 51,
      "detections": 1053
    },
    "medium": {
      "mAP": 0.4657169821020938,
      "mAP50": 0.7592560655639538,
      "mAP75": 0.5297371891797361,
      "mAP_small": null,
      "mAP_medium": null,
      "mAP_large": 0.46605916944570286,
      "AR1": 0.5828282828282829,
      "AR10": 0.6353535353535354,
      "AR100": 0.6353535353535354,
      "AR_small": null,
      "AR_medium": null,
      "AR_large": 0.6353535353535354,
      "objects": 99,
      "positive_images": 94,
      "detections": 1605
    },
    "large": {
      "mAP": 0.6243789398527664,
      "mAP50": 0.9131934236066264,
      "mAP75": 0.7459529389053103,
      "mAP_small": null,
      "mAP_medium": null,
      "mAP_large": 0.6243789398527664,
      "AR1": 0.6803827751196171,
      "AR10": 0.6923444976076555,
      "AR100": 0.6923444976076555,
      "AR_small": null,
      "AR_medium": null,
      "AR_large": 0.6923444976076555,
      "objects": 209,
      "positive_images": 207,
      "detections": 986
    }
  },
  "image_level": {
    "positive_images": 352,
    "negative_images": 750,
    "auroc": 0.9920492424242424,
    "average_precision": 0.9852179627340345,
    "fpr_at_target_tpr": {
      "threshold": 0.6405147314071655,
      "tp": 335,
      "fp": 19,
      "tn": 731,
      "fn": 17,
      "tpr": 0.9517045454545454,
      "fpr": 0.025333333333333333,
      "by_negative_group": {
        "negative_in_domain": {
          "negative_images": 439,
          "false_positive_images": 17,
          "fpr": 0.0387243735763098
        },
        "negative_out_domain": {
          "negative_images": 311,
          "false_positive_images": 2,
          "fpr": 0.006430868167202572
        }
      },
      "target_tpr": 0.95
    },
    "recall_at_fpr": {
      "0.01": {
        "max_fpr": 0.01,
        "threshold": 0.8974241018295288,
        "recall": 0.9034090909090909,
        "fpr": 0.008,
        "tp": 318,
        "fp": 6,
        "tn": 744,
        "fn": 34
      },
      "0.05": {
        "max_fpr": 0.05,
        "threshold": 0.30107277631759644,
        "recall": 0.9744318181818182,
        "fpr": 0.037333333333333336,
        "tp": 343,
        "fp": 28,
        "tn": 722,
        "fn": 9
      }
    },
    "fixed_threshold": {
      "threshold": 0.25,
      "tp": 343,
      "fp": 37,
      "tn": 713,
      "fn": 9,
      "tpr": 0.9744318181818182,
      "fpr": 0.04933333333333333,
      "by_negative_group": {
        "negative_in_domain": {
          "negative_images": 439,
          "false_positive_images": 33,
          "fpr": 0.07517084282460136
        },
        "negative_out_domain": {
          "negative_images": 311,
          "false_positive_images": 4,
          "fpr": 0.012861736334405145
        }
      }
    }
  }
}
