{
  "mAP": 0.6675490378396172,
  "mAP50": 0.9551159955627698,
  "mAP75": 0.7920085385024247,
  "mAP_small": null,
  "mAP_medium": 0.4755745835357106,
  "mAP_large": 0.6834943941601174,
  "AR1": 0.6430348258706468,
  "AR10": 0.7343283582089553,
  "AR100": 0.7345771144278607,
  "AR_small": null,
  "AR_medium": 0.6,
  "AR_large": 0.7478142076502732,
  "mAP_tiny_rel": 0.4429491021840511,
  "mAP50_tiny_rel": 0.7686551764522894,
  "mAP75_tiny_rel": 0.42555865493670103,
  "AR100_tiny_rel": 0.5529411764705883,
  "mAP_small_rel": 0.46534145795357645,
  "mAP50_small_rel": 0.7763700166693392,
  "mAP75_small_rel": 0.5139724944300074,
  "AR100_small_rel": 0.5883116883116883,
  "mAP_medium_rel": 0.5598747158521444,
  "mAP50_medium_rel": 0.8216743155310621,
  "mAP75_medium_rel": 0.6272222814178445,
  "AR100_medium_rel": 0.6464646464646465,
  "mAP_large_rel": 0.6960557064801102,
  "mAP50_large_rel": 0.9256670871147554,
  "mAP75_large_rel": 0.8587955507886036,
  "AR100_large_rel": 0.7760765550239234,
  "mAP_tiny": 0.4429491021840511,
  "image_AUROC": 0.9944848484848485,
  "image_AP": 0.9893002068245648,
  "FPR@95TPR": 0.013333333333333334,
  "threshold@95TPR": 0.8984423279762268,
  "TPR@95TPR": 0.9517045454545454,
  "Recall@FPR=1%": 0.9488636363636364,
  "Recall@FPR=5%": 0.9801136363636364,
  "in_domain_FPR@95TPR": 0.02050113895216401,
  "out_domain_FPR@95TPR": 0.003215434083601286,
  "in_domain_FPR@fixed": 0.0683371298405467,
  "out_domain_FPR@fixed": 0.006430868167202572,
  "split": "val",
  "images": 1102,
  "ground_truth_objects": 402,
  "input_predictions": 3060,
  "detections": 3060,
  "invalid_predictions_dropped": 0,
  "fppi_threshold": 0.25,
  "false_positives_on_negatives": {
    "total_negative_images": 750,
    "total_false_positives": 39,
    "fppi": 0.052,
    "by_group": {
      "negative_in_domain": {
        "negative_images": 439,
        "false_positives": 34,
        "fppi": 0.0774487471526196
      },
      "negative_out_domain": {
        "negative_images": 311,
        "false_positives": 5,
        "fppi": 0.01607717041800643
      }
    }
  },
  "predictions_above_fppi_threshold_by_group": {
    "negative_in_domain": 34,
    "negative_out_domain": 5,
    "positive": 459
  },
  "relative_scale_metrics": {
    "tiny": {
      "mAP": 0.4429491021840511,
      "mAP50": 0.7686551764522894,
      "mAP75": 0.42555865493670103,
      "mAP_small": null,
      "mAP_medium": 0.4134350935093509,
      "mAP_large": 0.7999999999999999,
      "AR1": 0.4294117647058823,
      "AR10": 0.5529411764705883,
      "AR100": 0.5529411764705883,
      "AR_small": null,
      "AR_medium": 0.5375,
      "AR_large": 0.8,
      "objects": 17,
      "positive_images": 14,
      "detections": 347
    },
    "small": {
      "mAP": 0.46534145795357645,
      "mAP50": 0.7763700166693392,
      "mAP75": 0.5139724944300074,
      "mAP_small": null,
      "mAP_medium": 0.35486749563521497,
      "mAP_large": 0.5135438373221882,
      "AR1": 0.37402597402597404,
      "AR10": 0.5870129870129871,
      "AR100": 0.5883116883116883,
      "AR_small": null,
      "AR_medium": 0.5050000000000001,
      "AR_large": 0.6175438596491227,
      "objects": 77,
      "positive_images": 51,
      "detections": 626
    },
    "medium": {
      "mAP": 0.5598747158521444,
      "mAP50": 0.8216743155310621,
      "mAP75": 0.6272222814178445,
      "mAP_small": null,
      "mAP_medium": null,
      "mAP_large": 0.5601317135051056,
      "AR1": 0.5898989898989899,
      "AR10": 0.6464646464646465,
      "AR100": 0.6464646464646465,
      "AR_small": null,
      "AR_medium": null,
      "AR_large": 0.6464646464646465,
      "objects": 99,
      "positive_images": 94,
      "detections": 1253
    },
    "large": {
      "mAP": 0.6960557064801102,
      "mAP50": 0.9256670871147554,
      "mAP75": 0.8587955507886036,
      "mAP_small": null,
      "mAP_medium": null,
      "mAP_large": 0.6960557064801102,
      "AR1": 0.7688995215311005,
      "AR10": 0.7760765550239234,
      "AR100": 0.7760765550239234,
      "AR_small": null,
      "AR_medium": null,
      "AR_large": 0.7760765550239234,
      "objects": 209,
      "positive_images": 207,
      "detections": 834
    }
  },
  "image_level": {
    "positive_images": 352,
    "negative_images": 750,
    "auroc": 0.9944848484848485,
    "average_precision": 0.9893002068245648,
    "fpr_at_target_tpr": {
      "threshold": 0.8984423279762268,
      "tp": 335,
      "fp": 10,
      "tn": 740,
      "fn": 17,
      "tpr": 0.9517045454545454,
      "fpr": 0.013333333333333334,
      "by_negative_group": {
        "negative_in_domain": {
          "negative_images": 439,
          "false_positive_images": 9,
          "fpr": 0.02050113895216401
        },
        "negative_out_domain": {
          "negative_images": 311,
          "false_positive_images": 1,
          "fpr": 0.003215434083601286
        }
      },
      "target_tpr": 0.95
    },
    "recall_at_fpr": {
      "0.01": {
        "max_fpr": 0.01,
        "threshold": 0.9158399701118469,
        "recall": 0.9488636363636364,
        "fpr": 0.009333333333333334,
        "tp": 334,
        "fp": 7,
        "tn": 743,
        "fn": 18
      },
      "0.05": {
        "max_fpr": 0.05,
        "threshold": 0.419853150844574,
        "recall": 0.9801136363636364,
        "fpr": 0.034666666666666665,
        "tp": 345,
        "fp": 26,
        "tn": 724,
        "fn": 7
      }
    },
    "fixed_threshold": {
      "threshold": 0.25,
      "tp": 345,
      "fp": 32,
      "tn": 718,
      "fn": 7,
      "tpr": 0.9801136363636364,
      "fpr": 0.042666666666666665,
      "by_negative_group": {
        "negative_in_domain": {
          "negative_images": 439,
          "false_positive_images": 30,
          "fpr": 0.0683371298405467
        },
        "negative_out_domain": {
          "negative_images": 311,
          "false_positive_images": 2,
          "fpr": 0.006430868167202572
        }
      }
    }
  }
}
