{
  "mAP": 0.3824912811053812,
  "mAP50": 0.6731887338352169,
  "mAP75": 0.38862460409473804,
  "mAP_small": null,
  "mAP_medium": 0.09173552452831893,
  "mAP_large": 0.4131357926822736,
  "AR1": 0.4893034825870647,
  "AR10": 0.576865671641791,
  "AR100": 0.5853233830845771,
  "AR_small": null,
  "AR_medium": 0.36666666666666664,
  "AR_large": 0.6068306010928961,
  "mAP_tiny_rel": 0.03286687292646682,
  "mAP50_tiny_rel": 0.08148967094175148,
  "mAP75_tiny_rel": 0.006647807637906647,
  "AR100_tiny_rel": 0.29411764705882354,
  "mAP_small_rel": 0.2801503466224703,
  "mAP50_small_rel": 0.6030029760885572,
  "mAP75_small_rel": 0.24319252378954373,
  "AR100_small_rel": 0.4454545454545455,
  "mAP_medium_rel": 0.2937734397910034,
  "mAP50_medium_rel": 0.5909783142639161,
  "mAP75_medium_rel": 0.23053903488483266,
  "AR100_medium_rel": 0.41111111111111115,
  "mAP_large_rel": 0.47930505687619496,
  "mAP50_large_rel": 0.7697174427673421,
  "mAP75_large_rel": 0.5475253139674626,
  "AR100_large_rel": 0.6803827751196173,
  "mAP_tiny": 0.03286687292646682,
  "image_AUROC": 0.8330833333333333,
  "image_AP": 0.7724160419874467,
  "FPR@95TPR": 0.7093333333333334,
  "threshold@95TPR": 0.43493497371673584,
  "TPR@95TPR": 0.9517045454545454,
  "Recall@FPR=1%": 0.3835227272727273,
  "Recall@FPR=5%": 0.5142045454545454,
  "in_domain_FPR@95TPR": 0.6788154897494305,
  "out_domain_FPR@95TPR": 0.752411575562701,
  "in_domain_FPR@fixed": 0.8701594533029613,
  "out_domain_FPR@fixed": 0.9292604501607717,
  "split": "val",
  "images": 1102,
  "ground_truth_objects": 402,
  "input_predictions": 163108,
  "detections": 163108,
  "invalid_predictions_dropped": 0,
  "fppi_threshold": 0.25,
  "false_positives_on_negatives": {
    "total_negative_images": 750,
    "total_false_positives": 884,
    "fppi": 1.1786666666666668,
    "by_group": {
      "negative_in_domain": {
        "negative_images": 439,
        "false_positives": 516,
        "fppi": 1.1753986332574031
      },
      "negative_out_domain": {
        "negative_images": 311,
        "false_positives": 368,
        "fppi": 1.1832797427652733
      }
    }
  },
  "predictions_above_fppi_threshold_by_group": {
    "negative_in_domain": 516,
    "negative_out_domain": 368,
    "positive": 460
  },
  "relative_scale_metrics": {
    "tiny": {
      "mAP": 0.03286687292646682,
      "mAP50": 0.08148967094175148,
      "mAP75": 0.006647807637906647,
      "mAP_small": null,
      "mAP_medium": 0.05447064836978203,
      "mAP_large": 0.005405405405405406,
      "AR1": 0.09411764705882353,
      "AR10": 0.29411764705882354,
      "AR100": 0.29411764705882354,
      "AR_small": null,
      "AR_medium": 0.2875,
      "AR_large": 0.4,
      "objects": 17,
      "positive_images": 14,
      "detections": 73899
    },
    "small": {
      "mAP": 0.2801503466224703,
      "mAP50": 0.6030029760885572,
      "mAP75": 0.24319252378954373,
      "mAP_small": null,
      "mAP_medium": 0.1757196020125972,
      "mAP_large": 0.32556959916491873,
      "AR1": 0.27922077922077915,
      "AR10": 0.4311688311688312,
      "AR100": 0.4454545454545455,
      "AR_small": null,
      "AR_medium": 0.265,
      "AR_large": 0.5087719298245614,
      "objects": 77,
      "positive_images": 51,
      "detections": 71645
    },
    "medium": {
      "mAP": 0.2937734397910034,
      "mAP50": 0.5909783142639161,
      "mAP75": 0.23053903488483266,
      "mAP_small": null,
      "mAP_medium": null,
      "mAP_large": 0.29496099213559385,
      "AR1": 0.3717171717171718,
      "AR10": 0.41010101010101013,
      "AR100": 0.41111111111111115,
      "AR_small": null,
      "AR_medium": null,
      "AR_large": 0.41111111111111115,
      "objects": 99,
      "positive_images": 94,
      "detections": 13295
    },
    "large": {
      "mAP": 0.47930505687619496,
      "mAP50": 0.7697174427673421,
      "mAP75": 0.5475253139674626,
      "mAP_small": null,
      "mAP_medium": null,
      "mAP_large": 0.4793057257215803,
      "AR1": 0.6703349282296651,
      "AR10": 0.6803827751196173,
      "AR100": 0.6803827751196173,
      "AR_small": null,
      "AR_medium": null,
      "AR_large": 0.6803827751196173,
      "objects": 209,
      "positive_images": 207,
      "detections": 4269
    }
  },
  "image_level": {
    "positive_images": 352,
    "negative_images": 750,
    "auroc": 0.8330833333333333,
    "average_precision": 0.7724160419874467,
    "fpr_at_target_tpr": {
      "threshold": 0.43493497371673584,
      "tp": 335,
      "fp": 532,
      "tn": 218,
      "fn": 17,
      "tpr": 0.9517045454545454,
      "fpr": 0.7093333333333334,
      "by_negative_group": {
        "negative_in_domain": {
          "negative_images": 439,
          "false_positive_images": 298,
          "fpr": 0.6788154897494305
        },
        "negative_out_domain": {
          "negative_images": 311,
          "false_positive_images": 234,
          "fpr": 0.752411575562701
        }
      },
      "target_tpr": 0.95
    },
    "recall_at_fpr": {
      "0.01": {
        "max_fpr": 0.01,
        "threshold": 0.9845004081726074,
        "recall": 0.3835227272727273,
        "fpr": 0.009333333333333334,
        "tp": 135,
        "fp": 7,
        "tn": 743,
        "fn": 217
      },
      "0.05": {
        "max_fpr": 0.05,
        "threshold": 0.9713203310966492,
        "recall": 0.5142045454545454,
        "fpr": 0.042666666666666665,
        "tp": 181,
        "fp": 32,
        "tn": 718,
        "fn": 171
      }
    },
    "fixed_threshold": {
      "threshold": 0.25,
      "tp": 347,
      "fp": 671,
      "tn": 79,
      "fn": 5,
      "tpr": 0.9857954545454546,
      "fpr": 0.8946666666666667,
      "by_negative_group": {
        "negative_in_domain": {
          "negative_images": 439,
          "false_positive_images": 382,
          "fpr": 0.8701594533029613
        },
        "negative_out_domain": {
          "negative_images": 311,
          "false_positive_images": 289,
          "fpr": 0.9292604501607717
        }
      }
    }
  }
}
