{
  "mAP": 0.6621419533418196,
  "mAP50": 0.9590881739372606,
  "mAP75": 0.7749965223808458,
  "mAP_small": null,
  "mAP_medium": 0.5078777316767554,
  "mAP_large": 0.6756038370815998,
  "AR1": 0.6378109452736317,
  "AR10": 0.7320895522388059,
  "AR100": 0.7323383084577114,
  "AR_small": null,
  "AR_medium": 0.611111111111111,
  "AR_large": 0.7442622950819672,
  "mAP_tiny_rel": 0.4916570376256487,
  "mAP50_tiny_rel": 0.8486357868597392,
  "mAP75_tiny_rel": 0.4914135951410267,
  "AR100_tiny_rel": 0.6058823529411764,
  "mAP_small_rel": 0.46299399628634463,
  "mAP50_small_rel": 0.7598527355613836,
  "mAP75_small_rel": 0.4709817874308783,
  "AR100_small_rel": 0.5649350649350648,
  "mAP_medium_rel": 0.5666440570865011,
  "mAP50_medium_rel": 0.8384936638324146,
  "mAP75_medium_rel": 0.6436827038447083,
  "AR100_medium_rel": 0.6636363636363637,
  "mAP_large_rel": 0.6931472370132581,
  "mAP50_large_rel": 0.9325990791157492,
  "mAP75_large_rel": 0.8382608833691458,
  "AR100_large_rel": 0.7717703349282297,
  "mAP_tiny": 0.4916570376256487,
  "image_AUROC": 0.9932272727272727,
  "image_AP": 0.9879534466026092,
  "FPR@95TPR": 0.014666666666666666,
  "threshold@95TPR": 0.8616784811019897,
  "TPR@95TPR": 0.9517045454545454,
  "Recall@FPR=1%": 0.9318181818181818,
  "Recall@FPR=5%": 0.9801136363636364,
  "in_domain_FPR@95TPR": 0.022779043280182234,
  "out_domain_FPR@95TPR": 0.003215434083601286,
  "in_domain_FPR@fixed": 0.0683371298405467,
  "out_domain_FPR@fixed": 0.006430868167202572,
  "split": "val",
  "images": 1102,
  "ground_truth_objects": 402,
  "input_predictions": 3224,
  "detections": 3224,
  "invalid_predictions_dropped": 0,
  "fppi_threshold": 0.25,
  "false_positives_on_negatives": {
    "total_negative_images": 750,
    "total_false_positives": 40,
    "fppi": 0.05333333333333334,
    "by_group": {
      "negative_in_domain": {
        "negative_images": 439,
        "false_positives": 34,
        "fppi": 0.0774487471526196
      },
      "negative_out_domain": {
        "negative_images": 311,
        "false_positives": 6,
        "fppi": 0.01929260450160772
      }
    }
  },
  "predictions_above_fppi_threshold_by_group": {
    "negative_in_domain": 34,
    "negative_out_domain": 6,
    "positive": 459
  },
  "relative_scale_metrics": {
    "tiny": {
      "mAP": 0.4916570376256487,
      "mAP50": 0.8486357868597392,
      "mAP75": 0.4914135951410267,
      "mAP_small": null,
      "mAP_medium": 0.4700201752767627,
      "mAP_large": 0.7999999999999999,
      "AR1": 0.49411764705882344,
      "AR10": 0.6058823529411764,
      "AR100": 0.6058823529411764,
      "AR_small": null,
      "AR_medium": 0.59375,
      "AR_large": 0.8,
      "objects": 17,
      "positive_images": 14,
      "detections": 417
    },
    "small": {
      "mAP": 0.46299399628634463,
      "mAP50": 0.7598527355613836,
      "mAP75": 0.4709817874308783,
      "mAP_small": null,
      "mAP_medium": 0.33427980529409784,
      "mAP_large": 0.5097223428012777,
      "AR1": 0.3571428571428571,
      "AR10": 0.5649350649350648,
      "AR100": 0.5649350649350648,
      "AR_small": null,
      "AR_medium": 0.425,
      "AR_large": 0.6140350877192983,
      "objects": 77,
      "positive_images": 51,
      "detections": 686
    },
    "medium": {
      "mAP": 0.5666440570865011,
      "mAP50": 0.8384936638324146,
      "mAP75": 0.6436827038447083,
      "mAP_small": null,
      "mAP_medium": null,
      "mAP_large": 0.5668524738751077,
      "AR1": 0.601010101010101,
      "AR10": 0.6636363636363637,
      "AR100": 0.6636363636363637,
      "AR_small": null,
      "AR_medium": null,
      "AR_large": 0.6636363636363637,
      "objects": 99,
      "positive_images": 94,
      "detections": 1263
    },
    "large": {
      "mAP": 0.6931472370132581,
      "mAP50": 0.9325990791157492,
      "mAP75": 0.8382608833691458,
      "mAP_small": null,
      "mAP_medium": null,
      "mAP_large": 0.6931472370132581,
      "AR1": 0.7602870813397129,
      "AR10": 0.7717703349282297,
      "AR100": 0.7717703349282297,
      "AR_small": null,
      "AR_medium": null,
      "AR_large": 0.7717703349282297,
      "objects": 209,
      "positive_images": 207,
      "detections": 858
    }
  },
  "image_level": {
    "positive_images": 352,
    "negative_images": 750,
    "auroc": 0.9932272727272727,
    "average_precision": 0.9879534466026092,
    "fpr_at_target_tpr": {
      "threshold": 0.8616784811019897,
      "tp": 335,
      "fp": 11,
      "tn": 739,
      "fn": 17,
      "tpr": 0.9517045454545454,
      "fpr": 0.014666666666666666,
      "by_negative_group": {
        "negative_in_domain": {
          "negative_images": 439,
          "false_positive_images": 10,
          "fpr": 0.022779043280182234
        },
        "negative_out_domain": {
          "negative_images": 311,
          "false_positive_images": 1,
          "fpr": 0.003215434083601286
        }
      },
      "target_tpr": 0.95
    },
    "recall_at_fpr": {
      "0.01": {
        "max_fpr": 0.01,
        "threshold": 0.932184100151062,
        "recall": 0.9318181818181818,
        "fpr": 0.009333333333333334,
        "tp": 328,
        "fp": 7,
        "tn": 743,
        "fn": 24
      },
      "0.05": {
        "max_fpr": 0.05,
        "threshold": 0.2715837061405182,
        "recall": 0.9801136363636364,
        "fpr": 0.04,
        "tp": 345,
        "fp": 30,
        "tn": 720,
        "fn": 7
      }
    },
    "fixed_threshold": {
      "threshold": 0.25,
      "tp": 345,
      "fp": 32,
      "tn": 718,
      "fn": 7,
      "tpr": 0.9801136363636364,
      "fpr": 0.042666666666666665,
      "by_negative_group": {
        "negative_in_domain": {
          "negative_images": 439,
          "false_positive_images": 30,
          "fpr": 0.0683371298405467
        },
        "negative_out_domain": {
          "negative_images": 311,
          "false_positive_images": 2,
          "fpr": 0.006430868167202572
        }
      }
    }
  }
}
