{
  "mAP": 0.596367269011906,
  "mAP50": 0.9292986810273028,
  "mAP75": 0.6712232122943935,
  "mAP_small": null,
  "mAP_medium": 0.2589923092996736,
  "mAP_large": 0.621237150107833,
  "AR1": 0.5917910447761194,
  "AR10": 0.6758706467661691,
  "AR100": 0.6761194029850747,
  "AR_small": null,
  "AR_medium": 0.48888888888888893,
  "AR_large": 0.6945355191256831,
  "mAP_tiny_rel": 0.2916360741081799,
  "mAP50_tiny_rel": 0.6865599572717552,
  "mAP75_tiny_rel": 0.169287752019754,
  "AR100_tiny_rel": 0.40588235294117647,
  "mAP_small_rel": 0.3789552021885364,
  "mAP50_small_rel": 0.7129891349583142,
  "mAP75_small_rel": 0.3590848082648363,
  "AR100_small_rel": 0.5207792207792209,
  "mAP_medium_rel": 0.47695551101926703,
  "mAP50_medium_rel": 0.7575548532741889,
  "mAP75_medium_rel": 0.5162300991145653,
  "AR100_medium_rel": 0.6121212121212121,
  "mAP_large_rel": 0.6484251765904764,
  "mAP50_large_rel": 0.9328680630390513,
  "mAP75_large_rel": 0.7746079681265118,
  "AR100_large_rel": 0.7325358851674642,
  "mAP_tiny": 0.2916360741081799,
  "image_AUROC": 0.9883484848484848,
  "image_AP": 0.9744541224116007,
  "FPR@95TPR": 0.04533333333333334,
  "threshold@95TPR": 0.45640456676483154,
  "TPR@95TPR": 0.9517045454545454,
  "Recall@FPR=1%": 0.8210227272727273,
  "Recall@FPR=5%": 0.9545454545454546,
  "in_domain_FPR@95TPR": 0.07517084282460136,
  "out_domain_FPR@95TPR": 0.003215434083601286,
  "in_domain_FPR@fixed": 0.11389521640091116,
  "out_domain_FPR@fixed": 0.01607717041800643,
  "split": "val",
  "images": 1102,
  "ground_truth_objects": 402,
  "input_predictions": 9326,
  "detections": 9326,
  "invalid_predictions_dropped": 0,
  "fppi_threshold": 0.25,
  "false_positives_on_negatives": {
    "total_negative_images": 750,
    "total_false_positives": 69,
    "fppi": 0.092,
    "by_group": {
      "negative_in_domain": {
        "negative_images": 439,
        "false_positives": 60,
        "fppi": 0.1366742596810934
      },
      "negative_out_domain": {
        "negative_images": 311,
        "false_positives": 9,
        "fppi": 0.028938906752411574
      }
    }
  },
  "predictions_above_fppi_threshold_by_group": {
    "negative_in_domain": 60,
    "negative_out_domain": 9,
    "positive": 475
  },
  "relative_scale_metrics": {
    "tiny": {
      "mAP": 0.2916360741081799,
      "mAP50": 0.6865599572717552,
      "mAP75": 0.169287752019754,
      "mAP_small": null,
      "mAP_medium": 0.26539518897872416,
      "mAP_large": 0.6999999999999998,
      "AR1": 0.2588235294117647,
      "AR10": 0.4,
      "AR100": 0.40588235294117647,
      "AR_small": null,
      "AR_medium": 0.3875,
      "AR_large": 0.7,
      "objects": 17,
      "positive_images": 14,
      "detections": 2387
    },
    "small": {
      "mAP": 0.3789552021885364,
      "mAP50": 0.7129891349583142,
      "mAP75": 0.3590848082648363,
      "mAP_small": null,
      "mAP_medium": 0.19851776534574828,
      "mAP_large": 0.44804745337744084,
      "AR1": 0.3363636363636363,
      "AR10": 0.5207792207792209,
      "AR100": 0.5207792207792209,
      "AR_small": null,
      "AR_medium": 0.41,
      "AR_large": 0.5596491228070175,
      "objects": 77,
      "positive_images": 51,
      "detections": 3325
    },
    "medium": {
      "mAP": 0.47695551101926703,
      "mAP50": 0.7575548532741889,
      "mAP75": 0.5162300991145653,
      "mAP_small": null,
      "mAP_medium": null,
      "mAP_large": 0.47738738449447815,
      "AR1": 0.5525252525252525,
      "AR10": 0.6121212121212121,
      "AR100": 0.6121212121212121,
      "AR_small": null,
      "AR_medium": null,
      "AR_large": 0.6121212121212121,
      "objects": 99,
      "positive_images": 94,
      "detections": 2357
    },
    "large": {
      "mAP": 0.6484251765904764,
      "mAP50": 0.9328680630390513,
      "mAP75": 0.7746079681265118,
      "mAP_small": null,
      "mAP_medium": null,
      "mAP_large": 0.6484251765904764,
      "AR1": 0.7248803827751196,
      "AR10": 0.7325358851674642,
      "AR100": 0.7325358851674642,
      "AR_small": null,
      "AR_medium": null,
      "AR_large": 0.7325358851674642,
      "objects": 209,
      "positive_images": 207,
      "detections": 1257
    }
  },
  "image_level": {
    "positive_images": 352,
    "negative_images": 750,
    "auroc": 0.9883484848484848,
    "average_precision": 0.9744541224116007,
    "fpr_at_target_tpr": {
      "threshold": 0.45640456676483154,
      "tp": 335,
      "fp": 34,
      "tn": 716,
      "fn": 17,
      "tpr": 0.9517045454545454,
      "fpr": 0.04533333333333334,
      "by_negative_group": {
        "negative_in_domain": {
          "negative_images": 439,
          "false_positive_images": 33,
          "fpr": 0.07517084282460136
        },
        "negative_out_domain": {
          "negative_images": 311,
          "false_positive_images": 1,
          "fpr": 0.003215434083601286
        }
      },
      "target_tpr": 0.95
    },
    "recall_at_fpr": {
      "0.01": {
        "max_fpr": 0.01,
        "threshold": 0.9438428282737732,
        "recall": 0.8210227272727273,
        "fpr": 0.009333333333333334,
        "tp": 289,
        "fp": 7,
        "tn": 743,
        "fn": 63
      },
      "0.05": {
        "max_fpr": 0.05,
        "threshold": 0.45321938395500183,
        "recall": 0.9545454545454546,
        "fpr": 0.04533333333333334,
        "tp": 336,
        "fp": 34,
        "tn": 716,
        "fn": 16
      }
    },
    "fixed_threshold": {
      "threshold": 0.25,
      "tp": 339,
      "fp": 55,
      "tn": 695,
      "fn": 13,
      "tpr": 0.9630681818181818,
      "fpr": 0.07333333333333333,
      "by_negative_group": {
        "negative_in_domain": {
          "negative_images": 439,
          "false_positive_images": 50,
          "fpr": 0.11389521640091116
        },
        "negative_out_domain": {
          "negative_images": 311,
          "false_positive_images": 5,
          "fpr": 0.01607717041800643
        }
      }
    }
  }
}
