{
  "mAP": 0.6685787415939933,
  "mAP50": 0.9549459647385792,
  "mAP75": 0.7970537304534535,
  "mAP_small": null,
  "mAP_medium": 0.48015073469155,
  "mAP_large": 0.6839621756776438,
  "AR1": 0.6437810945273632,
  "AR10": 0.736318407960199,
  "AR100": 0.7365671641791045,
  "AR_small": null,
  "AR_medium": 0.6055555555555555,
  "AR_large": 0.7494535519125682,
  "mAP_tiny_rel": 0.44289153567336864,
  "mAP50_tiny_rel": 0.7680795113454653,
  "mAP75_tiny_rel": 0.42555865493670103,
  "AR100_tiny_rel": 0.5529411764705883,
  "mAP_small_rel": 0.46741053634946444,
  "mAP50_small_rel": 0.7759259190994378,
  "mAP75_small_rel": 0.511315176145644,
  "AR100_small_rel": 0.5948051948051948,
  "mAP_medium_rel": 0.5620646384313814,
  "mAP50_medium_rel": 0.8221990280409285,
  "mAP75_medium_rel": 0.6438173525400531,
  "AR100_medium_rel": 0.6484848484848486,
  "mAP_large_rel": 0.6957364018300081,
  "mAP50_large_rel": 0.9255867187642959,
  "mAP75_large_rel": 0.8587404692738769,
  "AR100_large_rel": 0.7760765550239234,
  "mAP_tiny": 0.44289153567336864,
  "image_AUROC": 0.9944772727272727,
  "image_AP": 0.989308719236263,
  "FPR@95TPR": 0.013333333333333334,
  "threshold@95TPR": 0.8954837322235107,
  "TPR@95TPR": 0.9517045454545454,
  "Recall@FPR=1%": 0.9460227272727273,
  "Recall@FPR=5%": 0.9801136363636364,
  "in_domain_FPR@95TPR": 0.02050113895216401,
  "out_domain_FPR@95TPR": 0.003215434083601286,
  "in_domain_FPR@fixed": 0.0683371298405467,
  "out_domain_FPR@fixed": 0.006430868167202572,
  "split": "val",
  "images": 1102,
  "ground_truth_objects": 402,
  "input_predictions": 3085,
  "detections": 3085,
  "invalid_predictions_dropped": 0,
  "fppi_threshold": 0.25,
  "false_positives_on_negatives": {
    "total_negative_images": 750,
    "total_false_positives": 39,
    "fppi": 0.052,
    "by_group": {
      "negative_in_domain": {
        "negative_images": 439,
        "false_positives": 34,
        "fppi": 0.0774487471526196
      },
      "negative_out_domain": {
        "negative_images": 311,
        "false_positives": 5,
        "fppi": 0.01607717041800643
      }
    }
  },
  "predictions_above_fppi_threshold_by_group": {
    "negative_in_domain": 34,
    "negative_out_domain": 5,
    "positive": 461
  },
  "relative_scale_metrics": {
    "tiny": {
      "mAP": 0.44289153567336864,
      "mAP50": 0.7680795113454653,
      "mAP75": 0.42555865493670103,
      "mAP_small": null,
      "mAP_medium": 0.41337113362499045,
      "mAP_large": 0.7999999999999999,
      "AR1": 0.4294117647058823,
      "AR10": 0.5529411764705883,
      "AR100": 0.5529411764705883,
      "AR_small": null,
      "AR_medium": 0.5375,
      "AR_large": 0.8,
      "objects": 17,
      "positive_images": 14,
      "detections": 348
    },
    "small": {
      "mAP": 0.46741053634946444,
      "mAP50": 0.7759259190994378,
      "mAP75": 0.511315176145644,
      "mAP_small": null,
      "mAP_medium": 0.36128858919197726,
      "mAP_large": 0.5142921877439354,
      "AR1": 0.37532467532467534,
      "AR10": 0.5935064935064934,
      "AR100": 0.5948051948051948,
      "AR_small": null,
      "AR_medium": 0.5149999999999999,
      "AR_large": 0.6228070175438596,
      "objects": 77,
      "positive_images": 51,
      "detections": 636
    },
    "medium": {
      "mAP": 0.5620646384313814,
      "mAP50": 0.8221990280409285,
      "mAP75": 0.6438173525400531,
      "mAP_small": null,
      "mAP_medium": null,
      "mAP_large": 0.5623533274118283,
      "AR1": 0.5919191919191918,
      "AR10": 0.6484848484848486,
      "AR100": 0.6484848484848486,
      "AR_small": null,
      "AR_medium": null,
      "AR_large": 0.6484848484848486,
      "objects": 99,
      "positive_images": 94,
      "detections": 1267
    },
    "large": {
      "mAP": 0.6957364018300081,
      "mAP50": 0.9255867187642959,
      "mAP75": 0.8587404692738769,
      "mAP_small": null,
      "mAP_medium": null,
      "mAP_large": 0.6957364018300081,
      "AR1": 0.7688995215311005,
      "AR10": 0.7760765550239234,
      "AR100": 0.7760765550239234,
      "AR_small": null,
      "AR_medium": null,
      "AR_large": 0.7760765550239234,
      "objects": 209,
      "positive_images": 207,
      "detections": 834
    }
  },
  "image_level": {
    "positive_images": 352,
    "negative_images": 750,
    "auroc": 0.9944772727272727,
    "average_precision": 0.989308719236263,
    "fpr_at_target_tpr": {
      "threshold": 0.8954837322235107,
      "tp": 335,
      "fp": 10,
      "tn": 740,
      "fn": 17,
      "tpr": 0.9517045454545454,
      "fpr": 0.013333333333333334,
      "by_negative_group": {
        "negative_in_domain": {
          "negative_images": 439,
          "false_positive_images": 9,
          "fpr": 0.02050113895216401
        },
        "negative_out_domain": {
          "negative_images": 311,
          "false_positive_images": 1,
          "fpr": 0.003215434083601286
        }
      },
      "target_tpr": 0.95
    },
    "recall_at_fpr": {
      "0.01": {
        "max_fpr": 0.01,
        "threshold": 0.92983078956604,
        "recall": 0.9460227272727273,
        "fpr": 0.008,
        "tp": 333,
        "fp": 6,
        "tn": 744,
        "fn": 19
      },
      "0.05": {
        "max_fpr": 0.05,
        "threshold": 0.406770259141922,
        "recall": 0.9801136363636364,
        "fpr": 0.034666666666666665,
        "tp": 345,
        "fp": 26,
        "tn": 724,
        "fn": 7
      }
    },
    "fixed_threshold": {
      "threshold": 0.25,
      "tp": 345,
      "fp": 32,
      "tn": 718,
      "fn": 7,
      "tpr": 0.9801136363636364,
      "fpr": 0.042666666666666665,
      "by_negative_group": {
        "negative_in_domain": {
          "negative_images": 439,
          "false_positive_images": 30,
          "fpr": 0.0683371298405467
        },
        "negative_out_domain": {
          "negative_images": 311,
          "false_positive_images": 2,
          "fpr": 0.006430868167202572
        }
      }
    }
  }
}
