{
  "mAP": 0.6032140394854177,
  "mAP50": 0.9368866718850036,
  "mAP75": 0.6871561519834275,
  "mAP_small": null,
  "mAP_medium": 0.34036471314561784,
  "mAP_large": 0.6223472814880139,
  "AR1": 0.5985074626865672,
  "AR10": 0.682089552238806,
  "AR100": 0.6835820895522388,
  "AR_small": null,
  "AR_medium": 0.5361111111111112,
  "AR_large": 0.6980874316939889,
  "mAP_tiny_rel": 0.2028589547006651,
  "mAP50_tiny_rel": 0.48624949165924414,
  "mAP75_tiny_rel": 0.1489086408640864,
  "AR100_tiny_rel": 0.3705882352941176,
  "mAP_small_rel": 0.3628224513094524,
  "mAP50_small_rel": 0.7065327856617348,
  "mAP75_small_rel": 0.3286783398859796,
  "AR100_small_rel": 0.5194805194805194,
  "mAP_medium_rel": 0.4922880248028096,
  "mAP50_medium_rel": 0.7807854963688245,
  "mAP75_medium_rel": 0.5285307387717785,
  "AR100_medium_rel": 0.6181818181818183,
  "mAP_large_rel": 0.6577417793005945,
  "mAP50_large_rel": 0.940328402469317,
  "mAP75_large_rel": 0.7920499746964547,
  "AR100_large_rel": 0.7444976076555024,
  "mAP_tiny": 0.2028589547006651,
  "image_AUROC": 0.9907045454545454,
  "image_AP": 0.9791826188310915,
  "FPR@95TPR": 0.02266666666666667,
  "threshold@95TPR": 0.6733030676841736,
  "TPR@95TPR": 0.9517045454545454,
  "Recall@FPR=1%": 0.8863636363636364,
  "Recall@FPR=5%": 0.9715909090909091,
  "in_domain_FPR@95TPR": 0.03644646924829157,
  "out_domain_FPR@95TPR": 0.003215434083601286,
  "in_domain_FPR@fixed": 0.10250569476082004,
  "out_domain_FPR@fixed": 0.022508038585209004,
  "split": "val",
  "images": 1102,
  "ground_truth_objects": 402,
  "input_predictions": 8766,
  "detections": 8766,
  "invalid_predictions_dropped": 0,
  "fppi_threshold": 0.25,
  "false_positives_on_negatives": {
    "total_negative_images": 750,
    "total_false_positives": 66,
    "fppi": 0.088,
    "by_group": {
      "negative_in_domain": {
        "negative_images": 439,
        "false_positives": 54,
        "fppi": 0.12300683371298406
      },
      "negative_out_domain": {
        "negative_images": 311,
        "false_positives": 12,
        "fppi": 0.03858520900321544
      }
    }
  },
  "predictions_above_fppi_threshold_by_group": {
    "negative_in_domain": 54,
    "negative_out_domain": 12,
    "positive": 496
  },
  "relative_scale_metrics": {
    "tiny": {
      "mAP": 0.2028589547006651,
      "mAP50": 0.48624949165924414,
      "mAP75": 0.1489086408640864,
      "mAP_small": null,
      "mAP_medium": 0.2133201865495146,
      "mAP_large": 0.15,
      "AR1": 0.24117647058823527,
      "AR10": 0.36470588235294116,
      "AR100": 0.3705882352941176,
      "AR_small": null,
      "AR_medium": 0.375,
      "AR_large": 0.3,
      "objects": 17,
      "positive_images": 14,
      "detections": 2191
    },
    "small": {
      "mAP": 0.3628224513094524,
      "mAP50": 0.7065327856617348,
      "mAP75": 0.3286783398859796,
      "mAP_small": null,
      "mAP_medium": 0.2479816250263438,
      "mAP_large": 0.4075759580841797,
      "AR1": 0.2974025974025974,
      "AR10": 0.5181818181818182,
      "AR100": 0.5194805194805194,
      "AR_small": null,
      "AR_medium": 0.45499999999999996,
      "AR_large": 0.5421052631578948,
      "objects": 77,
      "positive_images": 51,
      "detections": 3034
    },
    "medium": {
      "mAP": 0.4922880248028096,
      "mAP50": 0.7807854963688245,
      "mAP75": 0.5285307387717785,
      "mAP_small": null,
      "mAP_medium": null,
      "mAP_large": 0.49253205052386334,
      "AR1": 0.5666666666666667,
      "AR10": 0.6181818181818183,
      "AR100": 0.6181818181818183,
      "AR_small": null,
      "AR_medium": null,
      "AR_large": 0.6181818181818183,
      "objects": 99,
      "positive_images": 94,
      "detections": 2371
    },
    "large": {
      "mAP": 0.6577417793005945,
      "mAP50": 0.940328402469317,
      "mAP75": 0.7920499746964547,
      "mAP_small": null,
      "mAP_medium": null,
      "mAP_large": 0.6577426307741667,
      "AR1": 0.7363636363636363,
      "AR10": 0.7444976076555024,
      "AR100": 0.7444976076555024,
      "AR_small": null,
      "AR_medium": null,
      "AR_large": 0.7444976076555024,
      "objects": 209,
      "positive_images": 207,
      "detections": 1170
    }
  },
  "image_level": {
    "positive_images": 352,
    "negative_images": 750,
    "auroc": 0.9907045454545454,
    "average_precision": 0.9791826188310915,
    "fpr_at_target_tpr": {
      "threshold": 0.6733030676841736,
      "tp": 335,
      "fp": 17,
      "tn": 733,
      "fn": 17,
      "tpr": 0.9517045454545454,
      "fpr": 0.02266666666666667,
      "by_negative_group": {
        "negative_in_domain": {
          "negative_images": 439,
          "false_positive_images": 16,
          "fpr": 0.03644646924829157
        },
        "negative_out_domain": {
          "negative_images": 311,
          "false_positive_images": 1,
          "fpr": 0.003215434083601286
        }
      },
      "target_tpr": 0.95
    },
    "recall_at_fpr": {
      "0.01": {
        "max_fpr": 0.01,
        "threshold": 0.9085870385169983,
        "recall": 0.8863636363636364,
        "fpr": 0.009333333333333334,
        "tp": 312,
        "fp": 7,
        "tn": 743,
        "fn": 40
      },
      "0.05": {
        "max_fpr": 0.05,
        "threshold": 0.39437606930732727,
        "recall": 0.9715909090909091,
        "fpr": 0.048,
        "tp": 342,
        "fp": 36,
        "tn": 714,
        "fn": 10
      }
    },
    "fixed_threshold": {
      "threshold": 0.25,
      "tp": 343,
      "fp": 52,
      "tn": 698,
      "fn": 9,
      "tpr": 0.9744318181818182,
      "fpr": 0.06933333333333333,
      "by_negative_group": {
        "negative_in_domain": {
          "negative_images": 439,
          "false_positive_images": 45,
          "fpr": 0.10250569476082004
        },
        "negative_out_domain": {
          "negative_images": 311,
          "false_positive_images": 7,
          "fpr": 0.022508038585209004
        }
      }
    }
  }
}
