{
  "mAP": 0.6641906124121321,
  "mAP50": 0.9519245897181291,
  "mAP75": 0.7781961766879856,
  "mAP_small": null,
  "mAP_medium": 0.49273809435869864,
  "mAP_large": 0.6791115012093363,
  "AR1": 0.6383084577114428,
  "AR10": 0.7318407960199005,
  "AR100": 0.7318407960199005,
  "AR_small": null,
  "AR_medium": 0.611111111111111,
  "AR_large": 0.7437158469945355,
  "mAP_tiny_rel": 0.3402155343411579,
  "mAP50_tiny_rel": 0.6241616233234577,
  "mAP75_tiny_rel": 0.41501607961307646,
  "AR100_tiny_rel": 0.5117647058823529,
  "mAP_small_rel": 0.42786552840782777,
  "mAP50_small_rel": 0.7245539759642824,
  "mAP75_small_rel": 0.48642418481770255,
  "AR100_small_rel": 0.5545454545454545,
  "mAP_medium_rel": 0.569860587630161,
  "mAP50_medium_rel": 0.8188133433485445,
  "mAP75_medium_rel": 0.6597693838935237,
  "AR100_medium_rel": 0.6727272727272727,
  "mAP_large_rel": 0.6990524845434314,
  "mAP50_large_rel": 0.9313942371161124,
  "mAP75_large_rel": 0.8335596968173242,
  "AR100_large_rel": 0.7660287081339712,
  "mAP_tiny": 0.3402155343411579,
  "image_AUROC": 0.9918333333333333,
  "image_AP": 0.9849785074914331,
  "FPR@95TPR": 0.02,
  "threshold@95TPR": 0.8731328248977661,
  "TPR@95TPR": 0.9517045454545454,
  "Recall@FPR=1%": 0.9460227272727273,
  "Recall@FPR=5%": 0.9630681818181818,
  "in_domain_FPR@95TPR": 0.02733485193621868,
  "out_domain_FPR@95TPR": 0.00964630225080386,
  "in_domain_FPR@fixed": 0.08428246013667426,
  "out_domain_FPR@fixed": 0.09967845659163987,
  "split": "val",
  "images": 1102,
  "ground_truth_objects": 402,
  "input_predictions": 4180,
  "detections": 4180,
  "invalid_predictions_dropped": 0,
  "fppi_threshold": 0.25,
  "false_positives_on_negatives": {
    "total_negative_images": 750,
    "total_false_positives": 85,
    "fppi": 0.11333333333333333,
    "by_group": {
      "negative_in_domain": {
        "negative_images": 439,
        "false_positives": 43,
        "fppi": 0.0979498861047836
      },
      "negative_out_domain": {
        "negative_images": 311,
        "false_positives": 42,
        "fppi": 0.13504823151125403
      }
    }
  },
  "predictions_above_fppi_threshold_by_group": {
    "negative_in_domain": 43,
    "negative_out_domain": 42,
    "positive": 466
  },
  "relative_scale_metrics": {
    "tiny": {
      "mAP": 0.3402155343411579,
      "mAP50": 0.6241616233234577,
      "mAP75": 0.41501607961307646,
      "mAP_small": null,
      "mAP_medium": 0.3203961699868422,
      "mAP_large": 0.7999999999999999,
      "AR1": 0.3882352941176471,
      "AR10": 0.5117647058823529,
      "AR100": 0.5117647058823529,
      "AR_small": null,
      "AR_medium": 0.49375,
      "AR_large": 0.8,
      "objects": 17,
      "positive_images": 14,
      "detections": 699
    },
    "small": {
      "mAP": 0.42786552840782777,
      "mAP50": 0.7245539759642824,
      "mAP75": 0.48642418481770255,
      "mAP_small": null,
      "mAP_medium": 0.2917499167499167,
      "mAP_large": 0.4844692006429943,
      "AR1": 0.361038961038961,
      "AR10": 0.5545454545454545,
      "AR100": 0.5545454545454545,
      "AR_small": null,
      "AR_medium": 0.40499999999999997,
      "AR_large": 0.607017543859649,
      "objects": 77,
      "positive_images": 51,
      "detections": 937
    },
    "medium": {
      "mAP": 0.569860587630161,
      "mAP50": 0.8188133433485445,
      "mAP75": 0.6597693838935237,
      "mAP_small": null,
      "mAP_medium": null,
      "mAP_large": 0.5701517458565849,
      "AR1": 0.6151515151515151,
      "AR10": 0.6727272727272727,
      "AR100": 0.6727272727272727,
      "AR_small": null,
      "AR_medium": null,
      "AR_large": 0.6727272727272727,
      "objects": 99,
      "positive_images": 94,
      "detections": 1510
    },
    "large": {
      "mAP": 0.6990524845434314,
      "mAP50": 0.9313942371161124,
      "mAP75": 0.8335596968173242,
      "mAP_small": null,
      "mAP_medium": null,
      "mAP_large": 0.6990524845434314,
      "AR1": 0.7564593301435407,
      "AR10": 0.7660287081339712,
      "AR100": 0.7660287081339712,
      "AR_small": null,
      "AR_medium": null,
      "AR_large": 0.7660287081339712,
      "objects": 209,
      "positive_images": 207,
      "detections": 1034
    }
  },
  "image_level": {
    "positive_images": 352,
    "negative_images": 750,
    "auroc": 0.9918333333333333,
    "average_precision": 0.9849785074914331,
    "fpr_at_target_tpr": {
      "threshold": 0.8731328248977661,
      "tp": 335,
      "fp": 15,
      "tn": 735,
      "fn": 17,
      "tpr": 0.9517045454545454,
      "fpr": 0.02,
      "by_negative_group": {
        "negative_in_domain": {
          "negative_images": 439,
          "false_positive_images": 12,
          "fpr": 0.02733485193621868
        },
        "negative_out_domain": {
          "negative_images": 311,
          "false_positive_images": 3,
          "fpr": 0.00964630225080386
        }
      },
      "target_tpr": 0.95
    },
    "recall_at_fpr": {
      "0.01": {
        "max_fpr": 0.01,
        "threshold": 0.9276811480522156,
        "recall": 0.9460227272727273,
        "fpr": 0.009333333333333334,
        "tp": 333,
        "fp": 7,
        "tn": 743,
        "fn": 19
      },
      "0.05": {
        "max_fpr": 0.05,
        "threshold": 0.6432594656944275,
        "recall": 0.9630681818181818,
        "fpr": 0.044,
        "tp": 339,
        "fp": 33,
        "tn": 717,
        "fn": 13
      }
    },
    "fixed_threshold": {
      "threshold": 0.25,
      "tp": 345,
      "fp": 68,
      "tn": 682,
      "fn": 7,
      "tpr": 0.9801136363636364,
      "fpr": 0.09066666666666667,
      "by_negative_group": {
        "negative_in_domain": {
          "negative_images": 439,
          "false_positive_images": 37,
          "fpr": 0.08428246013667426
        },
        "negative_out_domain": {
          "negative_images": 311,
          "false_positive_images": 31,
          "fpr": 0.09967845659163987
        }
      }
    }
  }
}
