{
  "mAP": 0.5891526902631421,
  "mAP50": 0.9345682046041927,
  "mAP75": 0.6689909955985168,
  "mAP_small": null,
  "mAP_medium": 0.45053146028462804,
  "mAP_large": 0.6013698965739313,
  "AR1": 0.574129353233831,
  "AR10": 0.6626865671641792,
  "AR100": 0.6661691542288557,
  "AR_small": null,
  "AR_medium": 0.5888888888888889,
  "AR_large": 0.6737704918032786,
  "mAP_tiny_rel": 0.26773671312777897,
  "mAP50_tiny_rel": 0.5478528379314976,
  "mAP75_tiny_rel": 0.23276327632763275,
  "AR100_tiny_rel": 0.45294117647058824,
  "mAP_small_rel": 0.43585648636569624,
  "mAP50_small_rel": 0.7526001711679243,
  "mAP75_small_rel": 0.45365178559725505,
  "AR100_small_rel": 0.551948051948052,
  "mAP_medium_rel": 0.44595041401356045,
  "mAP50_medium_rel": 0.7529359886771346,
  "mAP75_medium_rel": 0.4574216750651371,
  "AR100_medium_rel": 0.5787878787878789,
  "mAP_large_rel": 0.6329094261507799,
  "mAP50_large_rel": 0.9291996460530502,
  "mAP75_large_rel": 0.7870520362697724,
  "AR100_large_rel": 0.7114832535885168,
  "mAP_tiny": 0.26773671312777897,
  "image_AUROC": 0.9928257575757575,
  "image_AP": 0.9855568930620574,
  "FPR@95TPR": 0.032,
  "threshold@95TPR": 0.7475194334983826,
  "TPR@95TPR": 0.9517045454545454,
  "Recall@FPR=1%": 0.8892045454545454,
  "Recall@FPR=5%": 0.9715909090909091,
  "in_domain_FPR@95TPR": 0.05011389521640091,
  "out_domain_FPR@95TPR": 0.006430868167202572,
  "in_domain_FPR@fixed": 0.12072892938496584,
  "out_domain_FPR@fixed": 0.03858520900321544,
  "split": "val",
  "images": 1102,
  "ground_truth_objects": 402,
  "input_predictions": 15512,
  "detections": 15512,
  "invalid_predictions_dropped": 0,
  "fppi_threshold": 0.25,
  "false_positives_on_negatives": {
    "total_negative_images": 750,
    "total_false_positives": 95,
    "fppi": 0.12666666666666668,
    "by_group": {
      "negative_in_domain": {
        "negative_images": 439,
        "false_positives": 75,
        "fppi": 0.17084282460136674
      },
      "negative_out_domain": {
        "negative_images": 311,
        "false_positives": 20,
        "fppi": 0.06430868167202572
      }
    }
  },
  "predictions_above_fppi_threshold_by_group": {
    "negative_in_domain": 75,
    "negative_out_domain": 20,
    "positive": 720
  },
  "relative_scale_metrics": {
    "tiny": {
      "mAP": 0.26773671312777897,
      "mAP50": 0.5478528379314976,
      "mAP75": 0.23276327632763275,
      "mAP_small": null,
      "mAP_medium": 0.2819431764853655,
      "mAP_large": 0.5999999999999999,
      "AR1": 0.311764705882353,
      "AR10": 0.45294117647058824,
      "AR100": 0.45294117647058824,
      "AR_small": null,
      "AR_medium": 0.44375,
      "AR_large": 0.6,
      "objects": 17,
      "positive_images": 14,
      "detections": 4362
    },
    "small": {
      "mAP": 0.43585648636569624,
      "mAP50": 0.7526001711679243,
      "mAP75": 0.45365178559725505,
      "mAP_small": null,
      "mAP_medium": 0.4363634766520673,
      "mAP_large": 0.4381024373172976,
      "AR1": 0.36883116883116884,
      "AR10": 0.5493506493506494,
      "AR100": 0.551948051948052,
      "AR_small": null,
      "AR_medium": 0.55,
      "AR_large": 0.5526315789473684,
      "objects": 77,
      "positive_images": 51,
      "detections": 4359
    },
    "medium": {
      "mAP": 0.44595041401356045,
      "mAP50": 0.7529359886771346,
      "mAP75": 0.4574216750651371,
      "mAP_small": null,
      "mAP_medium": null,
      "mAP_large": 0.44645790322631845,
      "AR1": 0.5171717171717172,
      "AR10": 0.5757575757575758,
      "AR100": 0.5787878787878789,
      "AR_small": null,
      "AR_medium": null,
      "AR_large": 0.5787878787878789,
      "objects": 99,
      "positive_images": 94,
      "detections": 5157
    },
    "large": {
      "mAP": 0.6329094261507799,
      "mAP50": 0.9291996460530502,
      "mAP75": 0.7870520362697724,
      "mAP_small": null,
      "mAP_medium": null,
      "mAP_large": 0.6329094261507799,
      "AR1": 0.6942583732057417,
      "AR10": 0.7114832535885168,
      "AR100": 0.7114832535885168,
      "AR_small": null,
      "AR_medium": null,
      "AR_large": 0.7114832535885168,
      "objects": 209,
      "positive_images": 207,
      "detections": 1634
    }
  },
  "image_level": {
    "positive_images": 352,
    "negative_images": 750,
    "auroc": 0.9928257575757575,
    "average_precision": 0.9855568930620574,
    "fpr_at_target_tpr": {
      "threshold": 0.7475194334983826,
      "tp": 335,
      "fp": 24,
      "tn": 726,
      "fn": 17,
      "tpr": 0.9517045454545454,
      "fpr": 0.032,
      "by_negative_group": {
        "negative_in_domain": {
          "negative_images": 439,
          "false_positive_images": 22,
          "fpr": 0.05011389521640091
        },
        "negative_out_domain": {
          "negative_images": 311,
          "false_positive_images": 2,
          "fpr": 0.006430868167202572
        }
      },
      "target_tpr": 0.95
    },
    "recall_at_fpr": {
      "0.01": {
        "max_fpr": 0.01,
        "threshold": 0.9304459691047668,
        "recall": 0.8892045454545454,
        "fpr": 0.009333333333333334,
        "tp": 313,
        "fp": 7,
        "tn": 743,
        "fn": 39
      },
      "0.05": {
        "max_fpr": 0.05,
        "threshold": 0.5992171168327332,
        "recall": 0.9715909090909091,
        "fpr": 0.04533333333333334,
        "tp": 342,
        "fp": 34,
        "tn": 716,
        "fn": 10
      }
    },
    "fixed_threshold": {
      "threshold": 0.25,
      "tp": 346,
      "fp": 65,
      "tn": 685,
      "fn": 6,
      "tpr": 0.9829545454545454,
      "fpr": 0.08666666666666667,
      "by_negative_group": {
        "negative_in_domain": {
          "negative_images": 439,
          "false_positive_images": 53,
          "fpr": 0.12072892938496584
        },
        "negative_out_domain": {
          "negative_images": 311,
          "false_positive_images": 12,
          "fpr": 0.03858520900321544
        }
      }
    }
  }
}
