{
  "mAP": 0.521304325617071,
  "mAP50": 0.9022459219239295,
  "mAP75": 0.5597294308730546,
  "mAP_small": null,
  "mAP_medium": 0.14721046198855234,
  "mAP_large": 0.5507854561330681,
  "AR1": 0.536318407960199,
  "AR10": 0.6179104477611941,
  "AR100": 0.618905472636816,
  "AR_small": null,
  "AR_medium": 0.4138888888888889,
  "AR_large": 0.6390710382513662,
  "mAP_tiny_rel": 0.06635262103595095,
  "mAP50_tiny_rel": 0.2217086664008434,
  "mAP75_tiny_rel": 0.011656639126620167,
  "AR100_tiny_rel": 0.34705882352941175,
  "mAP_small_rel": 0.24484498929215373,
  "mAP50_small_rel": 0.5854365446685219,
  "mAP75_small_rel": 0.10917227894315355,
  "AR100_small_rel": 0.40909090909090917,
  "mAP_medium_rel": 0.4009356458257089,
  "mAP50_medium_rel": 0.7268295802229185,
  "mAP75_medium_rel": 0.4400277566337402,
  "AR100_medium_rel": 0.5606060606060606,
  "mAP_large_rel": 0.5744284602382403,
  "mAP50_large_rel": 0.9058352903129172,
  "mAP75_large_rel": 0.6731914628107083,
  "AR100_large_rel": 0.6746411483253588,
  "mAP_tiny": 0.06635262103595095,
  "image_AUROC": 0.9861401515151516,
  "image_AP": 0.9744744502083756,
  "FPR@95TPR": 0.05733333333333333,
  "threshold@95TPR": 0.6080159544944763,
  "TPR@95TPR": 0.9517045454545454,
  "Recall@FPR=1%": 0.7840909090909091,
  "Recall@FPR=5%": 0.9460227272727273,
  "in_domain_FPR@95TPR": 0.09339407744874716,
  "out_domain_FPR@95TPR": 0.006430868167202572,
  "in_domain_FPR@fixed": 0.19817767653758542,
  "out_domain_FPR@fixed": 0.06109324758842444,
  "split": "val",
  "images": 1102,
  "ground_truth_objects": 402,
  "input_predictions": 24436,
  "detections": 24436,
  "invalid_predictions_dropped": 0,
  "fppi_threshold": 0.25,
  "false_positives_on_negatives": {
    "total_negative_images": 750,
    "total_false_positives": 147,
    "fppi": 0.196,
    "by_group": {
      "negative_in_domain": {
        "negative_images": 439,
        "false_positives": 118,
        "fppi": 0.26879271070615035
      },
      "negative_out_domain": {
        "negative_images": 311,
        "false_positives": 29,
        "fppi": 0.0932475884244373
      }
    }
  },
  "predictions_above_fppi_threshold_by_group": {
    "negative_in_domain": 118,
    "negative_out_domain": 29,
    "positive": 676
  },
  "relative_scale_metrics": {
    "tiny": {
      "mAP": 0.06635262103595095,
      "mAP50": 0.2217086664008434,
      "mAP75": 0.011656639126620167,
      "mAP_small": null,
      "mAP_medium": 0.07126874390143337,
      "mAP_large": 0.08333333333333333,
      "AR1": 0.15294117647058822,
      "AR10": 0.34705882352941175,
      "AR100": 0.34705882352941175,
      "AR_small": null,
      "AR_medium": 0.35,
      "AR_large": 0.3,
      "objects": 17,
      "positive_images": 14,
      "detections": 5292
    },
    "small": {
      "mAP": 0.24484498929215373,
      "mAP50": 0.5854365446685219,
      "mAP75": 0.10917227894315355,
      "mAP_small": null,
      "mAP_medium": 0.12309288036015642,
      "mAP_large": 0.29780282814674897,
      "AR1": 0.22077922077922074,
      "AR10": 0.4038961038961039,
      "AR100": 0.40909090909090917,
      "AR_small": null,
      "AR_medium": 0.3,
      "AR_large": 0.4473684210526315,
      "objects": 77,
      "positive_images": 51,
      "detections": 9882
    },
    "medium": {
      "mAP": 0.4009356458257089,
      "mAP50": 0.7268295802229185,
      "mAP75": 0.4400277566337402,
      "mAP_small": null,
      "mAP_medium": null,
      "mAP_large": 0.4016808814858098,
      "AR1": 0.509090909090909,
      "AR10": 0.5585858585858585,
      "AR100": 0.5606060606060606,
      "AR_small": null,
      "AR_medium": null,
      "AR_large": 0.5606060606060606,
      "objects": 99,
      "positive_images": 94,
      "detections": 6896
    },
    "large": {
      "mAP": 0.5744284602382403,
      "mAP50": 0.9058352903129172,
      "mAP75": 0.6731914628107083,
      "mAP_small": null,
      "mAP_medium": null,
      "mAP_large": 0.5744284602382403,
      "AR1": 0.6679425837320574,
      "AR10": 0.6746411483253588,
      "AR100": 0.6746411483253588,
      "AR_small": null,
      "AR_medium": null,
      "AR_large": 0.6746411483253588,
      "objects": 209,
      "positive_images": 207,
      "detections": 2366
    }
  },
  "image_level": {
    "positive_images": 352,
    "negative_images": 750,
    "auroc": 0.9861401515151516,
    "average_precision": 0.9744744502083756,
    "fpr_at_target_tpr": {
      "threshold": 0.6080159544944763,
      "tp": 335,
      "fp": 43,
      "tn": 707,
      "fn": 17,
      "tpr": 0.9517045454545454,
      "fpr": 0.05733333333333333,
      "by_negative_group": {
        "negative_in_domain": {
          "negative_images": 439,
          "false_positive_images": 41,
          "fpr": 0.09339407744874716
        },
        "negative_out_domain": {
          "negative_images": 311,
          "false_positive_images": 2,
          "fpr": 0.006430868167202572
        }
      },
      "target_tpr": 0.95
    },
    "recall_at_fpr": {
      "0.01": {
        "max_fpr": 0.01,
        "threshold": 0.9506973028182983,
        "recall": 0.7840909090909091,
        "fpr": 0.008,
        "tp": 276,
        "fp": 6,
        "tn": 744,
        "fn": 76
      },
      "0.05": {
        "max_fpr": 0.05,
        "threshold": 0.6381017565727234,
        "recall": 0.9460227272727273,
        "fpr": 0.048,
        "tp": 333,
        "fp": 36,
        "tn": 714,
        "fn": 19
      }
    },
    "fixed_threshold": {
      "threshold": 0.25,
      "tp": 344,
      "fp": 106,
      "tn": 644,
      "fn": 8,
      "tpr": 0.9772727272727273,
      "fpr": 0.14133333333333334,
      "by_negative_group": {
        "negative_in_domain": {
          "negative_images": 439,
          "false_positive_images": 87,
          "fpr": 0.19817767653758542
        },
        "negative_out_domain": {
          "negative_images": 311,
          "false_positive_images": 19,
          "fpr": 0.06109324758842444
        }
      }
    }
  }
}
