{
  "mAP": 0.651073318414597,
  "mAP50": 0.95517518067546,
  "mAP75": 0.7539288259878004,
  "mAP_small": null,
  "mAP_medium": 0.4968428728225229,
  "mAP_large": 0.6646105590362615,
  "AR1": 0.6278606965174129,
  "AR10": 0.7238805970149254,
  "AR100": 0.7246268656716417,
  "AR_small": null,
  "AR_medium": 0.6083333333333333,
  "AR_large": 0.7360655737704918,
  "mAP_tiny_rel": 0.43382799871960437,
  "mAP50_tiny_rel": 0.785905736393037,
  "mAP75_tiny_rel": 0.3341584158415842,
  "AR100_tiny_rel": 0.5588235294117647,
  "mAP_small_rel": 0.4731894159484308,
  "mAP50_small_rel": 0.7799972820155674,
  "mAP75_small_rel": 0.4997410698911367,
  "AR100_small_rel": 0.5922077922077922,
  "mAP_medium_rel": 0.5538886539678564,
  "mAP50_medium_rel": 0.8235764605021676,
  "mAP75_medium_rel": 0.6112228774850929,
  "AR100_medium_rel": 0.6525252525252524,
  "mAP_large_rel": 0.6747584582180932,
  "mAP50_large_rel": 0.9276789924877625,
  "mAP75_large_rel": 0.8177814003891403,
  "AR100_large_rel": 0.7641148325358852,
  "mAP_tiny": 0.43382799871960437,
  "image_AUROC": 0.9924734848484849,
  "image_AP": 0.9873357917528244,
  "FPR@95TPR": 0.016,
  "threshold@95TPR": 0.8052091002464294,
  "TPR@95TPR": 0.9517045454545454,
  "Recall@FPR=1%": 0.9232954545454546,
  "Recall@FPR=5%": 0.9801136363636364,
  "in_domain_FPR@95TPR": 0.025056947608200455,
  "out_domain_FPR@95TPR": 0.003215434083601286,
  "in_domain_FPR@fixed": 0.0774487471526196,
  "out_domain_FPR@fixed": 0.006430868167202572,
  "split": "val",
  "images": 1102,
  "ground_truth_objects": 402,
  "input_predictions": 3958,
  "detections": 3958,
  "invalid_predictions_dropped": 0,
  "fppi_threshold": 0.25,
  "false_positives_on_negatives": {
    "total_negative_images": 750,
    "total_false_positives": 46,
    "fppi": 0.06133333333333333,
    "by_group": {
      "negative_in_domain": {
        "negative_images": 439,
        "false_positives": 39,
        "fppi": 0.0888382687927107
      },
      "negative_out_domain": {
        "negative_images": 311,
        "false_positives": 7,
        "fppi": 0.022508038585209004
      }
    }
  },
  "predictions_above_fppi_threshold_by_group": {
    "negative_in_domain": 39,
    "negative_out_domain": 7,
    "positive": 454
  },
  "relative_scale_metrics": {
    "tiny": {
      "mAP": 0.43382799871960437,
      "mAP50": 0.785905736393037,
      "mAP75": 0.3341584158415842,
      "mAP_small": null,
      "mAP_medium": 0.405791919095801,
      "mAP_large": 0.8999999999999999,
      "AR1": 0.44117647058823534,
      "AR10": 0.5588235294117647,
      "AR100": 0.5588235294117647,
      "AR_small": null,
      "AR_medium": 0.5375,
      "AR_large": 0.9,
      "objects": 17,
      "positive_images": 14,
      "detections": 504
    },
    "small": {
      "mAP": 0.4731894159484308,
      "mAP50": 0.7799972820155674,
      "mAP75": 0.4997410698911367,
      "mAP_small": null,
      "mAP_medium": 0.382089535252295,
      "mAP_large": 0.5112646922358677,
      "AR1": 0.3714285714285714,
      "AR10": 0.5896103896103896,
      "AR100": 0.5922077922077922,
      "AR_small": null,
      "AR_medium": 0.5199999999999999,
      "AR_large": 0.6175438596491227,
      "objects": 77,
      "positive_images": 51,
      "detections": 936
    },
    "medium": {
      "mAP": 0.5538886539678564,
      "mAP50": 0.8235764605021676,
      "mAP75": 0.6112228774850929,
      "mAP_small": null,
      "mAP_medium": null,
      "mAP_large": 0.5541456348753812,
      "AR1": 0.5939393939393939,
      "AR10": 0.6525252525252524,
      "AR100": 0.6525252525252524,
      "AR_small": null,
      "AR_medium": null,
      "AR_large": 0.6525252525252524,
      "objects": 99,
      "positive_images": 94,
      "detections": 1544
    },
    "large": {
      "mAP": 0.6747584582180932,
      "mAP50": 0.9276789924877625,
      "mAP75": 0.8177814003891403,
      "mAP_small": null,
      "mAP_medium": null,
      "mAP_large": 0.6747584582180932,
      "AR1": 0.7531100478468901,
      "AR10": 0.7641148325358852,
      "AR100": 0.7641148325358852,
      "AR_small": null,
      "AR_medium": null,
      "AR_large": 0.7641148325358852,
      "objects": 209,
      "positive_images": 207,
      "detections": 974
    }
  },
  "image_level": {
    "positive_images": 352,
    "negative_images": 750,
    "auroc": 0.9924734848484849,
    "average_precision": 0.9873357917528244,
    "fpr_at_target_tpr": {
      "threshold": 0.8052091002464294,
      "tp": 335,
      "fp": 12,
      "tn": 738,
      "fn": 17,
      "tpr": 0.9517045454545454,
      "fpr": 0.016,
      "by_negative_group": {
        "negative_in_domain": {
          "negative_images": 439,
          "false_positive_images": 11,
          "fpr": 0.025056947608200455
        },
        "negative_out_domain": {
          "negative_images": 311,
          "false_positive_images": 1,
          "fpr": 0.003215434083601286
        }
      },
      "target_tpr": 0.95
    },
    "recall_at_fpr": {
      "0.01": {
        "max_fpr": 0.01,
        "threshold": 0.9197341203689575,
        "recall": 0.9232954545454546,
        "fpr": 0.009333333333333334,
        "tp": 325,
        "fp": 7,
        "tn": 743,
        "fn": 27
      },
      "0.05": {
        "max_fpr": 0.05,
        "threshold": 0.24730262160301208,
        "recall": 0.9801136363636364,
        "fpr": 0.048,
        "tp": 345,
        "fp": 36,
        "tn": 714,
        "fn": 7
      }
    },
    "fixed_threshold": {
      "threshold": 0.25,
      "tp": 344,
      "fp": 36,
      "tn": 714,
      "fn": 8,
      "tpr": 0.9772727272727273,
      "fpr": 0.048,
      "by_negative_group": {
        "negative_in_domain": {
          "negative_images": 439,
          "false_positive_images": 34,
          "fpr": 0.0774487471526196
        },
        "negative_out_domain": {
          "negative_images": 311,
          "false_positive_images": 2,
          "fpr": 0.006430868167202572
        }
      }
    }
  }
}
