{
  "mAP": 0.6094125769189745,
  "mAP50": 0.921550850572497,
  "mAP75": 0.7212039135083187,
  "mAP_small": null,
  "mAP_medium": 0.43551015490523304,
  "mAP_large": 0.6251168799503278,
  "AR1": 0.609950248756219,
  "AR10": 0.7039800995024875,
  "AR100": 0.7069651741293532,
  "AR_small": null,
  "AR_medium": 0.6027777777777777,
  "AR_large": 0.7172131147540984,
  "mAP_tiny_rel": 0.26327400899987996,
  "mAP50_tiny_rel": 0.5317312635540179,
  "mAP75_tiny_rel": 0.14554455445544554,
  "AR100_tiny_rel": 0.5705882352941176,
  "mAP_small_rel": 0.38863202557473325,
  "mAP50_small_rel": 0.6679190463875377,
  "mAP75_small_rel": 0.4115419471709484,
  "AR100_small_rel": 0.5467532467532468,
  "mAP_medium_rel": 0.48010011088394094,
  "mAP50_medium_rel": 0.7336802901489439,
  "mAP75_medium_rel": 0.5679934066082629,
  "AR100_medium_rel": 0.6464646464646464,
  "mAP_large_rel": 0.64556692226644,
  "mAP50_large_rel": 0.9149369328000241,
  "mAP75_large_rel": 0.8056348056880908,
  "AR100_large_rel": 0.7315789473684211,
  "mAP_tiny": 0.26327400899987996,
  "image_AUROC": 0.9764848484848485,
  "image_AP": 0.9591844186249167,
  "FPR@95TPR": 0.11466666666666667,
  "threshold@95TPR": 0.9389145374298096,
  "TPR@95TPR": 0.9517045454545454,
  "Recall@FPR=1%": 0.7386363636363636,
  "Recall@FPR=5%": 0.90625,
  "in_domain_FPR@95TPR": 0.11617312072892938,
  "out_domain_FPR@95TPR": 0.11254019292604502,
  "in_domain_FPR@fixed": 0.55125284738041,
  "out_domain_FPR@fixed": 0.6012861736334405,
  "split": "val",
  "images": 1102,
  "ground_truth_objects": 402,
  "input_predictions": 17530,
  "detections": 17530,
  "invalid_predictions_dropped": 0,
  "fppi_threshold": 0.25,
  "false_positives_on_negatives": {
    "total_negative_images": 750,
    "total_false_positives": 792,
    "fppi": 1.056,
    "by_group": {
      "negative_in_domain": {
        "negative_images": 439,
        "false_positives": 436,
        "fppi": 0.9931662870159453
      },
      "negative_out_domain": {
        "negative_images": 311,
        "false_positives": 356,
        "fppi": 1.144694533762058
      }
    }
  },
  "predictions_above_fppi_threshold_by_group": {
    "negative_in_domain": 436,
    "negative_out_domain": 356,
    "positive": 607
  },
  "relative_scale_metrics": {
    "tiny": {
      "mAP": 0.26327400899987996,
      "mAP50": 0.5317312635540179,
      "mAP75": 0.14554455445544554,
      "mAP_small": null,
      "mAP_medium": 0.3081478701231251,
      "mAP_large": 0.3,
      "AR1": 0.388235294117647,
      "AR10": 0.5705882352941176,
      "AR100": 0.5705882352941176,
      "AR_small": null,
      "AR_medium": 0.5625,
      "AR_large": 0.7,
      "objects": 17,
      "positive_images": 14,
      "detections": 3338
    },
    "small": {
      "mAP": 0.38863202557473325,
      "mAP50": 0.6679190463875377,
      "mAP75": 0.4115419471709484,
      "mAP_small": null,
      "mAP_medium": 0.3292695319952163,
      "mAP_large": 0.41328278479034364,
      "AR1": 0.35974025974025975,
      "AR10": 0.5441558441558441,
      "AR100": 0.5467532467532468,
      "AR_small": null,
      "AR_medium": 0.45999999999999996,
      "AR_large": 0.5771929824561403,
      "objects": 77,
      "positive_images": 51,
      "detections": 4382
    },
    "medium": {
      "mAP": 0.48010011088394094,
      "mAP50": 0.7336802901489439,
      "mAP75": 0.5679934066082629,
      "mAP_small": null,
      "mAP_medium": null,
      "mAP_large": 0.480429312078838,
      "AR1": 0.5777777777777778,
      "AR10": 0.6464646464646464,
      "AR100": 0.6464646464646464,
      "AR_small": null,
      "AR_medium": null,
      "AR_large": 0.6464646464646464,
      "objects": 99,
      "positive_images": 94,
      "detections": 6513
    },
    "large": {
      "mAP": 0.64556692226644,
      "mAP50": 0.9149369328000241,
      "mAP75": 0.8056348056880908,
      "mAP_small": null,
      "mAP_medium": null,
      "mAP_large": 0.645567298043054,
      "AR1": 0.7220095693779904,
      "AR10": 0.7315789473684211,
      "AR100": 0.7315789473684211,
      "AR_small": null,
      "AR_medium": null,
      "AR_large": 0.7315789473684211,
      "objects": 209,
      "positive_images": 207,
      "detections": 3297
    }
  },
  "image_level": {
    "positive_images": 352,
    "negative_images": 750,
    "auroc": 0.9764848484848485,
    "average_precision": 0.9591844186249167,
    "fpr_at_target_tpr": {
      "threshold": 0.9389145374298096,
      "tp": 335,
      "fp": 86,
      "tn": 664,
      "fn": 17,
      "tpr": 0.9517045454545454,
      "fpr": 0.11466666666666667,
      "by_negative_group": {
        "negative_in_domain": {
          "negative_images": 439,
          "false_positive_images": 51,
          "fpr": 0.11617312072892938
        },
        "negative_out_domain": {
          "negative_images": 311,
          "false_positive_images": 35,
          "fpr": 0.11254019292604502
        }
      },
      "target_tpr": 0.95
    },
    "recall_at_fpr": {
      "0.01": {
        "max_fpr": 0.01,
        "threshold": 0.9942610263824463,
        "recall": 0.7386363636363636,
        "fpr": 0.009333333333333334,
        "tp": 260,
        "fp": 7,
        "tn": 743,
        "fn": 92
      },
      "0.05": {
        "max_fpr": 0.05,
        "threshold": 0.9744894504547119,
        "recall": 0.90625,
        "fpr": 0.04933333333333333,
        "tp": 319,
        "fp": 37,
        "tn": 713,
        "fn": 33
      }
    },
    "fixed_threshold": {
      "threshold": 0.25,
      "tp": 350,
      "fp": 429,
      "tn": 321,
      "fn": 2,
      "tpr": 0.9943181818181818,
      "fpr": 0.572,
      "by_negative_group": {
        "negative_in_domain": {
          "negative_images": 439,
          "false_positive_images": 242,
          "fpr": 0.55125284738041
        },
        "negative_out_domain": {
          "negative_images": 311,
          "false_positive_images": 187,
          "fpr": 0.6012861736334405
        }
      }
    }
  }
}
