{
  "mAP": 0.6639953435794433,
  "mAP50": 0.958652565023663,
  "mAP75": 0.7614865573699563,
  "mAP_small": null,
  "mAP_medium": 0.4996432684495671,
  "mAP_large": 0.678635401886385,
  "AR1": 0.640049751243781,
  "AR10": 0.7320895522388059,
  "AR100": 0.7320895522388059,
  "AR_small": null,
  "AR_medium": 0.6027777777777776,
  "AR_large": 0.7448087431693989,
  "mAP_tiny_rel": 0.4064563251280744,
  "mAP50_tiny_rel": 0.758163564237833,
  "mAP75_tiny_rel": 0.41462491786936134,
  "AR100_tiny_rel": 0.5470588235294118,
  "mAP_small_rel": 0.4625305151821418,
  "mAP50_small_rel": 0.7507814260248986,
  "mAP75_small_rel": 0.49044090125655665,
  "AR100_small_rel": 0.5714285714285714,
  "mAP_medium_rel": 0.5765371778273627,
  "mAP50_medium_rel": 0.8501505716624742,
  "mAP75_medium_rel": 0.6623367484483677,
  "AR100_medium_rel": 0.6646464646464647,
  "mAP_large_rel": 0.7057728647397037,
  "mAP50_large_rel": 0.942062088635709,
  "mAP75_large_rel": 0.836387168831324,
  "AR100_large_rel": 0.7803827751196173,
  "mAP_tiny": 0.4064563251280744,
  "image_AUROC": 0.9937234848484848,
  "image_AP": 0.9878574515186129,
  "FPR@95TPR": 0.018666666666666668,
  "threshold@95TPR": 0.8474024534225464,
  "TPR@95TPR": 0.9517045454545454,
  "Recall@FPR=1%": 0.9375,
  "Recall@FPR=5%": 0.9772727272727273,
  "in_domain_FPR@95TPR": 0.029612756264236904,
  "out_domain_FPR@95TPR": 0.003215434083601286,
  "in_domain_FPR@fixed": 0.09111617312072894,
  "out_domain_FPR@fixed": 0.01929260450160772,
  "split": "val",
  "images": 1102,
  "ground_truth_objects": 402,
  "input_predictions": 3787,
  "detections": 3787,
  "invalid_predictions_dropped": 0,
  "fppi_threshold": 0.25,
  "false_positives_on_negatives": {
    "total_negative_images": 750,
    "total_false_positives": 58,
    "fppi": 0.07733333333333334,
    "by_group": {
      "negative_in_domain": {
        "negative_images": 439,
        "false_positives": 47,
        "fppi": 0.1070615034168565
      },
      "negative_out_domain": {
        "negative_images": 311,
        "false_positives": 11,
        "fppi": 0.03536977491961415
      }
    }
  },
  "predictions_above_fppi_threshold_by_group": {
    "negative_in_domain": 47,
    "negative_out_domain": 11,
    "positive": 483
  },
  "relative_scale_metrics": {
    "tiny": {
      "mAP": 0.4064563251280744,
      "mAP50": 0.758163564237833,
      "mAP75": 0.41462491786936134,
      "mAP_small": null,
      "mAP_medium": 0.3866085813727349,
      "mAP_large": 0.7999999999999999,
      "AR1": 0.45294117647058824,
      "AR10": 0.5470588235294118,
      "AR100": 0.5470588235294118,
      "AR_small": null,
      "AR_medium": 0.53125,
      "AR_large": 0.8,
      "objects": 17,
      "positive_images": 14,
      "detections": 598
    },
    "small": {
      "mAP": 0.4625305151821418,
      "mAP50": 0.7507814260248986,
      "mAP75": 0.49044090125655665,
      "mAP_small": null,
      "mAP_medium": 0.34285467746381004,
      "mAP_large": 0.5109826449914144,
      "AR1": 0.36363636363636365,
      "AR10": 0.5714285714285714,
      "AR100": 0.5714285714285714,
      "AR_small": null,
      "AR_medium": 0.45499999999999996,
      "AR_large": 0.612280701754386,
      "objects": 77,
      "positive_images": 51,
      "detections": 915
    },
    "medium": {
      "mAP": 0.5765371778273627,
      "mAP50": 0.8501505716624742,
      "mAP75": 0.6623367484483677,
      "mAP_small": null,
      "mAP_medium": null,
      "mAP_large": 0.57667627460801,
      "AR1": 0.6111111111111112,
      "AR10": 0.6646464646464647,
      "AR100": 0.6646464646464647,
      "AR_small": null,
      "AR_medium": null,
      "AR_large": 0.6646464646464647,
      "objects": 99,
      "positive_images": 94,
      "detections": 1405
    },
    "large": {
      "mAP": 0.7057728647397037,
      "mAP50": 0.942062088635709,
      "mAP75": 0.836387168831324,
      "mAP_small": null,
      "mAP_medium": null,
      "mAP_large": 0.7057728647397037,
      "AR1": 0.7669856459330143,
      "AR10": 0.7803827751196173,
      "AR100": 0.7803827751196173,
      "AR_small": null,
      "AR_medium": null,
      "AR_large": 0.7803827751196173,
      "objects": 209,
      "positive_images": 207,
      "detections": 869
    }
  },
  "image_level": {
    "positive_images": 352,
    "negative_images": 750,
    "auroc": 0.9937234848484848,
    "average_precision": 0.9878574515186129,
    "fpr_at_target_tpr": {
      "threshold": 0.8474024534225464,
      "tp": 335,
      "fp": 14,
      "tn": 736,
      "fn": 17,
      "tpr": 0.9517045454545454,
      "fpr": 0.018666666666666668,
      "by_negative_group": {
        "negative_in_domain": {
          "negative_images": 439,
          "false_positive_images": 13,
          "fpr": 0.029612756264236904
        },
        "negative_out_domain": {
          "negative_images": 311,
          "false_positive_images": 1,
          "fpr": 0.003215434083601286
        }
      },
      "target_tpr": 0.95
    },
    "recall_at_fpr": {
      "0.01": {
        "max_fpr": 0.01,
        "threshold": 0.9414949417114258,
        "recall": 0.9375,
        "fpr": 0.009333333333333334,
        "tp": 330,
        "fp": 7,
        "tn": 743,
        "fn": 22
      },
      "0.05": {
        "max_fpr": 0.05,
        "threshold": 0.4557839334011078,
        "recall": 0.9772727272727273,
        "fpr": 0.03866666666666667,
        "tp": 344,
        "fp": 29,
        "tn": 721,
        "fn": 8
      }
    },
    "fixed_threshold": {
      "threshold": 0.25,
      "tp": 345,
      "fp": 46,
      "tn": 704,
      "fn": 7,
      "tpr": 0.9801136363636364,
      "fpr": 0.06133333333333333,
      "by_negative_group": {
        "negative_in_domain": {
          "negative_images": 439,
          "false_positive_images": 40,
          "fpr": 0.09111617312072894
        },
        "negative_out_domain": {
          "negative_images": 311,
          "false_positive_images": 6,
          "fpr": 0.01929260450160772
        }
      }
    }
  }
}
