{
  "mAP": 0.5867753911513688,
  "mAP50": 0.9086224415251452,
  "mAP75": 0.6469577943706267,
  "mAP_small": null,
  "mAP_medium": 0.20965370575346182,
  "mAP_large": 0.6169021035372371,
  "AR1": 0.5880597014925373,
  "AR10": 0.6689054726368159,
  "AR100": 0.6706467661691542,
  "AR_small": null,
  "AR_medium": 0.4333333333333334,
  "AR_large": 0.6939890710382514,
  "mAP_tiny_rel": 0.09662493958970206,
  "mAP50_tiny_rel": 0.2910128129044265,
  "mAP75_tiny_rel": 0.053727431566686086,
  "AR100_tiny_rel": 0.3529411764705882,
  "mAP_small_rel": 0.34500381616953757,
  "mAP50_small_rel": 0.6297360808258899,
  "mAP75_small_rel": 0.3164409480470552,
  "AR100_small_rel": 0.5038961038961038,
  "mAP_medium_rel": 0.48255551375610173,
  "mAP50_medium_rel": 0.7315811189160848,
  "mAP75_medium_rel": 0.5473492851807021,
  "AR100_medium_rel": 0.594949494949495,
  "mAP_large_rel": 0.6473373704085594,
  "mAP50_large_rel": 0.9273106226069894,
  "mAP75_large_rel": 0.7660718529906251,
  "AR100_large_rel": 0.730622009569378,
  "mAP_tiny": 0.09662493958970206,
  "image_AUROC": 0.9837897727272727,
  "image_AP": 0.9648698570767132,
  "FPR@95TPR": 0.06133333333333333,
  "threshold@95TPR": 0.3780807852745056,
  "TPR@95TPR": 0.9517045454545454,
  "Recall@FPR=1%": 0.7840909090909091,
  "Recall@FPR=5%": 0.9431818181818182,
  "in_domain_FPR@95TPR": 0.09567198177676538,
  "out_domain_FPR@95TPR": 0.012861736334405145,
  "in_domain_FPR@fixed": 0.1252847380410023,
  "out_domain_FPR@fixed": 0.01929260450160772,
  "split": "val",
  "images": 1102,
  "ground_truth_objects": 402,
  "input_predictions": 13997,
  "detections": 13997,
  "invalid_predictions_dropped": 0,
  "fppi_threshold": 0.25,
  "false_positives_on_negatives": {
    "total_negative_images": 750,
    "total_false_positives": 81,
    "fppi": 0.108,
    "by_group": {
      "negative_in_domain": {
        "negative_images": 439,
        "false_positives": 64,
        "fppi": 0.14578587699316628
      },
      "negative_out_domain": {
        "negative_images": 311,
        "false_positives": 17,
        "fppi": 0.05466237942122187
      }
    }
  },
  "predictions_above_fppi_threshold_by_group": {
    "negative_in_domain": 64,
    "negative_out_domain": 17,
    "positive": 507
  },
  "relative_scale_metrics": {
    "tiny": {
      "mAP": 0.09662493958970206,
      "mAP50": 0.2910128129044265,
      "mAP75": 0.053727431566686086,
      "mAP_small": null,
      "mAP_medium": 0.11283322876565391,
      "mAP_large": 0.05333333333333332,
      "AR1": 0.17058823529411765,
      "AR10": 0.3529411764705882,
      "AR100": 0.3529411764705882,
      "AR_small": null,
      "AR_medium": 0.35625,
      "AR_large": 0.3,
      "objects": 17,
      "positive_images": 14,
      "detections": 4183
    },
    "small": {
      "mAP": 0.34500381616953757,
      "mAP50": 0.6297360808258899,
      "mAP75": 0.3164409480470552,
      "mAP_small": null,
      "mAP_medium": 0.18345508016650477,
      "mAP_large": 0.4073527409501996,
      "AR1": 0.2922077922077922,
      "AR10": 0.5025974025974025,
      "AR100": 0.5038961038961038,
      "AR_small": null,
      "AR_medium": 0.355,
      "AR_large": 0.5561403508771929,
      "objects": 77,
      "positive_images": 51,
      "detections": 6113
    },
    "medium": {
      "mAP": 0.48255551375610173,
      "mAP50": 0.7315811189160848,
      "mAP75": 0.5473492851807021,
      "mAP_small": null,
      "mAP_medium": null,
      "mAP_large": 0.4828711152135532,
      "AR1": 0.5494949494949495,
      "AR10": 0.594949494949495,
      "AR100": 0.594949494949495,
      "AR_small": null,
      "AR_medium": null,
      "AR_large": 0.594949494949495,
      "objects": 99,
      "positive_images": 94,
      "detections": 2687
    },
    "large": {
      "mAP": 0.6473373704085594,
      "mAP50": 0.9273106226069894,
      "mAP75": 0.7660718529906251,
      "mAP_small": null,
      "mAP_medium": null,
      "mAP_large": 0.6473379618035147,
      "AR1": 0.7220095693779904,
      "AR10": 0.730622009569378,
      "AR100": 0.730622009569378,
      "AR_small": null,
      "AR_medium": null,
      "AR_large": 0.730622009569378,
      "objects": 209,
      "positive_images": 207,
      "detections": 1014
    }
  },
  "image_level": {
    "positive_images": 352,
    "negative_images": 750,
    "auroc": 0.9837897727272727,
    "average_precision": 0.9648698570767132,
    "fpr_at_target_tpr": {
      "threshold": 0.3780807852745056,
      "tp": 335,
      "fp": 46,
      "tn": 704,
      "fn": 17,
      "tpr": 0.9517045454545454,
      "fpr": 0.06133333333333333,
      "by_negative_group": {
        "negative_in_domain": {
          "negative_images": 439,
          "false_positive_images": 42,
          "fpr": 0.09567198177676538
        },
        "negative_out_domain": {
          "negative_images": 311,
          "false_positive_images": 4,
          "fpr": 0.012861736334405145
        }
      },
      "target_tpr": 0.95
    },
    "recall_at_fpr": {
      "0.01": {
        "max_fpr": 0.01,
        "threshold": 0.952372670173645,
        "recall": 0.7840909090909091,
        "fpr": 0.008,
        "tp": 276,
        "fp": 6,
        "tn": 744,
        "fn": 76
      },
      "0.05": {
        "max_fpr": 0.05,
        "threshold": 0.4518547058105469,
        "recall": 0.9431818181818182,
        "fpr": 0.04933333333333333,
        "tp": 332,
        "fp": 37,
        "tn": 713,
        "fn": 20
      }
    },
    "fixed_threshold": {
      "threshold": 0.25,
      "tp": 340,
      "fp": 61,
      "tn": 689,
      "fn": 12,
      "tpr": 0.9659090909090909,
      "fpr": 0.08133333333333333,
      "by_negative_group": {
        "negative_in_domain": {
          "negative_images": 439,
          "false_positive_images": 55,
          "fpr": 0.1252847380410023
        },
        "negative_out_domain": {
          "negative_images": 311,
          "false_positive_images": 6,
          "fpr": 0.01929260450160772
        }
      }
    }
  }
}
