variant,method,split,AP,AP50,AP75,AP_tiny,AP_small,FPR_in_domain,FPR_out_domain,FPR@95TPR,image_AUROC,image_AP,negative_fppi,detections,lambda_pos,lambda_con,scale_aware,contrastive_warmup_epochs,metrics_path
baseline,Baseline Faster R-CNN,test,0.6670281320850895,0.9453898385665604,0.777930439408886,0.010508492688409515,0.0674982371013855,0.06378132118451026,0.012861736334405145,0.042666666666666665,0.9876809116809117,0.981813916441954,0.09066666666666667,723,0.0,0.0,False,0,results/hnsard_loss_ablation/runs/baseline/final_metrics.json
l_pos,+ L_pos,test,0.6576437577171842,0.9451475965134167,0.7651760321427928,0.011852764513288561,0.06247871657747484,0.05239179954441914,0.006430868167202572,0.03333333333333333,0.9904672364672364,0.9850499331512521,0.09333333333333334,805,0.5,0.0,False,0,results/hnsard_loss_ablation/runs/l_pos/final_metrics.json
l_pos_scale,+ L_pos + scale-aware,test,0.6651037699956897,0.9459343355522517,0.7821174008967723,0.01156265795542692,0.06593631889645701,0.06378132118451026,0.00964630225080386,0.04133333333333333,0.9905849952516619,0.9852720901917895,0.08933333333333333,787,0.5,0.0,True,0,results/hnsard_loss_ablation/runs/l_pos_scale/final_metrics.json
l_pos_scale_l_con,+ L_pos + scale-aware + L_con,test,0.6654207117629002,0.956268898106137,0.8005672293654514,0.013051440233233557,0.0682516087096464,0.05011389521640091,0.003215434083601286,0.030666666666666665,0.9940265906932574,0.9887571813374496,0.058666666666666666,677,0.5,0.1,True,0,results/hnsard_loss_ablation/runs/l_pos_scale_l_con/final_metrics.json
full_hnsard,Full HN-SARD,test,0.6608336883619974,0.9494828443042511,0.7818567186469082,0.013503351879590812,0.06782567277279822,0.03644646924829157,0.003215434083601286,0.02266666666666667,0.9915612535612536,0.9859750850543947,0.068,691,0.5,0.1,True,3,results/hnsard_loss_ablation/runs/full_hnsard/final_metrics.json
