{
  "mAP": 0.49547121306487335,
  "mAP50": 0.8611800132242515,
  "mAP75": 0.5254010434128114,
  "mAP_small": null,
  "mAP_medium": 0.15638952614225554,
  "mAP_large": 0.5239645045153496,
  "AR1": 0.513681592039801,
  "AR10": 0.5945273631840796,
  "AR100": 0.6002487562189056,
  "AR_small": null,
  "AR_medium": 0.38333333333333336,
  "AR_large": 0.6215846994535519,
  "mAP_tiny_rel": 0.07584997053827126,
  "mAP50_tiny_rel": 0.22655780941014592,
  "mAP75_tiny_rel": 0.04329256455057271,
  "AR100_tiny_rel": 0.2941176470588235,
  "mAP_small_rel": 0.21232741576741915,
  "mAP50_small_rel": 0.5355547813442652,
  "mAP75_small_rel": 0.1021001464089026,
  "AR100_small_rel": 0.41558441558441556,
  "mAP_medium_rel": 0.39337387183637634,
  "mAP50_medium_rel": 0.6755418972391125,
  "mAP75_medium_rel": 0.40466412678961755,
  "AR100_medium_rel": 0.5525252525252525,
  "mAP_large_rel": 0.5802677696460687,
  "mAP50_large_rel": 0.918899953787675,
  "mAP75_large_rel": 0.706036523747412,
  "AR100_large_rel": 0.6655502392344498,
  "mAP_tiny": 0.07584997053827126,
  "image_AUROC": 0.9771553030303031,
  "image_AP": 0.9535081407238251,
  "FPR@95TPR": 0.112,
  "threshold@95TPR": 0.6007627844810486,
  "TPR@95TPR": 0.9517045454545454,
  "Recall@FPR=1%": 0.6960227272727273,
  "Recall@FPR=5%": 0.8693181818181818,
  "in_domain_FPR@95TPR": 0.14123006833712984,
  "out_domain_FPR@95TPR": 0.0707395498392283,
  "in_domain_FPR@fixed": 0.30751708428246016,
  "out_domain_FPR@fixed": 0.1864951768488746,
  "split": "val",
  "images": 1102,
  "ground_truth_objects": 402,
  "input_predictions": 35416,
  "detections": 35416,
  "invalid_predictions_dropped": 0,
  "fppi_threshold": 0.25,
  "false_positives_on_negatives": {
    "total_negative_images": 750,
    "total_false_positives": 286,
    "fppi": 0.38133333333333336,
    "by_group": {
      "negative_in_domain": {
        "negative_images": 439,
        "false_positives": 205,
        "fppi": 0.46697038724373574
      },
      "negative_out_domain": {
        "negative_images": 311,
        "false_positives": 81,
        "fppi": 0.2604501607717042
      }
    }
  },
  "predictions_above_fppi_threshold_by_group": {
    "negative_in_domain": 205,
    "negative_out_domain": 81,
    "positive": 826
  },
  "relative_scale_metrics": {
    "tiny": {
      "mAP": 0.07584997053827126,
      "mAP50": 0.22655780941014592,
      "mAP75": 0.04329256455057271,
      "mAP_small": null,
      "mAP_medium": 0.09380596515642219,
      "mAP_large": 0.0015151515151515152,
      "AR1": 0.15882352941176472,
      "AR10": 0.2941176470588235,
      "AR100": 0.2941176470588235,
      "AR_small": null,
      "AR_medium": 0.29375,
      "AR_large": 0.3,
      "objects": 17,
      "positive_images": 14,
      "detections": 10204
    },
    "small": {
      "mAP": 0.21232741576741915,
      "mAP50": 0.5355547813442652,
      "mAP75": 0.1021001464089026,
      "mAP_small": null,
      "mAP_medium": 0.1573218412785745,
      "mAP_large": 0.23782075175621484,
      "AR1": 0.2116883116883117,
      "AR10": 0.4103896103896104,
      "AR100": 0.41558441558441556,
      "AR_small": null,
      "AR_medium": 0.365,
      "AR_large": 0.4333333333333334,
      "objects": 77,
      "positive_images": 51,
      "detections": 15779
    },
    "medium": {
      "mAP": 0.39337387183637634,
      "mAP50": 0.6755418972391125,
      "mAP75": 0.40466412678961755,
      "mAP_small": null,
      "mAP_medium": null,
      "mAP_large": 0.39397891514262406,
      "AR1": 0.48484848484848475,
      "AR10": 0.5484848484848486,
      "AR100": 0.5525252525252525,
      "AR_small": null,
      "AR_medium": null,
      "AR_large": 0.5525252525252525,
      "objects": 99,
      "positive_images": 94,
      "detections": 7390
    },
    "large": {
      "mAP": 0.5802677696460687,
      "mAP50": 0.918899953787675,
      "mAP75": 0.706036523747412,
      "mAP_small": null,
      "mAP_medium": null,
      "mAP_large": 0.5802681540296873,
      "AR1": 0.6526315789473685,
      "AR10": 0.6655502392344498,
      "AR100": 0.6655502392344498,
      "AR_small": null,
      "AR_medium": null,
      "AR_large": 0.6655502392344498,
      "objects": 209,
      "positive_images": 207,
      "detections": 2043
    }
  },
  "image_level": {
    "positive_images": 352,
    "negative_images": 750,
    "auroc": 0.9771553030303031,
    "average_precision": 0.9535081407238251,
    "fpr_at_target_tpr": {
      "threshold": 0.6007627844810486,
      "tp": 335,
      "fp": 84,
      "tn": 666,
      "fn": 17,
      "tpr": 0.9517045454545454,
      "fpr": 0.112,
      "by_negative_group": {
        "negative_in_domain": {
          "negative_images": 439,
          "false_positive_images": 62,
          "fpr": 0.14123006833712984
        },
        "negative_out_domain": {
          "negative_images": 311,
          "false_positive_images": 22,
          "fpr": 0.0707395498392283
        }
      },
      "target_tpr": 0.95
    },
    "recall_at_fpr": {
      "0.01": {
        "max_fpr": 0.01,
        "threshold": 0.972038745880127,
        "recall": 0.6960227272727273,
        "fpr": 0.009333333333333334,
        "tp": 245,
        "fp": 7,
        "tn": 743,
        "fn": 107
      },
      "0.05": {
        "max_fpr": 0.05,
        "threshold": 0.8205679059028625,
        "recall": 0.8693181818181818,
        "fpr": 0.04933333333333333,
        "tp": 306,
        "fp": 37,
        "tn": 713,
        "fn": 46
      }
    },
    "fixed_threshold": {
      "threshold": 0.25,
      "tp": 348,
      "fp": 193,
      "tn": 557,
      "fn": 4,
      "tpr": 0.9886363636363636,
      "fpr": 0.25733333333333336,
      "by_negative_group": {
        "negative_in_domain": {
          "negative_images": 439,
          "false_positive_images": 135,
          "fpr": 0.30751708428246016
        },
        "negative_out_domain": {
          "negative_images": 311,
          "false_positive_images": 58,
          "fpr": 0.1864951768488746
        }
      }
    }
  }
}
