{
  "mAP": 0.5191876644363762,
  "mAP50": 0.8961783534728183,
  "mAP75": 0.5641072811659442,
  "mAP_small": null,
  "mAP_medium": 0.407390164207896,
  "mAP_large": 0.5345705808643217,
  "AR1": 0.5333333333333334,
  "AR10": 0.6293532338308457,
  "AR100": 0.6380597014925373,
  "AR_small": null,
  "AR_medium": 0.5888888888888888,
  "AR_large": 0.6428961748633879,
  "mAP_tiny_rel": 0.2657135254670468,
  "mAP50_tiny_rel": 0.47084409649431563,
  "mAP75_tiny_rel": 0.27740656747238973,
  "AR100_tiny_rel": 0.5176470588235295,
  "mAP_small_rel": 0.415971397853876,
  "mAP50_small_rel": 0.7157582358067336,
  "mAP75_small_rel": 0.45452862941382927,
  "AR100_small_rel": 0.5701298701298702,
  "mAP_medium_rel": 0.4041015519586517,
  "mAP50_medium_rel": 0.7364896823072982,
  "mAP75_medium_rel": 0.39183024494570845,
  "AR100_medium_rel": 0.5505050505050505,
  "mAP_large_rel": 0.5593800968719614,
  "mAP50_large_rel": 0.9221018556515653,
  "mAP75_large_rel": 0.6609981891907194,
  "AR100_large_rel": 0.6602870813397128,
  "mAP_tiny": 0.2657135254670468,
  "image_AUROC": 0.9850984848484848,
  "image_AP": 0.971978161419061,
  "FPR@95TPR": 0.092,
  "threshold@95TPR": 0.6280942559242249,
  "TPR@95TPR": 0.9517045454545454,
  "Recall@FPR=1%": 0.7329545454545454,
  "Recall@FPR=5%": 0.9261363636363636,
  "in_domain_FPR@95TPR": 0.10933940774487472,
  "out_domain_FPR@95TPR": 0.06752411575562701,
  "in_domain_FPR@fixed": 0.2847380410022779,
  "out_domain_FPR@fixed": 0.1607717041800643,
  "split": "val",
  "images": 1102,
  "ground_truth_objects": 402,
  "input_predictions": 25499,
  "detections": 25499,
  "invalid_predictions_dropped": 0,
  "fppi_threshold": 0.25,
  "false_positives_on_negatives": {
    "total_negative_images": 750,
    "total_false_positives": 258,
    "fppi": 0.344,
    "by_group": {
      "negative_in_domain": {
        "negative_images": 439,
        "false_positives": 170,
        "fppi": 0.38724373576309795
      },
      "negative_out_domain": {
        "negative_images": 311,
        "false_positives": 88,
        "fppi": 0.2829581993569132
      }
    }
  },
  "predictions_above_fppi_threshold_by_group": {
    "negative_in_domain": 170,
    "negative_out_domain": 88,
    "positive": 702
  },
  "relative_scale_metrics": {
    "tiny": {
      "mAP": 0.2657135254670468,
      "mAP50": 0.47084409649431563,
      "mAP75": 0.27740656747238973,
      "mAP_small": null,
      "mAP_medium": 0.2963680178574125,
      "mAP_large": 0.007275132275132275,
      "AR1": 0.36470588235294116,
      "AR10": 0.49411764705882355,
      "AR100": 0.5176470588235295,
      "AR_small": null,
      "AR_medium": 0.5375,
      "AR_large": 0.2,
      "objects": 17,
      "positive_images": 14,
      "detections": 6679
    },
    "small": {
      "mAP": 0.415971397853876,
      "mAP50": 0.7157582358067336,
      "mAP75": 0.45452862941382927,
      "mAP_small": null,
      "mAP_medium": 0.4038860083251825,
      "mAP_large": 0.4322882952496373,
      "AR1": 0.3714285714285714,
      "AR10": 0.5649350649350648,
      "AR100": 0.5701298701298702,
      "AR_small": null,
      "AR_medium": 0.56,
      "AR_large": 0.5736842105263158,
      "objects": 77,
      "positive_images": 51,
      "detections": 7908
    },
    "medium": {
      "mAP": 0.4041015519586517,
      "mAP50": 0.7364896823072982,
      "mAP75": 0.39183024494570845,
      "mAP_small": null,
      "mAP_medium": null,
      "mAP_large": 0.40461697073283076,
      "AR1": 0.4707070707070707,
      "AR10": 0.5494949494949495,
      "AR100": 0.5505050505050505,
      "AR_small": null,
      "AR_medium": null,
      "AR_large": 0.5505050505050505,
      "objects": 99,
      "positive_images": 94,
      "detections": 7523
    },
    "large": {
      "mAP": 0.5593800968719614,
      "mAP50": 0.9221018556515653,
      "mAP75": 0.6609981891907194,
      "mAP_small": null,
      "mAP_medium": null,
      "mAP_large": 0.5593804203791095,
      "AR1": 0.6421052631578946,
      "AR10": 0.6602870813397128,
      "AR100": 0.6602870813397128,
      "AR_small": null,
      "AR_medium": null,
      "AR_large": 0.6602870813397128,
      "objects": 209,
      "positive_images": 207,
      "detections": 3389
    }
  },
  "image_level": {
    "positive_images": 352,
    "negative_images": 750,
    "auroc": 0.9850984848484848,
    "average_precision": 0.971978161419061,
    "fpr_at_target_tpr": {
      "threshold": 0.6280942559242249,
      "tp": 335,
      "fp": 69,
      "tn": 681,
      "fn": 17,
      "tpr": 0.9517045454545454,
      "fpr": 0.092,
      "by_negative_group": {
        "negative_in_domain": {
          "negative_images": 439,
          "false_positive_images": 48,
          "fpr": 0.10933940774487472
        },
        "negative_out_domain": {
          "negative_images": 311,
          "false_positive_images": 21,
          "fpr": 0.06752411575562701
        }
      },
      "target_tpr": 0.95
    },
    "recall_at_fpr": {
      "0.01": {
        "max_fpr": 0.01,
        "threshold": 0.9470658302307129,
        "recall": 0.7329545454545454,
        "fpr": 0.009333333333333334,
        "tp": 258,
        "fp": 7,
        "tn": 743,
        "fn": 94
      },
      "0.05": {
        "max_fpr": 0.05,
        "threshold": 0.7915133237838745,
        "recall": 0.9261363636363636,
        "fpr": 0.044,
        "tp": 326,
        "fp": 33,
        "tn": 717,
        "fn": 26
      }
    },
    "fixed_threshold": {
      "threshold": 0.25,
      "tp": 346,
      "fp": 175,
      "tn": 575,
      "fn": 6,
      "tpr": 0.9829545454545454,
      "fpr": 0.23333333333333334,
      "by_negative_group": {
        "negative_in_domain": {
          "negative_images": 439,
          "false_positive_images": 125,
          "fpr": 0.2847380410022779
        },
        "negative_out_domain": {
          "negative_images": 311,
          "false_positive_images": 50,
          "fpr": 0.1607717041800643
        }
      }
    }
  }
}
