{
  "mAP": 0.6710876995684019,
  "mAP50": 0.9571429503811716,
  "mAP75": 0.771576087911142,
  "mAP_small": null,
  "mAP_medium": 0.5068179728214156,
  "mAP_large": 0.6858975629551196,
  "AR1": 0.6440298507462686,
  "AR10": 0.7400497512437811,
  "AR100": 0.7400497512437811,
  "AR_small": null,
  "AR_medium": 0.6166666666666666,
  "AR_large": 0.7521857923497268,
  "mAP_tiny_rel": 0.46255443953189035,
  "mAP50_tiny_rel": 0.8239453670767536,
  "mAP75_tiny_rel": 0.48907278150175265,
  "AR100_tiny_rel": 0.5941176470588234,
  "mAP_small_rel": 0.47493450375722035,
  "mAP50_small_rel": 0.762392818058792,
  "mAP75_small_rel": 0.4914577060979202,
  "AR100_small_rel": 0.5792207792207792,
  "mAP_medium_rel": 0.5814213415324696,
  "mAP50_medium_rel": 0.8485146170219992,
  "mAP75_medium_rel": 0.6526691254989406,
  "AR100_medium_rel": 0.6686868686868687,
  "mAP_large_rel": 0.7088068081517621,
  "mAP50_large_rel": 0.9380710162272743,
  "mAP75_large_rel": 0.8462299049209295,
  "AR100_large_rel": 0.7842105263157895,
  "mAP_tiny": 0.46255443953189035,
  "image_AUROC": 0.9937727272727273,
  "image_AP": 0.9877730404902362,
  "FPR@95TPR": 0.021333333333333333,
  "threshold@95TPR": 0.8136441111564636,
  "TPR@95TPR": 0.9517045454545454,
  "Recall@FPR=1%": 0.9176136363636364,
  "Recall@FPR=5%": 0.9772727272727273,
  "in_domain_FPR@95TPR": 0.03416856492027335,
  "out_domain_FPR@95TPR": 0.003215434083601286,
  "in_domain_FPR@fixed": 0.07517084282460136,
  "out_domain_FPR@fixed": 0.01929260450160772,
  "split": "val",
  "images": 1102,
  "ground_truth_objects": 402,
  "input_predictions": 3345,
  "detections": 3345,
  "invalid_predictions_dropped": 0,
  "fppi_threshold": 0.25,
  "false_positives_on_negatives": {
    "total_negative_images": 750,
    "total_false_positives": 47,
    "fppi": 0.06266666666666666,
    "by_group": {
      "negative_in_domain": {
        "negative_images": 439,
        "false_positives": 38,
        "fppi": 0.08656036446469248
      },
      "negative_out_domain": {
        "negative_images": 311,
        "false_positives": 9,
        "fppi": 0.028938906752411574
      }
    }
  },
  "predictions_above_fppi_threshold_by_group": {
    "negative_in_domain": 38,
    "negative_out_domain": 9,
    "positive": 470
  },
  "relative_scale_metrics": {
    "tiny": {
      "mAP": 0.46255443953189035,
      "mAP50": 0.8239453670767536,
      "mAP75": 0.48907278150175265,
      "mAP_small": null,
      "mAP_medium": 0.4481410493990575,
      "mAP_large": 0.7999999999999999,
      "AR1": 0.49411764705882355,
      "AR10": 0.5941176470588234,
      "AR100": 0.5941176470588234,
      "AR_small": null,
      "AR_medium": 0.58125,
      "AR_large": 0.8,
      "objects": 17,
      "positive_images": 14,
      "detections": 491
    },
    "small": {
      "mAP": 0.47493450375722035,
      "mAP50": 0.762392818058792,
      "mAP75": 0.4914577060979202,
      "mAP_small": null,
      "mAP_medium": 0.3565082962094399,
      "mAP_large": 0.5201424764164082,
      "AR1": 0.35974025974025975,
      "AR10": 0.5792207792207792,
      "AR100": 0.5792207792207792,
      "AR_small": null,
      "AR_medium": 0.44499999999999995,
      "AR_large": 0.6263157894736842,
      "objects": 77,
      "positive_images": 51,
      "detections": 732
    },
    "medium": {
      "mAP": 0.5814213415324696,
      "mAP50": 0.8485146170219992,
      "mAP75": 0.6526691254989406,
      "mAP_small": null,
      "mAP_medium": null,
      "mAP_large": 0.5815827652320807,
      "AR1": 0.6151515151515152,
      "AR10": 0.6686868686868687,
      "AR100": 0.6686868686868687,
      "AR_small": null,
      "AR_medium": null,
      "AR_large": 0.6686868686868687,
      "objects": 99,
      "positive_images": 94,
      "detections": 1267
    },
    "large": {
      "mAP": 0.7088068081517621,
      "mAP50": 0.9380710162272743,
      "mAP75": 0.8462299049209295,
      "mAP_small": null,
      "mAP_medium": null,
      "mAP_large": 0.7088068081517621,
      "AR1": 0.7727272727272727,
      "AR10": 0.7842105263157895,
      "AR100": 0.7842105263157895,
      "AR_small": null,
      "AR_medium": null,
      "AR_large": 0.7842105263157895,
      "objects": 209,
      "positive_images": 207,
      "detections": 855
    }
  },
  "image_level": {
    "positive_images": 352,
    "negative_images": 750,
    "auroc": 0.9937727272727273,
    "average_precision": 0.9877730404902362,
    "fpr_at_target_tpr": {
      "threshold": 0.8136441111564636,
      "tp": 335,
      "fp": 16,
      "tn": 734,
      "fn": 17,
      "tpr": 0.9517045454545454,
      "fpr": 0.021333333333333333,
      "by_negative_group": {
        "negative_in_domain": {
          "negative_images": 439,
          "false_positive_images": 15,
          "fpr": 0.03416856492027335
        },
        "negative_out_domain": {
          "negative_images": 311,
          "false_positive_images": 1,
          "fpr": 0.003215434083601286
        }
      },
      "target_tpr": 0.95
    },
    "recall_at_fpr": {
      "0.01": {
        "max_fpr": 0.01,
        "threshold": 0.9608145952224731,
        "recall": 0.9176136363636364,
        "fpr": 0.006666666666666667,
        "tp": 323,
        "fp": 5,
        "tn": 745,
        "fn": 29
      },
      "0.05": {
        "max_fpr": 0.05,
        "threshold": 0.36449193954467773,
        "recall": 0.9772727272727273,
        "fpr": 0.042666666666666665,
        "tp": 344,
        "fp": 32,
        "tn": 718,
        "fn": 8
      }
    },
    "fixed_threshold": {
      "threshold": 0.25,
      "tp": 344,
      "fp": 39,
      "tn": 711,
      "fn": 8,
      "tpr": 0.9772727272727273,
      "fpr": 0.052,
      "by_negative_group": {
        "negative_in_domain": {
          "negative_images": 439,
          "false_positive_images": 33,
          "fpr": 0.07517084282460136
        },
        "negative_out_domain": {
          "negative_images": 311,
          "false_positive_images": 6,
          "fpr": 0.01929260450160772
        }
      }
    }
  }
}
