{
  "mAP": 0.5896318914948507,
  "mAP50": 0.9067590371457851,
  "mAP75": 0.6694733304831252,
  "mAP_small": null,
  "mAP_medium": 0.20000645242748286,
  "mAP_large": 0.6202552092071869,
  "AR1": 0.5845771144278606,
  "AR10": 0.6671641791044777,
  "AR100": 0.6711442786069651,
  "AR_small": null,
  "AR_medium": 0.425,
  "AR_large": 0.6953551912568307,
  "mAP_tiny_rel": 0.08320221712449342,
  "mAP50_tiny_rel": 0.2802185781320033,
  "mAP75_tiny_rel": 0.00911353121248626,
  "AR100_tiny_rel": 0.3529411764705882,
  "mAP_small_rel": 0.34607268488039034,
  "mAP50_small_rel": 0.6361575645905891,
  "mAP75_small_rel": 0.3416779160787749,
  "AR100_small_rel": 0.487012987012987,
  "mAP_medium_rel": 0.4896338717222411,
  "mAP50_medium_rel": 0.7495627223348481,
  "mAP75_medium_rel": 0.5659171425965143,
  "AR100_medium_rel": 0.611111111111111,
  "mAP_large_rel": 0.6534972841923294,
  "mAP50_large_rel": 0.9316078885945274,
  "mAP75_large_rel": 0.7961345757626257,
  "AR100_large_rel": 0.731578947368421,
  "mAP_tiny": 0.08320221712449342,
  "image_AUROC": 0.9845075757575757,
  "image_AP": 0.9714488100126866,
  "FPR@95TPR": 0.07333333333333333,
  "threshold@95TPR": 0.3316984474658966,
  "TPR@95TPR": 0.9517045454545454,
  "Recall@FPR=1%": 0.8522727272727273,
  "Recall@FPR=5%": 0.9375,
  "in_domain_FPR@95TPR": 0.11389521640091116,
  "out_domain_FPR@95TPR": 0.01607717041800643,
  "in_domain_FPR@fixed": 0.12984054669703873,
  "out_domain_FPR@fixed": 0.022508038585209004,
  "split": "val",
  "images": 1102,
  "ground_truth_objects": 402,
  "input_predictions": 14222,
  "detections": 14222,
  "invalid_predictions_dropped": 0,
  "fppi_threshold": 0.25,
  "false_positives_on_negatives": {
    "total_negative_images": 750,
    "total_false_positives": 87,
    "fppi": 0.116,
    "by_group": {
      "negative_in_domain": {
        "negative_images": 439,
        "false_positives": 71,
        "fppi": 0.16173120728929385
      },
      "negative_out_domain": {
        "negative_images": 311,
        "false_positives": 16,
        "fppi": 0.05144694533762058
      }
    }
  },
  "predictions_above_fppi_threshold_by_group": {
    "negative_in_domain": 71,
    "negative_out_domain": 16,
    "positive": 512
  },
  "relative_scale_metrics": {
    "tiny": {
      "mAP": 0.08320221712449342,
      "mAP50": 0.2802185781320033,
      "mAP75": 0.00911353121248626,
      "mAP_small": null,
      "mAP_medium": 0.09863264516056125,
      "mAP_large": 0.05,
      "AR1": 0.13529411764705884,
      "AR10": 0.3529411764705882,
      "AR100": 0.3529411764705882,
      "AR_small": null,
      "AR_medium": 0.35,
      "AR_large": 0.4,
      "objects": 17,
      "positive_images": 14,
      "detections": 4405
    },
    "small": {
      "mAP": 0.34607268488039034,
      "mAP50": 0.6361575645905891,
      "mAP75": 0.3416779160787749,
      "mAP_small": null,
      "mAP_medium": 0.17286166915887724,
      "mAP_large": 0.41407346487357943,
      "AR1": 0.3090909090909091,
      "AR10": 0.48441558441558435,
      "AR100": 0.487012987012987,
      "AR_small": null,
      "AR_medium": 0.36,
      "AR_large": 0.5315789473684209,
      "objects": 77,
      "positive_images": 51,
      "detections": 6111
    },
    "medium": {
      "mAP": 0.4896338717222411,
      "mAP50": 0.7495627223348481,
      "mAP75": 0.5659171425965143,
      "mAP_small": null,
      "mAP_medium": null,
      "mAP_large": 0.49044186323759686,
      "AR1": 0.5434343434343434,
      "AR10": 0.611111111111111,
      "AR100": 0.611111111111111,
      "AR_small": null,
      "AR_medium": null,
      "AR_large": 0.611111111111111,
      "objects": 99,
      "positive_images": 94,
      "detections": 2743
    },
    "large": {
      "mAP": 0.6534972841923294,
      "mAP50": 0.9316078885945274,
      "mAP75": 0.7961345757626257,
      "mAP_small": null,
      "mAP_medium": null,
      "mAP_large": 0.6534972841923294,
      "AR1": 0.7215311004784689,
      "AR10": 0.731578947368421,
      "AR100": 0.731578947368421,
      "AR_small": null,
      "AR_medium": null,
      "AR_large": 0.731578947368421,
      "objects": 209,
      "positive_images": 207,
      "detections": 963
    }
  },
  "image_level": {
    "positive_images": 352,
    "negative_images": 750,
    "auroc": 0.9845075757575757,
    "average_precision": 0.9714488100126866,
    "fpr_at_target_tpr": {
      "threshold": 0.3316984474658966,
      "tp": 335,
      "fp": 55,
      "tn": 695,
      "fn": 17,
      "tpr": 0.9517045454545454,
      "fpr": 0.07333333333333333,
      "by_negative_group": {
        "negative_in_domain": {
          "negative_images": 439,
          "false_positive_images": 50,
          "fpr": 0.11389521640091116
        },
        "negative_out_domain": {
          "negative_images": 311,
          "false_positive_images": 5,
          "fpr": 0.01607717041800643
        }
      },
      "target_tpr": 0.95
    },
    "recall_at_fpr": {
      "0.01": {
        "max_fpr": 0.01,
        "threshold": 0.8952754139900208,
        "recall": 0.8522727272727273,
        "fpr": 0.009333333333333334,
        "tp": 300,
        "fp": 7,
        "tn": 743,
        "fn": 52
      },
      "0.05": {
        "max_fpr": 0.05,
        "threshold": 0.5815922617912292,
        "recall": 0.9375,
        "fpr": 0.04133333333333333,
        "tp": 330,
        "fp": 31,
        "tn": 719,
        "fn": 22
      }
    },
    "fixed_threshold": {
      "threshold": 0.25,
      "tp": 340,
      "fp": 64,
      "tn": 686,
      "fn": 12,
      "tpr": 0.9659090909090909,
      "fpr": 0.08533333333333333,
      "by_negative_group": {
        "negative_in_domain": {
          "negative_images": 439,
          "false_positive_images": 57,
          "fpr": 0.12984054669703873
        },
        "negative_out_domain": {
          "negative_images": 311,
          "false_positive_images": 7,
          "fpr": 0.022508038585209004
        }
      }
    }
  }
}
