{
  "mAP": 1.1931080463769368e-05,
  "mAP50": 5.7848770513039276e-05,
  "mAP75": 0.0,
  "mAP_small": null,
  "mAP_medium": 0.0,
  "mAP_large": 1.3957846996152414e-05,
  "AR1": 0.0022388059701492534,
  "AR10": 0.002736318407960199,
  "AR100": 0.003482587064676617,
  "AR_small": null,
  "AR_medium": 0.0,
  "AR_large": 0.003825136612021858,
  "mAP_tiny_rel": 0.0,
  "mAP50_tiny_rel": 0.0,
  "mAP75_tiny_rel": 0.0,
  "AR100_tiny_rel": 0.0,
  "mAP_small_rel": 0.0,
  "mAP50_small_rel": 0.0,
  "mAP75_small_rel": 0.0,
  "AR100_small_rel": 0.0,
  "mAP_medium_rel": 2.3781406346971687e-05,
  "mAP50_medium_rel": 0.00010942202703943375,
  "mAP75_medium_rel": 0.0,
  "AR100_medium_rel": 0.00808080808080808,
  "mAP_large_rel": 0.0,
  "mAP50_large_rel": 0.0,
  "mAP75_large_rel": 0.0,
  "AR100_large_rel": 0.0,
  "mAP_tiny": 0.0,
  "image_AUROC": 0.6028390151515152,
  "image_AP": 0.3726936148939961,
  "FPR@95TPR": 0.872,
  "threshold@95TPR": 0.03861308470368385,
  "TPR@95TPR": 0.9517045454545454,
  "Recall@FPR=1%": 0.0,
  "Recall@FPR=5%": 0.048295454545454544,
  "in_domain_FPR@95TPR": 0.8724373576309795,
  "out_domain_FPR@95TPR": 0.8713826366559485,
  "in_domain_FPR@fixed": 0.0,
  "out_domain_FPR@fixed": 0.0,
  "split": "val",
  "images": 1102,
  "ground_truth_objects": 402,
  "input_predictions": 110200,
  "detections": 110200,
  "invalid_predictions_dropped": 0,
  "fppi_threshold": 0.25,
  "false_positives_on_negatives": {
    "total_negative_images": 750,
    "total_false_positives": 0,
    "fppi": 0.0,
    "by_group": {
      "negative_in_domain": {
        "negative_images": 439,
        "false_positives": 0,
        "fppi": 0.0
      },
      "negative_out_domain": {
        "negative_images": 311,
        "false_positives": 0,
        "fppi": 0.0
      }
    }
  },
  "predictions_above_fppi_threshold_by_group": {},
  "relative_scale_metrics": {
    "tiny": {
      "mAP": 0.0,
      "mAP50": 0.0,
      "mAP75": 0.0,
      "mAP_small": null,
      "mAP_medium": 0.0,
      "mAP_large": 0.0,
      "AR1": 0.0,
      "AR10": 0.0,
      "AR100": 0.0,
      "AR_small": null,
      "AR_medium": 0.0,
      "AR_large": 0.0,
      "objects": 17,
      "positive_images": 14,
      "detections": 0
    },
    "small": {
      "mAP": 0.0,
      "mAP50": 0.0,
      "mAP75": 0.0,
      "mAP_small": null,
      "mAP_medium": 0.0,
      "mAP_large": 0.0,
      "AR1": 0.0,
      "AR10": 0.0,
      "AR100": 0.0,
      "AR_small": null,
      "AR_medium": 0.0,
      "AR_large": 0.0,
      "objects": 77,
      "positive_images": 51,
      "detections": 0
    },
    "medium": {
      "mAP": 2.3781406346971687e-05,
      "mAP50": 0.00010942202703943375,
      "mAP75": 0.0,
      "mAP_small": null,
      "mAP_medium": null,
      "mAP_large": 2.419232496582542e-05,
      "AR1": 0.0060606060606060615,
      "AR10": 0.007070707070707072,
      "AR100": 0.00808080808080808,
      "AR_small": null,
      "AR_medium": null,
      "AR_large": 0.00808080808080808,
      "objects": 99,
      "positive_images": 94,
      "detections": 110174
    },
    "large": {
      "mAP": 0.0,
      "mAP50": 0.0,
      "mAP75": 0.0,
      "mAP_small": null,
      "mAP_medium": null,
      "mAP_large": 0.0,
      "AR1": 0.0,
      "AR10": 0.0,
      "AR100": 0.0,
      "AR_small": null,
      "AR_medium": null,
      "AR_large": 0.0,
      "objects": 209,
      "positive_images": 207,
      "detections": 26
    }
  },
  "image_level": {
    "positive_images": 352,
    "negative_images": 750,
    "auroc": 0.6028390151515152,
    "average_precision": 0.3726936148939961,
    "fpr_at_target_tpr": {
      "threshold": 0.03861308470368385,
      "tp": 335,
      "fp": 654,
      "tn": 96,
      "fn": 17,
      "tpr": 0.9517045454545454,
      "fpr": 0.872,
      "by_negative_group": {
        "negative_in_domain": {
          "negative_images": 439,
          "false_positive_images": 383,
          "fpr": 0.8724373576309795
        },
        "negative_out_domain": {
          "negative_images": 311,
          "false_positive_images": 271,
          "fpr": 0.8713826366559485
        }
      },
      "target_tpr": 0.95
    },
    "recall_at_fpr": {
      "0.01": {
        "max_fpr": 0.01,
        "threshold": 1.0388147719204426,
        "recall": 0.0,
        "fpr": 0.0,
        "tp": 0,
        "fp": 0,
        "tn": 750,
        "fn": 352
      },
      "0.05": {
        "max_fpr": 0.05,
        "threshold": 0.03871450573205948,
        "recall": 0.048295454545454544,
        "fpr": 0.04933333333333333,
        "tp": 17,
        "fp": 37,
        "tn": 713,
        "fn": 335
      }
    },
    "fixed_threshold": {
      "threshold": 0.25,
      "tp": 0,
      "fp": 0,
      "tn": 750,
      "fn": 352,
      "tpr": 0.0,
      "fpr": 0.0,
      "by_negative_group": {
        "negative_in_domain": {
          "negative_images": 439,
          "false_positive_images": 0,
          "fpr": 0.0
        },
        "negative_out_domain": {
          "negative_images": 311,
          "false_positive_images": 0,
          "fpr": 0.0
        }
      }
    }
  }
}
