{
  "mAP": 0.6102972880860742,
  "mAP50": 0.9210593805157375,
  "mAP75": 0.6869623049440715,
  "mAP_small": null,
  "mAP_medium": 0.3389782650550383,
  "mAP_large": 0.635817521143853,
  "AR1": 0.5997512437810945,
  "AR10": 0.682089552238806,
  "AR100": 0.6845771144278607,
  "AR_small": null,
  "AR_medium": 0.49722222222222223,
  "AR_large": 0.7030054644808743,
  "mAP_tiny_rel": 0.24001387683748496,
  "mAP50_tiny_rel": 0.49769548937792024,
  "mAP75_tiny_rel": 0.11403701345744328,
  "AR100_tiny_rel": 0.388235294117647,
  "mAP_small_rel": 0.3691389935476007,
  "mAP50_small_rel": 0.6988518352169805,
  "mAP75_small_rel": 0.32784213460015527,
  "AR100_small_rel": 0.5220779220779221,
  "mAP_medium_rel": 0.4917242136698032,
  "mAP50_medium_rel": 0.7440461470674138,
  "mAP75_medium_rel": 0.6038849382080731,
  "AR100_medium_rel": 0.6343434343434343,
  "mAP_large_rel": 0.6672178372659057,
  "mAP50_large_rel": 0.9250206275834699,
  "mAP75_large_rel": 0.7872084979856865,
  "AR100_large_rel": 0.7339712918660288,
  "mAP_tiny": 0.24001387683748496,
  "image_AUROC": 0.987875,
  "image_AP": 0.9744712418983772,
  "FPR@95TPR": 0.064,
  "threshold@95TPR": 0.5047258138656616,
  "TPR@95TPR": 0.9517045454545454,
  "Recall@FPR=1%": 0.8636363636363636,
  "Recall@FPR=5%": 0.9460227272727273,
  "in_domain_FPR@95TPR": 0.09567198177676538,
  "out_domain_FPR@95TPR": 0.01929260450160772,
  "in_domain_FPR@fixed": 0.1366742596810934,
  "out_domain_FPR@fixed": 0.04823151125401929,
  "split": "val",
  "images": 1102,
  "ground_truth_objects": 402,
  "input_predictions": 11473,
  "detections": 11473,
  "invalid_predictions_dropped": 0,
  "fppi_threshold": 0.25,
  "false_positives_on_negatives": {
    "total_negative_images": 750,
    "total_false_positives": 101,
    "fppi": 0.13466666666666666,
    "by_group": {
      "negative_in_domain": {
        "negative_images": 439,
        "false_positives": 79,
        "fppi": 0.17995444191343962
      },
      "negative_out_domain": {
        "negative_images": 311,
        "false_positives": 22,
        "fppi": 0.0707395498392283
      }
    }
  },
  "predictions_above_fppi_threshold_by_group": {
    "negative_in_domain": 79,
    "negative_out_domain": 22,
    "positive": 509
  },
  "relative_scale_metrics": {
    "tiny": {
      "mAP": 0.24001387683748496,
      "mAP50": 0.49769548937792024,
      "mAP75": 0.11403701345744328,
      "mAP_small": null,
      "mAP_medium": 0.25721196656991646,
      "mAP_large": 0.0017241379310344832,
      "AR1": 0.27058823529411763,
      "AR10": 0.388235294117647,
      "AR100": 0.388235294117647,
      "AR_small": null,
      "AR_medium": 0.4,
      "AR_large": 0.2,
      "objects": 17,
      "positive_images": 14,
      "detections": 2734
    },
    "small": {
      "mAP": 0.3691389935476007,
      "mAP50": 0.6988518352169805,
      "mAP75": 0.32784213460015527,
      "mAP_small": null,
      "mAP_medium": 0.2930171874387784,
      "mAP_large": 0.40612049057307903,
      "AR1": 0.3051948051948052,
      "AR10": 0.5181818181818182,
      "AR100": 0.5220779220779221,
      "AR_small": null,
      "AR_medium": 0.465,
      "AR_large": 0.5421052631578946,
      "objects": 77,
      "positive_images": 51,
      "detections": 4640
    },
    "medium": {
      "mAP": 0.4917242136698032,
      "mAP50": 0.7440461470674138,
      "mAP75": 0.6038849382080731,
      "mAP_small": null,
      "mAP_medium": null,
      "mAP_large": 0.4927102233028535,
      "AR1": 0.5717171717171717,
      "AR10": 0.6343434343434343,
      "AR100": 0.6343434343434343,
      "AR_small": null,
      "AR_medium": null,
      "AR_large": 0.6343434343434343,
      "objects": 99,
      "positive_images": 94,
      "detections": 3066
    },
    "large": {
      "mAP": 0.6672178372659057,
      "mAP50": 0.9250206275834699,
      "mAP75": 0.7872084979856865,
      "mAP_small": null,
      "mAP_medium": null,
      "mAP_large": 0.6672178372659057,
      "AR1": 0.7253588516746412,
      "AR10": 0.7339712918660288,
      "AR100": 0.7339712918660288,
      "AR_small": null,
      "AR_medium": null,
      "AR_large": 0.7339712918660288,
      "objects": 209,
      "positive_images": 207,
      "detections": 1033
    }
  },
  "image_level": {
    "positive_images": 352,
    "negative_images": 750,
    "auroc": 0.987875,
    "average_precision": 0.9744712418983772,
    "fpr_at_target_tpr": {
      "threshold": 0.5047258138656616,
      "tp": 335,
      "fp": 48,
      "tn": 702,
      "fn": 17,
      "tpr": 0.9517045454545454,
      "fpr": 0.064,
      "by_negative_group": {
        "negative_in_domain": {
          "negative_images": 439,
          "false_positive_images": 42,
          "fpr": 0.09567198177676538
        },
        "negative_out_domain": {
          "negative_images": 311,
          "false_positive_images": 6,
          "fpr": 0.01929260450160772
        }
      },
      "target_tpr": 0.95
    },
    "recall_at_fpr": {
      "0.01": {
        "max_fpr": 0.01,
        "threshold": 0.949153482913971,
        "recall": 0.8636363636363636,
        "fpr": 0.008,
        "tp": 304,
        "fp": 6,
        "tn": 744,
        "fn": 48
      },
      "0.05": {
        "max_fpr": 0.05,
        "threshold": 0.6239627599716187,
        "recall": 0.9460227272727273,
        "fpr": 0.04666666666666667,
        "tp": 333,
        "fp": 35,
        "tn": 715,
        "fn": 19
      }
    },
    "fixed_threshold": {
      "threshold": 0.25,
      "tp": 342,
      "fp": 75,
      "tn": 675,
      "fn": 10,
      "tpr": 0.9715909090909091,
      "fpr": 0.1,
      "by_negative_group": {
        "negative_in_domain": {
          "negative_images": 439,
          "false_positive_images": 60,
          "fpr": 0.1366742596810934
        },
        "negative_out_domain": {
          "negative_images": 311,
          "false_positive_images": 15,
          "fpr": 0.04823151125401929
        }
      }
    }
  }
}
