{
  "mAP": 0.6022472935795893,
  "mAP50": 0.9366043773963182,
  "mAP75": 0.6955783040321157,
  "mAP_small": null,
  "mAP_medium": 0.334814615849931,
  "mAP_large": 0.6230613098812168,
  "AR1": 0.5985074626865672,
  "AR10": 0.6833333333333333,
  "AR100": 0.6848258706467661,
  "AR_small": null,
  "AR_medium": 0.5416666666666667,
  "AR_large": 0.6989071038251365,
  "mAP_tiny_rel": 0.19840599542803208,
  "mAP50_tiny_rel": 0.4900938031097515,
  "mAP75_tiny_rel": 0.13754141371583967,
  "AR100_tiny_rel": 0.36470588235294116,
  "mAP_small_rel": 0.36264161401958056,
  "mAP50_small_rel": 0.7065727904911208,
  "mAP75_small_rel": 0.3252472742396248,
  "AR100_small_rel": 0.5246753246753246,
  "mAP_medium_rel": 0.4935294459291879,
  "mAP50_medium_rel": 0.7801669942871771,
  "mAP75_medium_rel": 0.5444713629677846,
  "AR100_medium_rel": 0.6181818181818182,
  "mAP_large_rel": 0.6584067792573588,
  "mAP50_large_rel": 0.941445880463791,
  "mAP75_large_rel": 0.8029049213285042,
  "AR100_large_rel": 0.7464114832535885,
  "mAP_tiny": 0.19840599542803208,
  "image_AUROC": 0.9908560606060606,
  "image_AP": 0.9796068122577205,
  "FPR@95TPR": 0.024,
  "threshold@95TPR": 0.6773862838745117,
  "TPR@95TPR": 0.9517045454545454,
  "Recall@FPR=1%": 0.8920454545454546,
  "Recall@FPR=5%": 0.96875,
  "in_domain_FPR@95TPR": 0.0387243735763098,
  "out_domain_FPR@95TPR": 0.003215434083601286,
  "in_domain_FPR@fixed": 0.0979498861047836,
  "out_domain_FPR@fixed": 0.022508038585209004,
  "split": "val",
  "images": 1102,
  "ground_truth_objects": 402,
  "input_predictions": 8890,
  "detections": 8890,
  "invalid_predictions_dropped": 0,
  "fppi_threshold": 0.25,
  "false_positives_on_negatives": {
    "total_negative_images": 750,
    "total_false_positives": 64,
    "fppi": 0.08533333333333333,
    "by_group": {
      "negative_in_domain": {
        "negative_images": 439,
        "false_positives": 52,
        "fppi": 0.11845102505694761
      },
      "negative_out_domain": {
        "negative_images": 311,
        "false_positives": 12,
        "fppi": 0.03858520900321544
      }
    }
  },
  "predictions_above_fppi_threshold_by_group": {
    "negative_in_domain": 52,
    "negative_out_domain": 12,
    "positive": 499
  },
  "relative_scale_metrics": {
    "tiny": {
      "mAP": 0.19840599542803208,
      "mAP50": 0.4900938031097515,
      "mAP75": 0.13754141371583967,
      "mAP_small": null,
      "mAP_medium": 0.208606797933996,
      "mAP_large": 0.15,
      "AR1": 0.27058823529411763,
      "AR10": 0.35882352941176465,
      "AR100": 0.36470588235294116,
      "AR_small": null,
      "AR_medium": 0.36875,
      "AR_large": 0.3,
      "objects": 17,
      "positive_images": 14,
      "detections": 2275
    },
    "small": {
      "mAP": 0.36264161401958056,
      "mAP50": 0.7065727904911208,
      "mAP75": 0.3252472742396248,
      "mAP_small": null,
      "mAP_medium": 0.24717924838581565,
      "mAP_large": 0.40793209741198033,
      "AR1": 0.2987012987012987,
      "AR10": 0.5233766233766233,
      "AR100": 0.5246753246753246,
      "AR_small": null,
      "AR_medium": 0.475,
      "AR_large": 0.5421052631578946,
      "objects": 77,
      "positive_images": 51,
      "detections": 3076
    },
    "medium": {
      "mAP": 0.4935294459291879,
      "mAP50": 0.7801669942871771,
      "mAP75": 0.5444713629677846,
      "mAP_small": null,
      "mAP_medium": null,
      "mAP_large": 0.4938838979830174,
      "AR1": 0.5626262626262626,
      "AR10": 0.6181818181818182,
      "AR100": 0.6181818181818182,
      "AR_small": null,
      "AR_medium": null,
      "AR_large": 0.6181818181818182,
      "objects": 99,
      "positive_images": 94,
      "detections": 2346
    },
    "large": {
      "mAP": 0.6584067792573588,
      "mAP50": 0.941445880463791,
      "mAP75": 0.8029049213285042,
      "mAP_small": null,
      "mAP_medium": null,
      "mAP_large": 0.6584070792864835,
      "AR1": 0.7373205741626794,
      "AR10": 0.7464114832535885,
      "AR100": 0.7464114832535885,
      "AR_small": null,
      "AR_medium": null,
      "AR_large": 0.7464114832535885,
      "objects": 209,
      "positive_images": 207,
      "detections": 1193
    }
  },
  "image_level": {
    "positive_images": 352,
    "negative_images": 750,
    "auroc": 0.9908560606060606,
    "average_precision": 0.9796068122577205,
    "fpr_at_target_tpr": {
      "threshold": 0.6773862838745117,
      "tp": 335,
      "fp": 18,
      "tn": 732,
      "fn": 17,
      "tpr": 0.9517045454545454,
      "fpr": 0.024,
      "by_negative_group": {
        "negative_in_domain": {
          "negative_images": 439,
          "false_positive_images": 17,
          "fpr": 0.0387243735763098
        },
        "negative_out_domain": {
          "negative_images": 311,
          "false_positive_images": 1,
          "fpr": 0.003215434083601286
        }
      },
      "target_tpr": 0.95
    },
    "recall_at_fpr": {
      "0.01": {
        "max_fpr": 0.01,
        "threshold": 0.895667314529419,
        "recall": 0.8920454545454546,
        "fpr": 0.009333333333333334,
        "tp": 314,
        "fp": 7,
        "tn": 743,
        "fn": 38
      },
      "0.05": {
        "max_fpr": 0.05,
        "threshold": 0.3629762828350067,
        "recall": 0.96875,
        "fpr": 0.04933333333333333,
        "tp": 341,
        "fp": 37,
        "tn": 713,
        "fn": 11
      }
    },
    "fixed_threshold": {
      "threshold": 0.25,
      "tp": 343,
      "fp": 50,
      "tn": 700,
      "fn": 9,
      "tpr": 0.9744318181818182,
      "fpr": 0.06666666666666667,
      "by_negative_group": {
        "negative_in_domain": {
          "negative_images": 439,
          "false_positive_images": 43,
          "fpr": 0.0979498861047836
        },
        "negative_out_domain": {
          "negative_images": 311,
          "false_positive_images": 7,
          "fpr": 0.022508038585209004
        }
      }
    }
  }
}
