{
  "mAP": 0.655490486161417,
  "mAP50": 0.9400873406801509,
  "mAP75": 0.766284527855964,
  "mAP_small": null,
  "mAP_medium": 0.45945293758471006,
  "mAP_large": 0.6730332744180624,
  "AR1": 0.6427860696517412,
  "AR10": 0.7330845771144279,
  "AR100": 0.7333333333333333,
  "AR_small": null,
  "AR_medium": 0.5916666666666667,
  "AR_large": 0.7472677595628416,
  "mAP_tiny_rel": 0.32802920042611744,
  "mAP50_tiny_rel": 0.6550032306994028,
  "mAP75_tiny_rel": 0.32410880839636763,
  "AR100_tiny_rel": 0.5,
  "mAP_small_rel": 0.4443051262164128,
  "mAP50_small_rel": 0.7393599022047598,
  "mAP75_small_rel": 0.4937280731421296,
  "AR100_small_rel": 0.5909090909090909,
  "mAP_medium_rel": 0.5697574949922755,
  "mAP50_medium_rel": 0.8146420473086231,
  "mAP75_medium_rel": 0.6890910787907415,
  "AR100_medium_rel": 0.6707070707070707,
  "mAP_large_rel": 0.6986813895155928,
  "mAP50_large_rel": 0.9344879182593595,
  "mAP75_large_rel": 0.8219701393610357,
  "AR100_large_rel": 0.7722488038277511,
  "mAP_tiny": 0.32802920042611744,
  "image_AUROC": 0.9819583333333334,
  "image_AP": 0.9710111405992558,
  "FPR@95TPR": 0.08133333333333333,
  "threshold@95TPR": 0.9502465128898621,
  "TPR@95TPR": 0.9517045454545454,
  "Recall@FPR=1%": 0.7897727272727273,
  "Recall@FPR=5%": 0.9403409090909091,
  "in_domain_FPR@95TPR": 0.0774487471526196,
  "out_domain_FPR@95TPR": 0.08681672025723473,
  "in_domain_FPR@fixed": 0.3895216400911162,
  "out_domain_FPR@fixed": 0.40514469453376206,
  "split": "val",
  "images": 1102,
  "ground_truth_objects": 402,
  "input_predictions": 7362,
  "detections": 7362,
  "invalid_predictions_dropped": 0,
  "fppi_threshold": 0.25,
  "false_positives_on_negatives": {
    "total_negative_images": 750,
    "total_false_positives": 439,
    "fppi": 0.5853333333333334,
    "by_group": {
      "negative_in_domain": {
        "negative_images": 439,
        "false_positives": 227,
        "fppi": 0.5170842824601367
      },
      "negative_out_domain": {
        "negative_images": 311,
        "false_positives": 212,
        "fppi": 0.6816720257234726
      }
    }
  },
  "predictions_above_fppi_threshold_by_group": {
    "negative_in_domain": 227,
    "negative_out_domain": 212,
    "positive": 485
  },
  "relative_scale_metrics": {
    "tiny": {
      "mAP": 0.32802920042611744,
      "mAP50": 0.6550032306994028,
      "mAP75": 0.32410880839636763,
      "mAP_small": null,
      "mAP_medium": 0.3294707920630499,
      "mAP_large": 0.6999999999999998,
      "AR1": 0.3764705882352941,
      "AR10": 0.5,
      "AR100": 0.5,
      "AR_small": null,
      "AR_medium": 0.4875,
      "AR_large": 0.7,
      "objects": 17,
      "positive_images": 14,
      "detections": 1666
    },
    "small": {
      "mAP": 0.4443051262164128,
      "mAP50": 0.7393599022047598,
      "mAP75": 0.4937280731421296,
      "mAP_small": null,
      "mAP_medium": 0.35108395948443805,
      "mAP_large": 0.4833312165891506,
      "AR1": 0.38051948051948054,
      "AR10": 0.5909090909090909,
      "AR100": 0.5909090909090909,
      "AR_small": null,
      "AR_medium": 0.505,
      "AR_large": 0.6210526315789473,
      "objects": 77,
      "positive_images": 51,
      "detections": 1355
    },
    "medium": {
      "mAP": 0.5697574949922755,
      "mAP50": 0.8146420473086231,
      "mAP75": 0.6890910787907415,
      "mAP_small": null,
      "mAP_medium": null,
      "mAP_large": 0.5699437031640212,
      "AR1": 0.6080808080808081,
      "AR10": 0.6707070707070707,
      "AR100": 0.6707070707070707,
      "AR_small": null,
      "AR_medium": null,
      "AR_large": 0.6707070707070707,
      "objects": 99,
      "positive_images": 94,
      "detections": 2563
    },
    "large": {
      "mAP": 0.6986813895155928,
      "mAP50": 0.9344879182593595,
      "mAP75": 0.8219701393610357,
      "mAP_small": null,
      "mAP_medium": null,
      "mAP_large": 0.6986813895155928,
      "AR1": 0.7645933014354067,
      "AR10": 0.7722488038277511,
      "AR100": 0.7722488038277511,
      "AR_small": null,
      "AR_medium": null,
      "AR_large": 0.7722488038277511,
      "objects": 209,
      "positive_images": 207,
      "detections": 1778
    }
  },
  "image_level": {
    "positive_images": 352,
    "negative_images": 750,
    "auroc": 0.9819583333333334,
    "average_precision": 0.9710111405992558,
    "fpr_at_target_tpr": {
      "threshold": 0.9502465128898621,
      "tp": 335,
      "fp": 61,
      "tn": 689,
      "fn": 17,
      "tpr": 0.9517045454545454,
      "fpr": 0.08133333333333333,
      "by_negative_group": {
        "negative_in_domain": {
          "negative_images": 439,
          "false_positive_images": 34,
          "fpr": 0.0774487471526196
        },
        "negative_out_domain": {
          "negative_images": 311,
          "false_positive_images": 27,
          "fpr": 0.08681672025723473
        }
      },
      "target_tpr": 0.95
    },
    "recall_at_fpr": {
      "0.01": {
        "max_fpr": 0.01,
        "threshold": 0.9952036142349243,
        "recall": 0.7897727272727273,
        "fpr": 0.009333333333333334,
        "tp": 278,
        "fp": 7,
        "tn": 743,
        "fn": 74
      },
      "0.05": {
        "max_fpr": 0.05,
        "threshold": 0.9750344157218933,
        "recall": 0.9403409090909091,
        "fpr": 0.04,
        "tp": 331,
        "fp": 30,
        "tn": 720,
        "fn": 21
      }
    },
    "fixed_threshold": {
      "threshold": 0.25,
      "tp": 347,
      "fp": 297,
      "tn": 453,
      "fn": 5,
      "tpr": 0.9857954545454546,
      "fpr": 0.396,
      "by_negative_group": {
        "negative_in_domain": {
          "negative_images": 439,
          "false_positive_images": 171,
          "fpr": 0.3895216400911162
        },
        "negative_out_domain": {
          "negative_images": 311,
          "false_positive_images": 126,
          "fpr": 0.40514469453376206
        }
      }
    }
  }
}
