{
  "mAP": 0.6258039420306517,
  "mAP50": 0.9289945328032544,
  "mAP75": 0.7137096078814967,
  "mAP_small": null,
  "mAP_medium": 0.38288814364971413,
  "mAP_large": 0.6466852497635955,
  "AR1": 0.6144278606965174,
  "AR10": 0.6975124378109452,
  "AR100": 0.6990049751243781,
  "AR_small": null,
  "AR_medium": 0.5527777777777778,
  "AR_large": 0.7133879781420764,
  "mAP_tiny_rel": 0.2591114041028173,
  "mAP50_tiny_rel": 0.5469385338778399,
  "mAP75_tiny_rel": 0.2293176273038217,
  "AR100_tiny_rel": 0.4294117647058823,
  "mAP_small_rel": 0.38139421368670845,
  "mAP50_small_rel": 0.6943226293570255,
  "mAP75_small_rel": 0.39363598915671894,
  "AR100_small_rel": 0.5311688311688311,
  "mAP_medium_rel": 0.5170659596464292,
  "mAP50_medium_rel": 0.7710913964795655,
  "mAP75_medium_rel": 0.6135613315524826,
  "AR100_medium_rel": 0.6494949494949495,
  "mAP_large_rel": 0.6749444226847434,
  "mAP50_large_rel": 0.9272451849857181,
  "mAP75_large_rel": 0.7750320936154018,
  "AR100_large_rel": 0.7440191387559809,
  "mAP_tiny": 0.2591114041028173,
  "image_AUROC": 0.9889545454545454,
  "image_AP": 0.9719633889023206,
  "FPR@95TPR": 0.04533333333333334,
  "threshold@95TPR": 0.5587548017501831,
  "TPR@95TPR": 0.9517045454545454,
  "Recall@FPR=1%": 0.8778409090909091,
  "Recall@FPR=5%": 0.9630681818181818,
  "in_domain_FPR@95TPR": 0.06605922551252848,
  "out_domain_FPR@95TPR": 0.01607717041800643,
  "in_domain_FPR@fixed": 0.11617312072892938,
  "out_domain_FPR@fixed": 0.04501607717041801,
  "split": "val",
  "images": 1102,
  "ground_truth_objects": 402,
  "input_predictions": 8212,
  "detections": 8212,
  "invalid_predictions_dropped": 0,
  "fppi_threshold": 0.25,
  "false_positives_on_negatives": {
    "total_negative_images": 750,
    "total_false_positives": 82,
    "fppi": 0.10933333333333334,
    "by_group": {
      "negative_in_domain": {
        "negative_images": 439,
        "false_positives": 64,
        "fppi": 0.14578587699316628
      },
      "negative_out_domain": {
        "negative_images": 311,
        "false_positives": 18,
        "fppi": 0.05787781350482315
      }
    }
  },
  "predictions_above_fppi_threshold_by_group": {
    "negative_in_domain": 64,
    "negative_out_domain": 18,
    "positive": 481
  },
  "relative_scale_metrics": {
    "tiny": {
      "mAP": 0.2591114041028173,
      "mAP50": 0.5469385338778399,
      "mAP75": 0.2293176273038217,
      "mAP_small": null,
      "mAP_medium": 0.27655082909405204,
      "mAP_large": 0.0047619047619047615,
      "AR1": 0.3117647058823529,
      "AR10": 0.4294117647058823,
      "AR100": 0.4294117647058823,
      "AR_small": null,
      "AR_medium": 0.4375,
      "AR_large": 0.3,
      "objects": 17,
      "positive_images": 14,
      "detections": 2092
    },
    "small": {
      "mAP": 0.38139421368670845,
      "mAP50": 0.6943226293570255,
      "mAP75": 0.39363598915671894,
      "mAP_small": null,
      "mAP_medium": 0.31583176465126217,
      "mAP_large": 0.4142553833427088,
      "AR1": 0.31298701298701304,
      "AR10": 0.5311688311688311,
      "AR100": 0.5311688311688311,
      "AR_small": null,
      "AR_medium": 0.49000000000000005,
      "AR_large": 0.5456140350877192,
      "objects": 77,
      "positive_images": 51,
      "detections": 3098
    },
    "medium": {
      "mAP": 0.5170659596464292,
      "mAP50": 0.7710913964795655,
      "mAP75": 0.6135613315524826,
      "mAP_small": null,
      "mAP_medium": null,
      "mAP_large": 0.5179694516009123,
      "AR1": 0.5959595959595959,
      "AR10": 0.6494949494949495,
      "AR100": 0.6494949494949495,
      "AR_small": null,
      "AR_medium": null,
      "AR_large": 0.6494949494949495,
      "objects": 99,
      "positive_images": 94,
      "detections": 2152
    },
    "large": {
      "mAP": 0.6749444226847434,
      "mAP50": 0.9272451849857181,
      "mAP75": 0.7750320936154018,
      "mAP_small": null,
      "mAP_medium": null,
      "mAP_large": 0.6749444226847434,
      "AR1": 0.7354066985645933,
      "AR10": 0.7440191387559809,
      "AR100": 0.7440191387559809,
      "AR_small": null,
      "AR_medium": null,
      "AR_large": 0.7440191387559809,
      "objects": 209,
      "positive_images": 207,
      "detections": 870
    }
  },
  "image_level": {
    "positive_images": 352,
    "negative_images": 750,
    "auroc": 0.9889545454545454,
    "average_precision": 0.9719633889023206,
    "fpr_at_target_tpr": {
      "threshold": 0.5587548017501831,
      "tp": 335,
      "fp": 34,
      "tn": 716,
      "fn": 17,
      "tpr": 0.9517045454545454,
      "fpr": 0.04533333333333334,
      "by_negative_group": {
        "negative_in_domain": {
          "negative_images": 439,
          "false_positive_images": 29,
          "fpr": 0.06605922551252848
        },
        "negative_out_domain": {
          "negative_images": 311,
          "false_positive_images": 5,
          "fpr": 0.01607717041800643
        }
      },
      "target_tpr": 0.95
    },
    "recall_at_fpr": {
      "0.01": {
        "max_fpr": 0.01,
        "threshold": 0.94073486328125,
        "recall": 0.8778409090909091,
        "fpr": 0.009333333333333334,
        "tp": 309,
        "fp": 7,
        "tn": 743,
        "fn": 43
      },
      "0.05": {
        "max_fpr": 0.05,
        "threshold": 0.4943291246891022,
        "recall": 0.9630681818181818,
        "fpr": 0.04933333333333333,
        "tp": 339,
        "fp": 37,
        "tn": 713,
        "fn": 13
      }
    },
    "fixed_threshold": {
      "threshold": 0.25,
      "tp": 343,
      "fp": 65,
      "tn": 685,
      "fn": 9,
      "tpr": 0.9744318181818182,
      "fpr": 0.08666666666666667,
      "by_negative_group": {
        "negative_in_domain": {
          "negative_images": 439,
          "false_positive_images": 51,
          "fpr": 0.11617312072892938
        },
        "negative_out_domain": {
          "negative_images": 311,
          "false_positive_images": 14,
          "fpr": 0.04501607717041801
        }
      }
    }
  }
}
