{
  "mAP": 0.6713004175821667,
  "mAP50": 0.9570573770885306,
  "mAP75": 0.7713906432518125,
  "mAP_small": null,
  "mAP_medium": 0.5070162698562697,
  "mAP_large": 0.6860868801562624,
  "AR1": 0.6437810945273632,
  "AR10": 0.7390547263681593,
  "AR100": 0.7395522388059702,
  "AR_small": null,
  "AR_medium": 0.6166666666666666,
  "AR_large": 0.7516393442622951,
  "mAP_tiny_rel": 0.46255443953189035,
  "mAP50_tiny_rel": 0.8239453670767536,
  "mAP75_tiny_rel": 0.48907278150175265,
  "AR100_tiny_rel": 0.5941176470588234,
  "mAP_small_rel": 0.4746597118978142,
  "mAP50_small_rel": 0.7627981229915209,
  "mAP75_small_rel": 0.49167945458823875,
  "AR100_small_rel": 0.577922077922078,
  "mAP_medium_rel": 0.5812578714551841,
  "mAP50_medium_rel": 0.8487651497872206,
  "mAP75_medium_rel": 0.6529466776066819,
  "AR100_medium_rel": 0.6686868686868687,
  "mAP_large_rel": 0.7095645811337127,
  "mAP50_large_rel": 0.9380562733956969,
  "mAP75_large_rel": 0.8462204608274676,
  "AR100_large_rel": 0.7837320574162678,
  "mAP_tiny": 0.46255443953189035,
  "image_AUROC": 0.9937462121212122,
  "image_AP": 0.9877260764904177,
  "FPR@95TPR": 0.021333333333333333,
  "threshold@95TPR": 0.8153571486473083,
  "TPR@95TPR": 0.9517045454545454,
  "Recall@FPR=1%": 0.9176136363636364,
  "Recall@FPR=5%": 0.9772727272727273,
  "in_domain_FPR@95TPR": 0.03416856492027335,
  "out_domain_FPR@95TPR": 0.003215434083601286,
  "in_domain_FPR@fixed": 0.0774487471526196,
  "out_domain_FPR@fixed": 0.01929260450160772,
  "split": "val",
  "images": 1102,
  "ground_truth_objects": 402,
  "input_predictions": 3344,
  "detections": 3344,
  "invalid_predictions_dropped": 0,
  "fppi_threshold": 0.25,
  "false_positives_on_negatives": {
    "total_negative_images": 750,
    "total_false_positives": 49,
    "fppi": 0.06533333333333333,
    "by_group": {
      "negative_in_domain": {
        "negative_images": 439,
        "false_positives": 39,
        "fppi": 0.0888382687927107
      },
      "negative_out_domain": {
        "negative_images": 311,
        "false_positives": 10,
        "fppi": 0.03215434083601286
      }
    }
  },
  "predictions_above_fppi_threshold_by_group": {
    "negative_in_domain": 39,
    "negative_out_domain": 10,
    "positive": 470
  },
  "relative_scale_metrics": {
    "tiny": {
      "mAP": 0.46255443953189035,
      "mAP50": 0.8239453670767536,
      "mAP75": 0.48907278150175265,
      "mAP_small": null,
      "mAP_medium": 0.4481410493990575,
      "mAP_large": 0.7999999999999999,
      "AR1": 0.49411764705882355,
      "AR10": 0.5941176470588234,
      "AR100": 0.5941176470588234,
      "AR_small": null,
      "AR_medium": 0.58125,
      "AR_large": 0.8,
      "objects": 17,
      "positive_images": 14,
      "detections": 497
    },
    "small": {
      "mAP": 0.4746597118978142,
      "mAP50": 0.7627981229915209,
      "mAP75": 0.49167945458823875,
      "mAP_small": null,
      "mAP_medium": 0.3566146692026056,
      "mAP_large": 0.5199263504884224,
      "AR1": 0.35844155844155845,
      "AR10": 0.577922077922078,
      "AR100": 0.577922077922078,
      "AR_small": null,
      "AR_medium": 0.44499999999999995,
      "AR_large": 0.6245614035087719,
      "objects": 77,
      "positive_images": 51,
      "detections": 730
    },
    "medium": {
      "mAP": 0.5812578714551841,
      "mAP50": 0.8487651497872206,
      "mAP75": 0.6529466776066819,
      "mAP_small": null,
      "mAP_medium": null,
      "mAP_large": 0.5814186817204405,
      "AR1": 0.6151515151515152,
      "AR10": 0.6686868686868687,
      "AR100": 0.6686868686868687,
      "AR_small": null,
      "AR_medium": null,
      "AR_large": 0.6686868686868687,
      "objects": 99,
      "positive_images": 94,
      "detections": 1271
    },
    "large": {
      "mAP": 0.7095645811337127,
      "mAP50": 0.9380562733956969,
      "mAP75": 0.8462204608274676,
      "mAP_small": null,
      "mAP_medium": null,
      "mAP_large": 0.7095645811337127,
      "AR1": 0.7722488038277511,
      "AR10": 0.7837320574162678,
      "AR100": 0.7837320574162678,
      "AR_small": null,
      "AR_medium": null,
      "AR_large": 0.7837320574162678,
      "objects": 209,
      "positive_images": 207,
      "detections": 846
    }
  },
  "image_level": {
    "positive_images": 352,
    "negative_images": 750,
    "auroc": 0.9937462121212122,
    "average_precision": 0.9877260764904177,
    "fpr_at_target_tpr": {
      "threshold": 0.8153571486473083,
      "tp": 335,
      "fp": 16,
      "tn": 734,
      "fn": 17,
      "tpr": 0.9517045454545454,
      "fpr": 0.021333333333333333,
      "by_negative_group": {
        "negative_in_domain": {
          "negative_images": 439,
          "false_positive_images": 15,
          "fpr": 0.03416856492027335
        },
        "negative_out_domain": {
          "negative_images": 311,
          "false_positive_images": 1,
          "fpr": 0.003215434083601286
        }
      },
      "target_tpr": 0.95
    },
    "recall_at_fpr": {
      "0.01": {
        "max_fpr": 0.01,
        "threshold": 0.9596577286720276,
        "recall": 0.9176136363636364,
        "fpr": 0.006666666666666667,
        "tp": 323,
        "fp": 5,
        "tn": 745,
        "fn": 29
      },
      "0.05": {
        "max_fpr": 0.05,
        "threshold": 0.3608451783657074,
        "recall": 0.9772727272727273,
        "fpr": 0.04133333333333333,
        "tp": 344,
        "fp": 31,
        "tn": 719,
        "fn": 8
      }
    },
    "fixed_threshold": {
      "threshold": 0.25,
      "tp": 344,
      "fp": 40,
      "tn": 710,
      "fn": 8,
      "tpr": 0.9772727272727273,
      "fpr": 0.05333333333333334,
      "by_negative_group": {
        "negative_in_domain": {
          "negative_images": 439,
          "false_positive_images": 34,
          "fpr": 0.0774487471526196
        },
        "negative_out_domain": {
          "negative_images": 311,
          "false_positive_images": 6,
          "fpr": 0.01929260450160772
        }
      }
    }
  }
}
