{
  "mAP": 0.5970466671115542,
  "mAP50": 0.9333723160075846,
  "mAP75": 0.6788272284165404,
  "mAP_small": null,
  "mAP_medium": 0.30680694877260073,
  "mAP_large": 0.6205061735825219,
  "AR1": 0.595273631840796,
  "AR10": 0.6776119402985075,
  "AR100": 0.6800995024875622,
  "AR_small": null,
  "AR_medium": 0.48611111111111105,
  "AR_large": 0.6991803278688524,
  "mAP_tiny_rel": 0.22113357648721096,
  "mAP50_tiny_rel": 0.5532398986978181,
  "mAP75_tiny_rel": 0.13482426409756879,
  "AR100_tiny_rel": 0.411764705882353,
  "mAP_small_rel": 0.3494919767991132,
  "mAP50_small_rel": 0.700788081034165,
  "mAP75_small_rel": 0.2782763497355686,
  "AR100_small_rel": 0.5142857142857143,
  "mAP_medium_rel": 0.49075973323447203,
  "mAP50_medium_rel": 0.7726505891920854,
  "mAP75_medium_rel": 0.5413233269621813,
  "AR100_medium_rel": 0.6171717171717173,
  "mAP_large_rel": 0.6549489080540063,
  "mAP50_large_rel": 0.9427587790889338,
  "mAP75_large_rel": 0.7966805776568463,
  "AR100_large_rel": 0.7430622009569378,
  "mAP_tiny": 0.22113357648721096,
  "image_AUROC": 0.9903598484848485,
  "image_AP": 0.9794731859862037,
  "FPR@95TPR": 0.024,
  "threshold@95TPR": 0.7088782787322998,
  "TPR@95TPR": 0.9517045454545454,
  "Recall@FPR=1%": 0.8778409090909091,
  "Recall@FPR=5%": 0.9630681818181818,
  "in_domain_FPR@95TPR": 0.0387243735763098,
  "out_domain_FPR@95TPR": 0.003215434083601286,
  "in_domain_FPR@fixed": 0.1070615034168565,
  "out_domain_FPR@fixed": 0.03215434083601286,
  "split": "val",
  "images": 1102,
  "ground_truth_objects": 402,
  "input_predictions": 10654,
  "detections": 10654,
  "invalid_predictions_dropped": 0,
  "fppi_threshold": 0.25,
  "false_positives_on_negatives": {
    "total_negative_images": 750,
    "total_false_positives": 76,
    "fppi": 0.10133333333333333,
    "by_group": {
      "negative_in_domain": {
        "negative_images": 439,
        "false_positives": 60,
        "fppi": 0.1366742596810934
      },
      "negative_out_domain": {
        "negative_images": 311,
        "false_positives": 16,
        "fppi": 0.05144694533762058
      }
    }
  },
  "predictions_above_fppi_threshold_by_group": {
    "negative_in_domain": 60,
    "negative_out_domain": 16,
    "positive": 524
  },
  "relative_scale_metrics": {
    "tiny": {
      "mAP": 0.22113357648721096,
      "mAP50": 0.5532398986978181,
      "mAP75": 0.13482426409756879,
      "mAP_small": null,
      "mAP_medium": 0.22361432082449686,
      "mAP_large": 0.28333333333333327,
      "AR1": 0.2,
      "AR10": 0.40588235294117647,
      "AR100": 0.411764705882353,
      "AR_small": null,
      "AR_medium": 0.39375,
      "AR_large": 0.7,
      "objects": 17,
      "positive_images": 14,
      "detections": 2927
    },
    "small": {
      "mAP": 0.3494919767991132,
      "mAP50": 0.700788081034165,
      "mAP75": 0.2782763497355686,
      "mAP_small": null,
      "mAP_medium": 0.26921015985977687,
      "mAP_large": 0.3828392979266516,
      "AR1": 0.3012987012987013,
      "AR10": 0.5142857142857143,
      "AR100": 0.5142857142857143,
      "AR_small": null,
      "AR_medium": 0.43500000000000005,
      "AR_large": 0.5421052631578946,
      "objects": 77,
      "positive_images": 51,
      "detections": 3780
    },
    "medium": {
      "mAP": 0.49075973323447203,
      "mAP50": 0.7726505891920854,
      "mAP75": 0.5413233269621813,
      "mAP_small": null,
      "mAP_medium": null,
      "mAP_large": 0.4911191180692521,
      "AR1": 0.5626262626262627,
      "AR10": 0.6171717171717173,
      "AR100": 0.6171717171717173,
      "AR_small": null,
      "AR_medium": null,
      "AR_large": 0.6171717171717173,
      "objects": 99,
      "positive_images": 94,
      "detections": 2717
    },
    "large": {
      "mAP": 0.6549489080540063,
      "mAP50": 0.9427587790889338,
      "mAP75": 0.7966805776568463,
      "mAP_small": null,
      "mAP_medium": null,
      "mAP_large": 0.6549491760507309,
      "AR1": 0.7334928229665072,
      "AR10": 0.7430622009569378,
      "AR100": 0.7430622009569378,
      "AR_small": null,
      "AR_medium": null,
      "AR_large": 0.7430622009569378,
      "objects": 209,
      "positive_images": 207,
      "detections": 1230
    }
  },
  "image_level": {
    "positive_images": 352,
    "negative_images": 750,
    "auroc": 0.9903598484848485,
    "average_precision": 0.9794731859862037,
    "fpr_at_target_tpr": {
      "threshold": 0.7088782787322998,
      "tp": 335,
      "fp": 18,
      "tn": 732,
      "fn": 17,
      "tpr": 0.9517045454545454,
      "fpr": 0.024,
      "by_negative_group": {
        "negative_in_domain": {
          "negative_images": 439,
          "false_positive_images": 17,
          "fpr": 0.0387243735763098
        },
        "negative_out_domain": {
          "negative_images": 311,
          "false_positive_images": 1,
          "fpr": 0.003215434083601286
        }
      },
      "target_tpr": 0.95
    },
    "recall_at_fpr": {
      "0.01": {
        "max_fpr": 0.01,
        "threshold": 0.9078659415245056,
        "recall": 0.8778409090909091,
        "fpr": 0.009333333333333334,
        "tp": 309,
        "fp": 7,
        "tn": 743,
        "fn": 43
      },
      "0.05": {
        "max_fpr": 0.05,
        "threshold": 0.5425815582275391,
        "recall": 0.9630681818181818,
        "fpr": 0.03866666666666667,
        "tp": 339,
        "fp": 29,
        "tn": 721,
        "fn": 13
      }
    },
    "fixed_threshold": {
      "threshold": 0.25,
      "tp": 342,
      "fp": 57,
      "tn": 693,
      "fn": 10,
      "tpr": 0.9715909090909091,
      "fpr": 0.076,
      "by_negative_group": {
        "negative_in_domain": {
          "negative_images": 439,
          "false_positive_images": 47,
          "fpr": 0.1070615034168565
        },
        "negative_out_domain": {
          "negative_images": 311,
          "false_positive_images": 10,
          "fpr": 0.03215434083601286
        }
      }
    }
  }
}
