{
  "mAP": 0.5897912351291135,
  "mAP50": 0.9271660952621664,
  "mAP75": 0.6705814838475309,
  "mAP_small": null,
  "mAP_medium": 0.25133194920630986,
  "mAP_large": 0.6157388440506135,
  "AR1": 0.5888059701492536,
  "AR10": 0.6703980099502487,
  "AR100": 0.6716417910447761,
  "AR_small": null,
  "AR_medium": 0.475,
  "AR_large": 0.6909836065573771,
  "mAP_tiny_rel": 0.27690327622896344,
  "mAP50_tiny_rel": 0.675125418887627,
  "mAP75_tiny_rel": 0.07498633298912713,
  "AR100_tiny_rel": 0.40588235294117647,
  "mAP_small_rel": 0.35949422822853144,
  "mAP50_small_rel": 0.6966202269252592,
  "mAP75_small_rel": 0.3535122422317571,
  "AR100_small_rel": 0.5168831168831168,
  "mAP_medium_rel": 0.4851283315577683,
  "mAP50_medium_rel": 0.7554967506435781,
  "mAP75_medium_rel": 0.5346104750729985,
  "AR100_medium_rel": 0.6111111111111112,
  "mAP_large_rel": 0.6369349333016483,
  "mAP50_large_rel": 0.9272566215265426,
  "mAP75_large_rel": 0.7725685707108402,
  "AR100_large_rel": 0.7267942583732057,
  "mAP_tiny": 0.27690327622896344,
  "image_AUROC": 0.988189393939394,
  "image_AP": 0.9758011910469594,
  "FPR@95TPR": 0.04533333333333334,
  "threshold@95TPR": 0.585063099861145,
  "TPR@95TPR": 0.9517045454545454,
  "Recall@FPR=1%": 0.7982954545454546,
  "Recall@FPR=5%": 0.9545454545454546,
  "in_domain_FPR@95TPR": 0.07517084282460136,
  "out_domain_FPR@95TPR": 0.003215434083601286,
  "in_domain_FPR@fixed": 0.1252847380410023,
  "out_domain_FPR@fixed": 0.01929260450160772,
  "split": "val",
  "images": 1102,
  "ground_truth_objects": 402,
  "input_predictions": 13512,
  "detections": 13512,
  "invalid_predictions_dropped": 0,
  "fppi_threshold": 0.25,
  "false_positives_on_negatives": {
    "total_negative_images": 750,
    "total_false_positives": 78,
    "fppi": 0.104,
    "by_group": {
      "negative_in_domain": {
        "negative_images": 439,
        "false_positives": 68,
        "fppi": 0.1548974943052392
      },
      "negative_out_domain": {
        "negative_images": 311,
        "false_positives": 10,
        "fppi": 0.03215434083601286
      }
    }
  },
  "predictions_above_fppi_threshold_by_group": {
    "negative_in_domain": 68,
    "negative_out_domain": 10,
    "positive": 534
  },
  "relative_scale_metrics": {
    "tiny": {
      "mAP": 0.27690327622896344,
      "mAP50": 0.675125418887627,
      "mAP75": 0.07498633298912713,
      "mAP_small": null,
      "mAP_medium": 0.2518845708052187,
      "mAP_large": 0.6999999999999998,
      "AR1": 0.2823529411764706,
      "AR10": 0.4,
      "AR100": 0.40588235294117647,
      "AR_small": null,
      "AR_medium": 0.3875,
      "AR_large": 0.7,
      "objects": 17,
      "positive_images": 14,
      "detections": 3979
    },
    "small": {
      "mAP": 0.35949422822853144,
      "mAP50": 0.6966202269252592,
      "mAP75": 0.3535122422317571,
      "mAP_small": null,
      "mAP_medium": 0.20100182157551583,
      "mAP_large": 0.4205949003333762,
      "AR1": 0.3246753246753246,
      "AR10": 0.5168831168831168,
      "AR100": 0.5168831168831168,
      "AR_small": null,
      "AR_medium": 0.4,
      "AR_large": 0.5578947368421052,
      "objects": 77,
      "positive_images": 51,
      "detections": 5135
    },
    "medium": {
      "mAP": 0.4851283315577683,
      "mAP50": 0.7554967506435781,
      "mAP75": 0.5346104750729985,
      "mAP_small": null,
      "mAP_medium": null,
      "mAP_large": 0.4855841263054991,
      "AR1": 0.5555555555555556,
      "AR10": 0.6111111111111112,
      "AR100": 0.6111111111111112,
      "AR_small": null,
      "AR_medium": null,
      "AR_large": 0.6111111111111112,
      "objects": 99,
      "positive_images": 94,
      "detections": 2999
    },
    "large": {
      "mAP": 0.6369349333016483,
      "mAP50": 0.9272566215265426,
      "mAP75": 0.7725685707108402,
      "mAP_small": null,
      "mAP_medium": null,
      "mAP_large": 0.6369352128075466,
      "AR1": 0.7153110047846889,
      "AR10": 0.7267942583732057,
      "AR100": 0.7267942583732057,
      "AR_small": null,
      "AR_medium": null,
      "AR_large": 0.7267942583732057,
      "objects": 209,
      "positive_images": 207,
      "detections": 1399
    }
  },
  "image_level": {
    "positive_images": 352,
    "negative_images": 750,
    "auroc": 0.988189393939394,
    "average_precision": 0.9758011910469594,
    "fpr_at_target_tpr": {
      "threshold": 0.585063099861145,
      "tp": 335,
      "fp": 34,
      "tn": 716,
      "fn": 17,
      "tpr": 0.9517045454545454,
      "fpr": 0.04533333333333334,
      "by_negative_group": {
        "negative_in_domain": {
          "negative_images": 439,
          "false_positive_images": 33,
          "fpr": 0.07517084282460136
        },
        "negative_out_domain": {
          "negative_images": 311,
          "false_positive_images": 1,
          "fpr": 0.003215434083601286
        }
      },
      "target_tpr": 0.95
    },
    "recall_at_fpr": {
      "0.01": {
        "max_fpr": 0.01,
        "threshold": 0.9562027454376221,
        "recall": 0.7982954545454546,
        "fpr": 0.009333333333333334,
        "tp": 281,
        "fp": 7,
        "tn": 743,
        "fn": 71
      },
      "0.05": {
        "max_fpr": 0.05,
        "threshold": 0.573991060256958,
        "recall": 0.9545454545454546,
        "fpr": 0.04533333333333334,
        "tp": 336,
        "fp": 34,
        "tn": 716,
        "fn": 16
      }
    },
    "fixed_threshold": {
      "threshold": 0.25,
      "tp": 342,
      "fp": 61,
      "tn": 689,
      "fn": 10,
      "tpr": 0.9715909090909091,
      "fpr": 0.08133333333333333,
      "by_negative_group": {
        "negative_in_domain": {
          "negative_images": 439,
          "false_positive_images": 55,
          "fpr": 0.1252847380410023
        },
        "negative_out_domain": {
          "negative_images": 311,
          "false_positive_images": 6,
          "fpr": 0.01929260450160772
        }
      }
    }
  }
}
