{
  "mAP": 0.6014508062924653,
  "mAP50": 0.9374388018817292,
  "mAP75": 0.6509661456401313,
  "mAP_small": null,
  "mAP_medium": 0.4817188009198598,
  "mAP_large": 0.6123516720190489,
  "AR1": 0.5915422885572139,
  "AR10": 0.6746268656716418,
  "AR100": 0.6766169154228856,
  "AR_small": null,
  "AR_medium": 0.6083333333333333,
  "AR_large": 0.6833333333333333,
  "mAP_tiny_rel": 0.28209844104230436,
  "mAP50_tiny_rel": 0.6001344821327124,
  "mAP75_tiny_rel": 0.3101954514048409,
  "AR100_tiny_rel": 0.49411764705882355,
  "mAP_small_rel": 0.46231122052510687,
  "mAP50_small_rel": 0.7744524760299618,
  "mAP75_small_rel": 0.45847935876948454,
  "AR100_small_rel": 0.5688311688311688,
  "mAP_medium_rel": 0.49509618667403293,
  "mAP50_medium_rel": 0.78935111694067,
  "mAP75_medium_rel": 0.5065946309076899,
  "AR100_medium_rel": 0.593939393939394,
  "mAP_large_rel": 0.6286453413240098,
  "mAP50_large_rel": 0.9260392479011944,
  "mAP75_large_rel": 0.7262314584051619,
  "AR100_large_rel": 0.715311004784689,
  "mAP_tiny": 0.28209844104230436,
  "image_AUROC": 0.9922045454545455,
  "image_AP": 0.982841355442127,
  "FPR@95TPR": 0.030666666666666665,
  "threshold@95TPR": 0.7520192861557007,
  "TPR@95TPR": 0.9517045454545454,
  "Recall@FPR=1%": 0.9090909090909091,
  "Recall@FPR=5%": 0.9744318181818182,
  "in_domain_FPR@95TPR": 0.04555808656036447,
  "out_domain_FPR@95TPR": 0.00964630225080386,
  "in_domain_FPR@fixed": 0.12300683371298406,
  "out_domain_FPR@fixed": 0.028938906752411574,
  "split": "val",
  "images": 1102,
  "ground_truth_objects": 402,
  "input_predictions": 12001,
  "detections": 12001,
  "invalid_predictions_dropped": 0,
  "fppi_threshold": 0.25,
  "false_positives_on_negatives": {
    "total_negative_images": 750,
    "total_false_positives": 86,
    "fppi": 0.11466666666666667,
    "by_group": {
      "negative_in_domain": {
        "negative_images": 439,
        "false_positives": 73,
        "fppi": 0.1662870159453303
      },
      "negative_out_domain": {
        "negative_images": 311,
        "false_positives": 13,
        "fppi": 0.04180064308681672
      }
    }
  },
  "predictions_above_fppi_threshold_by_group": {
    "negative_in_domain": 73,
    "negative_out_domain": 13,
    "positive": 631
  },
  "relative_scale_metrics": {
    "tiny": {
      "mAP": 0.28209844104230436,
      "mAP50": 0.6001344821327124,
      "mAP75": 0.3101954514048409,
      "mAP_small": null,
      "mAP_medium": 0.32008609231896934,
      "mAP_large": 0.1,
      "AR1": 0.4117647058823529,
      "AR10": 0.49411764705882355,
      "AR100": 0.49411764705882355,
      "AR_small": null,
      "AR_medium": 0.5125,
      "AR_large": 0.2,
      "objects": 17,
      "positive_images": 14,
      "detections": 3160
    },
    "small": {
      "mAP": 0.46231122052510687,
      "mAP50": 0.7744524760299618,
      "mAP75": 0.45847935876948454,
      "mAP_small": null,
      "mAP_medium": 0.4642624231223056,
      "mAP_large": 0.46346173358709475,
      "AR1": 0.38571428571428573,
      "AR10": 0.5688311688311688,
      "AR100": 0.5688311688311688,
      "AR_small": null,
      "AR_medium": 0.575,
      "AR_large": 0.5666666666666667,
      "objects": 77,
      "positive_images": 51,
      "detections": 3643
    },
    "medium": {
      "mAP": 0.49509618667403293,
      "mAP50": 0.78935111694067,
      "mAP75": 0.5065946309076899,
      "mAP_small": null,
      "mAP_medium": null,
      "mAP_large": 0.4954189172037263,
      "AR1": 0.5373737373737374,
      "AR10": 0.593939393939394,
      "AR100": 0.593939393939394,
      "AR_small": null,
      "AR_medium": null,
      "AR_large": 0.593939393939394,
      "objects": 99,
      "positive_images": 94,
      "detections": 3956
    },
    "large": {
      "mAP": 0.6286453413240098,
      "mAP50": 0.9260392479011944,
      "mAP75": 0.7262314584051619,
      "mAP_small": null,
      "mAP_medium": null,
      "mAP_large": 0.6286453413240098,
      "AR1": 0.7023923444976077,
      "AR10": 0.715311004784689,
      "AR100": 0.715311004784689,
      "AR_small": null,
      "AR_medium": null,
      "AR_large": 0.715311004784689,
      "objects": 209,
      "positive_images": 207,
      "detections": 1242
    }
  },
  "image_level": {
    "positive_images": 352,
    "negative_images": 750,
    "auroc": 0.9922045454545455,
    "average_precision": 0.982841355442127,
    "fpr_at_target_tpr": {
      "threshold": 0.7520192861557007,
      "tp": 335,
      "fp": 23,
      "tn": 727,
      "fn": 17,
      "tpr": 0.9517045454545454,
      "fpr": 0.030666666666666665,
      "by_negative_group": {
        "negative_in_domain": {
          "negative_images": 439,
          "false_positive_images": 20,
          "fpr": 0.04555808656036447
        },
        "negative_out_domain": {
          "negative_images": 311,
          "false_positive_images": 3,
          "fpr": 0.00964630225080386
        }
      },
      "target_tpr": 0.95
    },
    "recall_at_fpr": {
      "0.01": {
        "max_fpr": 0.01,
        "threshold": 0.9289517402648926,
        "recall": 0.9090909090909091,
        "fpr": 0.009333333333333334,
        "tp": 320,
        "fp": 7,
        "tn": 743,
        "fn": 32
      },
      "0.05": {
        "max_fpr": 0.05,
        "threshold": 0.55169278383255,
        "recall": 0.9744318181818182,
        "fpr": 0.044,
        "tp": 343,
        "fp": 33,
        "tn": 717,
        "fn": 9
      }
    },
    "fixed_threshold": {
      "threshold": 0.25,
      "tp": 345,
      "fp": 63,
      "tn": 687,
      "fn": 7,
      "tpr": 0.9801136363636364,
      "fpr": 0.084,
      "by_negative_group": {
        "negative_in_domain": {
          "negative_images": 439,
          "false_positive_images": 54,
          "fpr": 0.12300683371298406
        },
        "negative_out_domain": {
          "negative_images": 311,
          "false_positive_images": 9,
          "fpr": 0.028938906752411574
        }
      }
    }
  }
}
