{
  "mAP": 0.5861654964307921,
  "mAP50": 0.90865576879171,
  "mAP75": 0.6469924300272855,
  "mAP_small": null,
  "mAP_medium": 0.20986398212729623,
  "mAP_large": 0.6163539234495208,
  "AR1": 0.5883084577114428,
  "AR10": 0.6691542288557214,
  "AR100": 0.6708955223880596,
  "AR_small": null,
  "AR_medium": 0.4333333333333334,
  "AR_large": 0.6942622950819671,
  "mAP_tiny_rel": 0.09668422663999002,
  "mAP50_tiny_rel": 0.29119936757306086,
  "mAP75_tiny_rel": 0.05373015756256161,
  "AR100_tiny_rel": 0.3529411764705882,
  "mAP_small_rel": 0.34494908370002403,
  "mAP50_small_rel": 0.6297274483625334,
  "mAP75_small_rel": 0.31639573690297534,
  "AR100_small_rel": 0.5038961038961038,
  "mAP_medium_rel": 0.4820403127670926,
  "mAP50_medium_rel": 0.7307541285523307,
  "mAP75_medium_rel": 0.5476396428072509,
  "AR100_medium_rel": 0.5959595959595959,
  "mAP_large_rel": 0.6458323611289303,
  "mAP50_large_rel": 0.9271794025068301,
  "mAP75_large_rel": 0.7658197854487879,
  "AR100_large_rel": 0.7306220095693781,
  "mAP_tiny": 0.09668422663999002,
  "image_AUROC": 0.983844696969697,
  "image_AP": 0.9648921635582169,
  "FPR@95TPR": 0.06133333333333333,
  "threshold@95TPR": 0.37680527567863464,
  "TPR@95TPR": 0.9517045454545454,
  "Recall@FPR=1%": 0.7869318181818182,
  "Recall@FPR=5%": 0.9431818181818182,
  "in_domain_FPR@95TPR": 0.09567198177676538,
  "out_domain_FPR@95TPR": 0.012861736334405145,
  "in_domain_FPR@fixed": 0.12300683371298406,
  "out_domain_FPR@fixed": 0.01929260450160772,
  "split": "val",
  "images": 1102,
  "ground_truth_objects": 402,
  "input_predictions": 13990,
  "detections": 13990,
  "invalid_predictions_dropped": 0,
  "fppi_threshold": 0.25,
  "false_positives_on_negatives": {
    "total_negative_images": 750,
    "total_false_positives": 80,
    "fppi": 0.10666666666666667,
    "by_group": {
      "negative_in_domain": {
        "negative_images": 439,
        "false_positives": 63,
        "fppi": 0.14350797266514806
      },
      "negative_out_domain": {
        "negative_images": 311,
        "false_positives": 17,
        "fppi": 0.05466237942122187
      }
    }
  },
  "predictions_above_fppi_threshold_by_group": {
    "negative_in_domain": 63,
    "negative_out_domain": 17,
    "positive": 507
  },
  "relative_scale_metrics": {
    "tiny": {
      "mAP": 0.09668422663999002,
      "mAP50": 0.29119936757306086,
      "mAP75": 0.05373015756256161,
      "mAP_small": null,
      "mAP_medium": 0.11297932717054923,
      "mAP_large": 0.05333333333333332,
      "AR1": 0.17058823529411765,
      "AR10": 0.3529411764705882,
      "AR100": 0.3529411764705882,
      "AR_small": null,
      "AR_medium": 0.35625,
      "AR_large": 0.3,
      "objects": 17,
      "positive_images": 14,
      "detections": 4175
    },
    "small": {
      "mAP": 0.34494908370002403,
      "mAP50": 0.6297274483625334,
      "mAP75": 0.31639573690297534,
      "mAP_small": null,
      "mAP_medium": 0.18350197036785146,
      "mAP_large": 0.40731104596860296,
      "AR1": 0.2922077922077922,
      "AR10": 0.5025974025974025,
      "AR100": 0.5038961038961038,
      "AR_small": null,
      "AR_medium": 0.355,
      "AR_large": 0.5561403508771929,
      "objects": 77,
      "positive_images": 51,
      "detections": 6108
    },
    "medium": {
      "mAP": 0.4820403127670926,
      "mAP50": 0.7307541285523307,
      "mAP75": 0.5476396428072509,
      "mAP_small": null,
      "mAP_medium": null,
      "mAP_large": 0.4823405116920526,
      "AR1": 0.5515151515151515,
      "AR10": 0.5959595959595959,
      "AR100": 0.5959595959595959,
      "AR_small": null,
      "AR_medium": null,
      "AR_large": 0.5959595959595959,
      "objects": 99,
      "positive_images": 94,
      "detections": 2697
    },
    "large": {
      "mAP": 0.6458323611289303,
      "mAP50": 0.9271794025068301,
      "mAP75": 0.7658197854487879,
      "mAP_small": null,
      "mAP_medium": null,
      "mAP_large": 0.645832935757482,
      "AR1": 0.7220095693779904,
      "AR10": 0.7306220095693781,
      "AR100": 0.7306220095693781,
      "AR_small": null,
      "AR_medium": null,
      "AR_large": 0.7306220095693781,
      "objects": 209,
      "positive_images": 207,
      "detections": 1010
    }
  },
  "image_level": {
    "positive_images": 352,
    "negative_images": 750,
    "auroc": 0.983844696969697,
    "average_precision": 0.9648921635582169,
    "fpr_at_target_tpr": {
      "threshold": 0.37680527567863464,
      "tp": 335,
      "fp": 46,
      "tn": 704,
      "fn": 17,
      "tpr": 0.9517045454545454,
      "fpr": 0.06133333333333333,
      "by_negative_group": {
        "negative_in_domain": {
          "negative_images": 439,
          "false_positive_images": 42,
          "fpr": 0.09567198177676538
        },
        "negative_out_domain": {
          "negative_images": 311,
          "false_positive_images": 4,
          "fpr": 0.012861736334405145
        }
      },
      "target_tpr": 0.95
    },
    "recall_at_fpr": {
      "0.01": {
        "max_fpr": 0.01,
        "threshold": 0.9509479999542236,
        "recall": 0.7869318181818182,
        "fpr": 0.009333333333333334,
        "tp": 277,
        "fp": 7,
        "tn": 743,
        "fn": 75
      },
      "0.05": {
        "max_fpr": 0.05,
        "threshold": 0.4511722922325134,
        "recall": 0.9431818181818182,
        "fpr": 0.04933333333333333,
        "tp": 332,
        "fp": 37,
        "tn": 713,
        "fn": 20
      }
    },
    "fixed_threshold": {
      "threshold": 0.25,
      "tp": 340,
      "fp": 60,
      "tn": 690,
      "fn": 12,
      "tpr": 0.9659090909090909,
      "fpr": 0.08,
      "by_negative_group": {
        "negative_in_domain": {
          "negative_images": 439,
          "false_positive_images": 54,
          "fpr": 0.12300683371298406
        },
        "negative_out_domain": {
          "negative_images": 311,
          "false_positive_images": 6,
          "fpr": 0.01929260450160772
        }
      }
    }
  }
}
