{
  "mAP": 0.5937907592247914,
  "mAP50": 0.9074200217304139,
  "mAP75": 0.6691046455973795,
  "mAP_small": null,
  "mAP_medium": 0.20319074401363624,
  "mAP_large": 0.6240624031126537,
  "AR1": 0.5885572139303482,
  "AR10": 0.6723880597014925,
  "AR100": 0.6756218905472637,
  "AR_small": null,
  "AR_medium": 0.44722222222222224,
  "AR_large": 0.698087431693989,
  "mAP_tiny_rel": 0.09359713487497971,
  "mAP50_tiny_rel": 0.2920322213191628,
  "mAP75_tiny_rel": 0.016117625587443535,
  "AR100_tiny_rel": 0.37058823529411766,
  "mAP_small_rel": 0.361312114381945,
  "mAP50_small_rel": 0.6443037358197757,
  "mAP75_small_rel": 0.35618678620496136,
  "AR100_small_rel": 0.49350649350649345,
  "mAP_medium_rel": 0.49694795137053777,
  "mAP50_medium_rel": 0.7557009150882606,
  "mAP75_medium_rel": 0.5940538944994284,
  "AR100_medium_rel": 0.6121212121212121,
  "mAP_large_rel": 0.6571645828991648,
  "mAP50_large_rel": 0.9291756095406357,
  "mAP75_large_rel": 0.7742424161592191,
  "AR100_large_rel": 0.7339712918660286,
  "mAP_tiny": 0.09359713487497971,
  "image_AUROC": 0.9836666666666667,
  "image_AP": 0.967385608902362,
  "FPR@95TPR": 0.06266666666666666,
  "threshold@95TPR": 0.3650032877922058,
  "TPR@95TPR": 0.9517045454545454,
  "Recall@FPR=1%": 0.8153409090909091,
  "Recall@FPR=5%": 0.9403409090909091,
  "in_domain_FPR@95TPR": 0.0979498861047836,
  "out_domain_FPR@95TPR": 0.012861736334405145,
  "in_domain_FPR@fixed": 0.1366742596810934,
  "out_domain_FPR@fixed": 0.01607717041800643,
  "split": "val",
  "images": 1102,
  "ground_truth_objects": 402,
  "input_predictions": 13039,
  "detections": 13039,
  "invalid_predictions_dropped": 0,
  "fppi_threshold": 0.25,
  "false_positives_on_negatives": {
    "total_negative_images": 750,
    "total_false_positives": 83,
    "fppi": 0.11066666666666666,
    "by_group": {
      "negative_in_domain": {
        "negative_images": 439,
        "false_positives": 70,
        "fppi": 0.15945330296127563
      },
      "negative_out_domain": {
        "negative_images": 311,
        "false_positives": 13,
        "fppi": 0.04180064308681672
      }
    }
  },
  "predictions_above_fppi_threshold_by_group": {
    "negative_in_domain": 70,
    "negative_out_domain": 13,
    "positive": 500
  },
  "relative_scale_metrics": {
    "tiny": {
      "mAP": 0.09359713487497971,
      "mAP50": 0.2920322213191628,
      "mAP75": 0.016117625587443535,
      "mAP_small": null,
      "mAP_medium": 0.10791994774839521,
      "mAP_large": 0.06666666666666665,
      "AR1": 0.1588235294117647,
      "AR10": 0.37058823529411766,
      "AR100": 0.37058823529411766,
      "AR_small": null,
      "AR_medium": 0.36875,
      "AR_large": 0.4,
      "objects": 17,
      "positive_images": 14,
      "detections": 3974
    },
    "small": {
      "mAP": 0.361312114381945,
      "mAP50": 0.6443037358197757,
      "mAP75": 0.35618678620496136,
      "mAP_small": null,
      "mAP_medium": 0.16474991835757372,
      "mAP_large": 0.43618150205369555,
      "AR1": 0.3064935064935065,
      "AR10": 0.4883116883116883,
      "AR100": 0.49350649350649345,
      "AR_small": null,
      "AR_medium": 0.37,
      "AR_large": 0.536842105263158,
      "objects": 77,
      "positive_images": 51,
      "detections": 5577
    },
    "medium": {
      "mAP": 0.49694795137053777,
      "mAP50": 0.7557009150882606,
      "mAP75": 0.5940538944994284,
      "mAP_small": null,
      "mAP_medium": null,
      "mAP_large": 0.49751803544720385,
      "AR1": 0.5595959595959596,
      "AR10": 0.6121212121212121,
      "AR100": 0.6121212121212121,
      "AR_small": null,
      "AR_medium": null,
      "AR_large": 0.6121212121212121,
      "objects": 99,
      "positive_images": 94,
      "detections": 2541
    },
    "large": {
      "mAP": 0.6571645828991648,
      "mAP50": 0.9291756095406357,
      "mAP75": 0.7742424161592191,
      "mAP_small": null,
      "mAP_medium": null,
      "mAP_large": 0.6571645828991648,
      "AR1": 0.722488038277512,
      "AR10": 0.7339712918660286,
      "AR100": 0.7339712918660286,
      "AR_small": null,
      "AR_medium": null,
      "AR_large": 0.7339712918660286,
      "objects": 209,
      "positive_images": 207,
      "detections": 947
    }
  },
  "image_level": {
    "positive_images": 352,
    "negative_images": 750,
    "auroc": 0.9836666666666667,
    "average_precision": 0.967385608902362,
    "fpr_at_target_tpr": {
      "threshold": 0.3650032877922058,
      "tp": 335,
      "fp": 47,
      "tn": 703,
      "fn": 17,
      "tpr": 0.9517045454545454,
      "fpr": 0.06266666666666666,
      "by_negative_group": {
        "negative_in_domain": {
          "negative_images": 439,
          "false_positive_images": 43,
          "fpr": 0.0979498861047836
        },
        "negative_out_domain": {
          "negative_images": 311,
          "false_positive_images": 4,
          "fpr": 0.012861736334405145
        }
      },
      "target_tpr": 0.95
    },
    "recall_at_fpr": {
      "0.01": {
        "max_fpr": 0.01,
        "threshold": 0.9330909252166748,
        "recall": 0.8153409090909091,
        "fpr": 0.009333333333333334,
        "tp": 287,
        "fp": 7,
        "tn": 743,
        "fn": 65
      },
      "0.05": {
        "max_fpr": 0.05,
        "threshold": 0.5384315252304077,
        "recall": 0.9403409090909091,
        "fpr": 0.048,
        "tp": 331,
        "fp": 36,
        "tn": 714,
        "fn": 21
      }
    },
    "fixed_threshold": {
      "threshold": 0.25,
      "tp": 338,
      "fp": 65,
      "tn": 685,
      "fn": 14,
      "tpr": 0.9602272727272727,
      "fpr": 0.08666666666666667,
      "by_negative_group": {
        "negative_in_domain": {
          "negative_images": 439,
          "false_positive_images": 60,
          "fpr": 0.1366742596810934
        },
        "negative_out_domain": {
          "negative_images": 311,
          "false_positive_images": 5,
          "fpr": 0.01607717041800643
        }
      }
    }
  }
}
