{
  "mAP": 0.6253826388299828,
  "mAP50": 0.9290155685417969,
  "mAP75": 0.7138557241199291,
  "mAP_small": null,
  "mAP_medium": 0.38324774147104645,
  "mAP_large": 0.6466742328569777,
  "AR1": 0.6136815920398011,
  "AR10": 0.6970149253731343,
  "AR100": 0.6985074626865672,
  "AR_small": null,
  "AR_medium": 0.5527777777777778,
  "AR_large": 0.7128415300546448,
  "mAP_tiny_rel": 0.25910939893799795,
  "mAP50_tiny_rel": 0.5469360057393359,
  "mAP75_tiny_rel": 0.2293176273038217,
  "AR100_tiny_rel": 0.4294117647058823,
  "mAP_small_rel": 0.38039811510291177,
  "mAP50_small_rel": 0.6940995043922797,
  "mAP75_small_rel": 0.39145632064041674,
  "AR100_small_rel": 0.5298701298701298,
  "mAP_medium_rel": 0.5166602028034661,
  "mAP50_medium_rel": 0.7714138108028522,
  "mAP75_medium_rel": 0.6138905666779678,
  "AR100_medium_rel": 0.6494949494949495,
  "mAP_large_rel": 0.6741981179501456,
  "mAP50_large_rel": 0.9274073499809788,
  "mAP75_large_rel": 0.775320981733623,
  "AR100_large_rel": 0.7430622009569379,
  "mAP_tiny": 0.25910939893799795,
  "image_AUROC": 0.9889526515151515,
  "image_AP": 0.9719362008294469,
  "FPR@95TPR": 0.04533333333333334,
  "threshold@95TPR": 0.5574606657028198,
  "TPR@95TPR": 0.9517045454545454,
  "Recall@FPR=1%": 0.8778409090909091,
  "Recall@FPR=5%": 0.9630681818181818,
  "in_domain_FPR@95TPR": 0.06605922551252848,
  "out_domain_FPR@95TPR": 0.01607717041800643,
  "in_domain_FPR@fixed": 0.11617312072892938,
  "out_domain_FPR@fixed": 0.04501607717041801,
  "split": "val",
  "images": 1102,
  "ground_truth_objects": 402,
  "input_predictions": 8228,
  "detections": 8228,
  "invalid_predictions_dropped": 0,
  "fppi_threshold": 0.25,
  "false_positives_on_negatives": {
    "total_negative_images": 750,
    "total_false_positives": 82,
    "fppi": 0.10933333333333334,
    "by_group": {
      "negative_in_domain": {
        "negative_images": 439,
        "false_positives": 64,
        "fppi": 0.14578587699316628
      },
      "negative_out_domain": {
        "negative_images": 311,
        "false_positives": 18,
        "fppi": 0.05787781350482315
      }
    }
  },
  "predictions_above_fppi_threshold_by_group": {
    "negative_in_domain": 64,
    "negative_out_domain": 18,
    "positive": 481
  },
  "relative_scale_metrics": {
    "tiny": {
      "mAP": 0.25910939893799795,
      "mAP50": 0.5469360057393359,
      "mAP75": 0.2293176273038217,
      "mAP_small": null,
      "mAP_medium": 0.2765482029263355,
      "mAP_large": 0.0047619047619047615,
      "AR1": 0.3117647058823529,
      "AR10": 0.4294117647058823,
      "AR100": 0.4294117647058823,
      "AR_small": null,
      "AR_medium": 0.4375,
      "AR_large": 0.3,
      "objects": 17,
      "positive_images": 14,
      "detections": 2096
    },
    "small": {
      "mAP": 0.38039811510291177,
      "mAP50": 0.6940995043922797,
      "mAP75": 0.39145632064041674,
      "mAP_small": null,
      "mAP_medium": 0.3158368885033058,
      "mAP_large": 0.41299314223307915,
      "AR1": 0.31298701298701304,
      "AR10": 0.5298701298701298,
      "AR100": 0.5298701298701298,
      "AR_small": null,
      "AR_medium": 0.49000000000000005,
      "AR_large": 0.543859649122807,
      "objects": 77,
      "positive_images": 51,
      "detections": 3101
    },
    "medium": {
      "mAP": 0.5166602028034661,
      "mAP50": 0.7714138108028522,
      "mAP75": 0.6138905666779678,
      "mAP_small": null,
      "mAP_medium": null,
      "mAP_large": 0.5175634008656527,
      "AR1": 0.594949494949495,
      "AR10": 0.6494949494949495,
      "AR100": 0.6494949494949495,
      "AR_small": null,
      "AR_medium": null,
      "AR_large": 0.6494949494949495,
      "objects": 99,
      "positive_images": 94,
      "detections": 2158
    },
    "large": {
      "mAP": 0.6741981179501456,
      "mAP50": 0.9274073499809788,
      "mAP75": 0.775320981733623,
      "mAP_small": null,
      "mAP_medium": null,
      "mAP_large": 0.6741981179501456,
      "AR1": 0.7344497607655502,
      "AR10": 0.7430622009569379,
      "AR100": 0.7430622009569379,
      "AR_small": null,
      "AR_medium": null,
      "AR_large": 0.7430622009569379,
      "objects": 209,
      "positive_images": 207,
      "detections": 873
    }
  },
  "image_level": {
    "positive_images": 352,
    "negative_images": 750,
    "auroc": 0.9889526515151515,
    "average_precision": 0.9719362008294469,
    "fpr_at_target_tpr": {
      "threshold": 0.5574606657028198,
      "tp": 335,
      "fp": 34,
      "tn": 716,
      "fn": 17,
      "tpr": 0.9517045454545454,
      "fpr": 0.04533333333333334,
      "by_negative_group": {
        "negative_in_domain": {
          "negative_images": 439,
          "false_positive_images": 29,
          "fpr": 0.06605922551252848
        },
        "negative_out_domain": {
          "negative_images": 311,
          "false_positive_images": 5,
          "fpr": 0.01607717041800643
        }
      },
      "target_tpr": 0.95
    },
    "recall_at_fpr": {
      "0.01": {
        "max_fpr": 0.01,
        "threshold": 0.9403898119926453,
        "recall": 0.8778409090909091,
        "fpr": 0.009333333333333334,
        "tp": 309,
        "fp": 7,
        "tn": 743,
        "fn": 43
      },
      "0.05": {
        "max_fpr": 0.05,
        "threshold": 0.4951881170272827,
        "recall": 0.9630681818181818,
        "fpr": 0.04933333333333333,
        "tp": 339,
        "fp": 37,
        "tn": 713,
        "fn": 13
      }
    },
    "fixed_threshold": {
      "threshold": 0.25,
      "tp": 343,
      "fp": 65,
      "tn": 685,
      "fn": 9,
      "tpr": 0.9744318181818182,
      "fpr": 0.08666666666666667,
      "by_negative_group": {
        "negative_in_domain": {
          "negative_images": 439,
          "false_positive_images": 51,
          "fpr": 0.11617312072892938
        },
        "negative_out_domain": {
          "negative_images": 311,
          "false_positive_images": 14,
          "fpr": 0.04501607717041801
        }
      }
    }
  }
}
