{
  "mAP": 0.6358198927295325,
  "mAP50": 0.9481344325418832,
  "mAP75": 0.7251820121615574,
  "mAP_small": null,
  "mAP_medium": 0.4650427732244269,
  "mAP_large": 0.6506737338674685,
  "AR1": 0.621641791044776,
  "AR10": 0.7121890547263682,
  "AR100": 0.7139303482587065,
  "AR_small": null,
  "AR_medium": 0.6111111111111112,
  "AR_large": 0.7240437158469945,
  "mAP_tiny_rel": 0.4106423527536908,
  "mAP50_tiny_rel": 0.754653638725181,
  "mAP75_tiny_rel": 0.3782178217821782,
  "AR100_tiny_rel": 0.5470588235294117,
  "mAP_small_rel": 0.4320708269136365,
  "mAP50_small_rel": 0.7400435015445249,
  "mAP75_small_rel": 0.40897400467833034,
  "AR100_small_rel": 0.5532467532467533,
  "mAP_medium_rel": 0.5343434889549333,
  "mAP50_medium_rel": 0.8151687488297327,
  "mAP75_medium_rel": 0.5979190614154466,
  "AR100_medium_rel": 0.6383838383838383,
  "mAP_large_rel": 0.6813674644864814,
  "mAP50_large_rel": 0.9406055321553584,
  "mAP75_large_rel": 0.8086606697971572,
  "AR100_large_rel": 0.7679425837320574,
  "mAP_tiny": 0.4106423527536908,
  "image_AUROC": 0.9911136363636364,
  "image_AP": 0.9835736495655294,
  "FPR@95TPR": 0.032,
  "threshold@95TPR": 0.7991862297058105,
  "TPR@95TPR": 0.9517045454545454,
  "Recall@FPR=1%": 0.9176136363636364,
  "Recall@FPR=5%": 0.9630681818181818,
  "in_domain_FPR@95TPR": 0.05239179954441914,
  "out_domain_FPR@95TPR": 0.003215434083601286,
  "in_domain_FPR@fixed": 0.14123006833712984,
  "out_domain_FPR@fixed": 0.04501607717041801,
  "split": "val",
  "images": 1102,
  "ground_truth_objects": 402,
  "input_predictions": 6422,
  "detections": 6422,
  "invalid_predictions_dropped": 0,
  "fppi_threshold": 0.25,
  "false_positives_on_negatives": {
    "total_negative_images": 750,
    "total_false_positives": 103,
    "fppi": 0.13733333333333334,
    "by_group": {
      "negative_in_domain": {
        "negative_images": 439,
        "false_positives": 77,
        "fppi": 0.17539863325740318
      },
      "negative_out_domain": {
        "negative_images": 311,
        "false_positives": 26,
        "fppi": 0.08360128617363344
      }
    }
  },
  "predictions_above_fppi_threshold_by_group": {
    "negative_in_domain": 77,
    "negative_out_domain": 26,
    "positive": 542
  },
  "relative_scale_metrics": {
    "tiny": {
      "mAP": 0.4106423527536908,
      "mAP50": 0.754653638725181,
      "mAP75": 0.3782178217821782,
      "mAP_small": null,
      "mAP_medium": 0.39887680928123354,
      "mAP_large": 0.6999999999999998,
      "AR1": 0.4411764705882352,
      "AR10": 0.5470588235294117,
      "AR100": 0.5470588235294117,
      "AR_small": null,
      "AR_medium": 0.5375,
      "AR_large": 0.7,
      "objects": 17,
      "positive_images": 14,
      "detections": 866
    },
    "small": {
      "mAP": 0.4320708269136365,
      "mAP50": 0.7400435015445249,
      "mAP75": 0.40897400467833034,
      "mAP_small": null,
      "mAP_medium": 0.3222495261549855,
      "mAP_large": 0.47538653055534646,
      "AR1": 0.34935064935064924,
      "AR10": 0.5532467532467533,
      "AR100": 0.5532467532467533,
      "AR_small": null,
      "AR_medium": 0.49000000000000005,
      "AR_large": 0.5754385964912281,
      "objects": 77,
      "positive_images": 51,
      "detections": 1651
    },
    "medium": {
      "mAP": 0.5343434889549333,
      "mAP50": 0.8151687488297327,
      "mAP75": 0.5979190614154466,
      "mAP_small": null,
      "mAP_medium": null,
      "mAP_large": 0.5346051155017741,
      "AR1": 0.5656565656565656,
      "AR10": 0.6383838383838383,
      "AR100": 0.6383838383838383,
      "AR_small": null,
      "AR_medium": null,
      "AR_large": 0.6383838383838383,
      "objects": 99,
      "positive_images": 94,
      "detections": 2643
    },
    "large": {
      "mAP": 0.6813674644864814,
      "mAP50": 0.9406055321553584,
      "mAP75": 0.8086606697971572,
      "mAP_small": null,
      "mAP_medium": null,
      "mAP_large": 0.6813674644864814,
      "AR1": 0.7555023923444976,
      "AR10": 0.7679425837320574,
      "AR100": 0.7679425837320574,
      "AR_small": null,
      "AR_medium": null,
      "AR_large": 0.7679425837320574,
      "objects": 209,
      "positive_images": 207,
      "detections": 1262
    }
  },
  "image_level": {
    "positive_images": 352,
    "negative_images": 750,
    "auroc": 0.9911136363636364,
    "average_precision": 0.9835736495655294,
    "fpr_at_target_tpr": {
      "threshold": 0.7991862297058105,
      "tp": 335,
      "fp": 24,
      "tn": 726,
      "fn": 17,
      "tpr": 0.9517045454545454,
      "fpr": 0.032,
      "by_negative_group": {
        "negative_in_domain": {
          "negative_images": 439,
          "false_positive_images": 23,
          "fpr": 0.05239179954441914
        },
        "negative_out_domain": {
          "negative_images": 311,
          "false_positive_images": 1,
          "fpr": 0.003215434083601286
        }
      },
      "target_tpr": 0.95
    },
    "recall_at_fpr": {
      "0.01": {
        "max_fpr": 0.01,
        "threshold": 0.9387088418006897,
        "recall": 0.9176136363636364,
        "fpr": 0.009333333333333334,
        "tp": 323,
        "fp": 7,
        "tn": 743,
        "fn": 29
      },
      "0.05": {
        "max_fpr": 0.05,
        "threshold": 0.7146063446998596,
        "recall": 0.9630681818181818,
        "fpr": 0.04133333333333333,
        "tp": 339,
        "fp": 31,
        "tn": 719,
        "fn": 13
      }
    },
    "fixed_threshold": {
      "threshold": 0.25,
      "tp": 345,
      "fp": 76,
      "tn": 674,
      "fn": 7,
      "tpr": 0.9801136363636364,
      "fpr": 0.10133333333333333,
      "by_negative_group": {
        "negative_in_domain": {
          "negative_images": 439,
          "false_positive_images": 62,
          "fpr": 0.14123006833712984
        },
        "negative_out_domain": {
          "negative_images": 311,
          "false_positive_images": 14,
          "fpr": 0.04501607717041801
        }
      }
    }
  }
}
