{
  "mAP": 0.5928406629931908,
  "mAP50": 0.9088280020144414,
  "mAP75": 0.6706948578132144,
  "mAP_small": null,
  "mAP_medium": 0.21992409169463673,
  "mAP_large": 0.6231152509929893,
  "AR1": 0.5915422885572139,
  "AR10": 0.6691542288557213,
  "AR100": 0.6706467661691542,
  "AR_small": null,
  "AR_medium": 0.4222222222222222,
  "AR_large": 0.6950819672131148,
  "mAP_tiny_rel": 0.08974192570307112,
  "mAP50_tiny_rel": 0.3001541705060825,
  "mAP75_tiny_rel": 0.00755879059350504,
  "AR100_tiny_rel": 0.3529411764705882,
  "mAP_small_rel": 0.3730698374301091,
  "mAP50_small_rel": 0.64611035049253,
  "mAP75_small_rel": 0.3619657141271626,
  "AR100_small_rel": 0.49610389610389605,
  "mAP_medium_rel": 0.49604824975343187,
  "mAP50_medium_rel": 0.753788632955846,
  "mAP75_medium_rel": 0.5745945867946209,
  "AR100_medium_rel": 0.606060606060606,
  "mAP_large_rel": 0.6551335319547033,
  "mAP50_large_rel": 0.9332061111491463,
  "mAP75_large_rel": 0.7916445071129505,
  "AR100_large_rel": 0.729665071770335,
  "mAP_tiny": 0.08974192570307112,
  "image_AUROC": 0.9840833333333333,
  "image_AP": 0.9679410630880081,
  "FPR@95TPR": 0.06666666666666667,
  "threshold@95TPR": 0.33953985571861267,
  "TPR@95TPR": 0.9517045454545454,
  "Recall@FPR=1%": 0.8267045454545454,
  "Recall@FPR=5%": 0.9403409090909091,
  "in_domain_FPR@95TPR": 0.10250569476082004,
  "out_domain_FPR@95TPR": 0.01607717041800643,
  "in_domain_FPR@fixed": 0.13211845102505695,
  "out_domain_FPR@fixed": 0.022508038585209004,
  "split": "val",
  "images": 1102,
  "ground_truth_objects": 402,
  "input_predictions": 12140,
  "detections": 12140,
  "invalid_predictions_dropped": 0,
  "fppi_threshold": 0.25,
  "false_positives_on_negatives": {
    "total_negative_images": 750,
    "total_false_positives": 83,
    "fppi": 0.11066666666666666,
    "by_group": {
      "negative_in_domain": {
        "negative_images": 439,
        "false_positives": 67,
        "fppi": 0.15261958997722094
      },
      "negative_out_domain": {
        "negative_images": 311,
        "false_positives": 16,
        "fppi": 0.05144694533762058
      }
    }
  },
  "predictions_above_fppi_threshold_by_group": {
    "negative_in_domain": 67,
    "negative_out_domain": 16,
    "positive": 489
  },
  "relative_scale_metrics": {
    "tiny": {
      "mAP": 0.08974192570307112,
      "mAP50": 0.3001541705060825,
      "mAP75": 0.00755879059350504,
      "mAP_small": null,
      "mAP_medium": 0.10334546401307568,
      "mAP_large": 0.059523809523809514,
      "AR1": 0.14705882352941174,
      "AR10": 0.3529411764705882,
      "AR100": 0.3529411764705882,
      "AR_small": null,
      "AR_medium": 0.35,
      "AR_large": 0.4,
      "objects": 17,
      "positive_images": 14,
      "detections": 3523
    },
    "small": {
      "mAP": 0.3730698374301091,
      "mAP50": 0.64611035049253,
      "mAP75": 0.3619657141271626,
      "mAP_small": null,
      "mAP_medium": 0.18695703097948607,
      "mAP_large": 0.44389210665574114,
      "AR1": 0.3090909090909091,
      "AR10": 0.4922077922077922,
      "AR100": 0.49610389610389605,
      "AR_small": null,
      "AR_medium": 0.34500000000000003,
      "AR_large": 0.5491228070175438,
      "objects": 77,
      "positive_images": 51,
      "detections": 5212
    },
    "medium": {
      "mAP": 0.49604824975343187,
      "mAP50": 0.753788632955846,
      "mAP75": 0.5745945867946209,
      "mAP_small": null,
      "mAP_medium": null,
      "mAP_large": 0.4963716817025715,
      "AR1": 0.5494949494949494,
      "AR10": 0.606060606060606,
      "AR100": 0.606060606060606,
      "AR_small": null,
      "AR_medium": null,
      "AR_large": 0.606060606060606,
      "objects": 99,
      "positive_images": 94,
      "detections": 2425
    },
    "large": {
      "mAP": 0.6551335319547033,
      "mAP50": 0.9332061111491463,
      "mAP75": 0.7916445071129505,
      "mAP_small": null,
      "mAP_medium": null,
      "mAP_large": 0.6551335319547033,
      "AR1": 0.7205741626794259,
      "AR10": 0.729665071770335,
      "AR100": 0.729665071770335,
      "AR_small": null,
      "AR_medium": null,
      "AR_large": 0.729665071770335,
      "objects": 209,
      "positive_images": 207,
      "detections": 980
    }
  },
  "image_level": {
    "positive_images": 352,
    "negative_images": 750,
    "auroc": 0.9840833333333333,
    "average_precision": 0.9679410630880081,
    "fpr_at_target_tpr": {
      "threshold": 0.33953985571861267,
      "tp": 335,
      "fp": 50,
      "tn": 700,
      "fn": 17,
      "tpr": 0.9517045454545454,
      "fpr": 0.06666666666666667,
      "by_negative_group": {
        "negative_in_domain": {
          "negative_images": 439,
          "false_positive_images": 45,
          "fpr": 0.10250569476082004
        },
        "negative_out_domain": {
          "negative_images": 311,
          "false_positive_images": 5,
          "fpr": 0.01607717041800643
        }
      },
      "target_tpr": 0.95
    },
    "recall_at_fpr": {
      "0.01": {
        "max_fpr": 0.01,
        "threshold": 0.9266214966773987,
        "recall": 0.8267045454545454,
        "fpr": 0.009333333333333334,
        "tp": 291,
        "fp": 7,
        "tn": 743,
        "fn": 61
      },
      "0.05": {
        "max_fpr": 0.05,
        "threshold": 0.5181824564933777,
        "recall": 0.9403409090909091,
        "fpr": 0.044,
        "tp": 331,
        "fp": 33,
        "tn": 717,
        "fn": 21
      }
    },
    "fixed_threshold": {
      "threshold": 0.25,
      "tp": 339,
      "fp": 65,
      "tn": 685,
      "fn": 13,
      "tpr": 0.9630681818181818,
      "fpr": 0.08666666666666667,
      "by_negative_group": {
        "negative_in_domain": {
          "negative_images": 439,
          "false_positive_images": 58,
          "fpr": 0.13211845102505695
        },
        "negative_out_domain": {
          "negative_images": 311,
          "false_positive_images": 7,
          "fpr": 0.022508038585209004
        }
      }
    }
  }
}
