{
  "mAP": 2.383483413338927e-07,
  "mAP50": 1.430090048003356e-06,
  "mAP75": 0.0,
  "mAP_small": null,
  "mAP_medium": 0.0,
  "mAP_large": 2.5353349633846923e-07,
  "AR1": 0.0009950248756218905,
  "AR10": 0.0012437810945273632,
  "AR100": 0.0012437810945273632,
  "AR_small": null,
  "AR_medium": 0.0,
  "AR_large": 0.0013661202185792352,
  "mAP_tiny_rel": 0.0,
  "mAP50_tiny_rel": 0.0,
  "mAP75_tiny_rel": 0.0,
  "AR100_tiny_rel": 0.0,
  "mAP_small_rel": 0.0,
  "mAP50_small_rel": 0.0,
  "mAP75_small_rel": 0.0,
  "AR100_small_rel": 0.0,
  "mAP_medium_rel": 8.594195003239534e-07,
  "mAP50_medium_rel": 5.729463335493023e-06,
  "mAP75_medium_rel": 0.0,
  "AR100_medium_rel": 0.005050505050505051,
  "mAP_large_rel": 0.0,
  "mAP50_large_rel": 0.0,
  "mAP75_large_rel": 0.0,
  "AR100_large_rel": 0.0,
  "mAP_tiny": 0.0,
  "image_AUROC": 0.37916666666666665,
  "image_AP": 0.24941695793399057,
  "FPR@95TPR": 0.9733333333333334,
  "threshold@95TPR": 0.027800533920526505,
  "TPR@95TPR": 0.9517045454545454,
  "Recall@FPR=1%": 0.0,
  "Recall@FPR=5%": 0.011363636363636364,
  "in_domain_FPR@95TPR": 0.9703872437357631,
  "out_domain_FPR@95TPR": 0.977491961414791,
  "in_domain_FPR@fixed": 0.0,
  "out_domain_FPR@fixed": 0.0,
  "split": "val",
  "images": 1102,
  "ground_truth_objects": 402,
  "input_predictions": 110200,
  "detections": 110200,
  "invalid_predictions_dropped": 0,
  "fppi_threshold": 0.25,
  "false_positives_on_negatives": {
    "total_negative_images": 750,
    "total_false_positives": 0,
    "fppi": 0.0,
    "by_group": {
      "negative_in_domain": {
        "negative_images": 439,
        "false_positives": 0,
        "fppi": 0.0
      },
      "negative_out_domain": {
        "negative_images": 311,
        "false_positives": 0,
        "fppi": 0.0
      }
    }
  },
  "predictions_above_fppi_threshold_by_group": {},
  "relative_scale_metrics": {
    "tiny": {
      "mAP": 0.0,
      "mAP50": 0.0,
      "mAP75": 0.0,
      "mAP_small": null,
      "mAP_medium": 0.0,
      "mAP_large": 0.0,
      "AR1": 0.0,
      "AR10": 0.0,
      "AR100": 0.0,
      "AR_small": null,
      "AR_medium": 0.0,
      "AR_large": 0.0,
      "objects": 17,
      "positive_images": 14,
      "detections": 0
    },
    "small": {
      "mAP": 0.0,
      "mAP50": 0.0,
      "mAP75": 0.0,
      "mAP_small": null,
      "mAP_medium": 0.0,
      "mAP_large": 0.0,
      "AR1": 0.0,
      "AR10": 0.0,
      "AR100": 0.0,
      "AR_small": null,
      "AR_medium": 0.0,
      "AR_large": 0.0,
      "objects": 77,
      "positive_images": 51,
      "detections": 84
    },
    "medium": {
      "mAP": 8.594195003239534e-07,
      "mAP50": 5.729463335493023e-06,
      "mAP75": 0.0,
      "mAP_small": null,
      "mAP_medium": null,
      "mAP_large": 9.14171950665187e-07,
      "AR1": 0.00404040404040404,
      "AR10": 0.005050505050505051,
      "AR100": 0.005050505050505051,
      "AR_small": null,
      "AR_medium": null,
      "AR_large": 0.005050505050505051,
      "objects": 99,
      "positive_images": 94,
      "detections": 110116
    },
    "large": {
      "mAP": 0.0,
      "mAP50": 0.0,
      "mAP75": 0.0,
      "mAP_small": null,
      "mAP_medium": null,
      "mAP_large": 0.0,
      "AR1": 0.0,
      "AR10": 0.0,
      "AR100": 0.0,
      "AR_small": null,
      "AR_medium": null,
      "AR_large": 0.0,
      "objects": 209,
      "positive_images": 207,
      "detections": 0
    }
  },
  "image_level": {
    "positive_images": 352,
    "negative_images": 750,
    "auroc": 0.37916666666666665,
    "average_precision": 0.24941695793399057,
    "fpr_at_target_tpr": {
      "threshold": 0.027800533920526505,
      "tp": 335,
      "fp": 730,
      "tn": 20,
      "fn": 17,
      "tpr": 0.9517045454545454,
      "fpr": 0.9733333333333334,
      "by_negative_group": {
        "negative_in_domain": {
          "negative_images": 439,
          "false_positive_images": 426,
          "fpr": 0.9703872437357631
        },
        "negative_out_domain": {
          "negative_images": 311,
          "false_positive_images": 304,
          "fpr": 0.977491961414791
        }
      },
      "target_tpr": 0.95
    },
    "recall_at_fpr": {
      "0.01": {
        "max_fpr": 0.01,
        "threshold": 1.0287169199436903,
        "recall": 0.0,
        "fpr": 0.0,
        "tp": 0,
        "fp": 0,
        "tn": 750,
        "fn": 352
      },
      "0.05": {
        "max_fpr": 0.05,
        "threshold": 0.02804611809551716,
        "recall": 0.011363636363636364,
        "fpr": 0.042666666666666665,
        "tp": 4,
        "fp": 32,
        "tn": 718,
        "fn": 348
      }
    },
    "fixed_threshold": {
      "threshold": 0.25,
      "tp": 0,
      "fp": 0,
      "tn": 750,
      "fn": 352,
      "tpr": 0.0,
      "fpr": 0.0,
      "by_negative_group": {
        "negative_in_domain": {
          "negative_images": 439,
          "false_positive_images": 0,
          "fpr": 0.0
        },
        "negative_out_domain": {
          "negative_images": 311,
          "false_positive_images": 0,
          "fpr": 0.0
        }
      }
    }
  }
}
