{
  "mAP": 0.6546318102643078,
  "mAP50": 0.9414419859208482,
  "mAP75": 0.7605371374917035,
  "mAP_small": null,
  "mAP_medium": 0.4751040218860274,
  "mAP_large": 0.6710219269243618,
  "AR1": 0.6425373134328358,
  "AR10": 0.7335820895522389,
  "AR100": 0.7338308457711443,
  "AR_small": null,
  "AR_medium": 0.6083333333333333,
  "AR_large": 0.7461748633879781,
  "mAP_tiny_rel": 0.3403501865911385,
  "mAP50_tiny_rel": 0.6599476582041846,
  "mAP75_tiny_rel": 0.3860435733014295,
  "AR100_tiny_rel": 0.5117647058823529,
  "mAP_small_rel": 0.4471696480982293,
  "mAP50_small_rel": 0.7377298856792284,
  "mAP75_small_rel": 0.4924515925555568,
  "AR100_small_rel": 0.6,
  "mAP_medium_rel": 0.561795048677325,
  "mAP50_medium_rel": 0.8125438272263138,
  "mAP75_medium_rel": 0.6679628325999719,
  "AR100_medium_rel": 0.6595959595959596,
  "mAP_large_rel": 0.6971872412364146,
  "mAP50_large_rel": 0.9332590060711595,
  "mAP75_large_rel": 0.8221478966359435,
  "AR100_large_rel": 0.7727272727272727,
  "mAP_tiny": 0.3403501865911385,
  "image_AUROC": 0.9818522727272727,
  "image_AP": 0.970808538771421,
  "FPR@95TPR": 0.07866666666666666,
  "threshold@95TPR": 0.9563204646110535,
  "TPR@95TPR": 0.9517045454545454,
  "Recall@FPR=1%": 0.7727272727272727,
  "Recall@FPR=5%": 0.9403409090909091,
  "in_domain_FPR@95TPR": 0.08200455580865604,
  "out_domain_FPR@95TPR": 0.07395498392282958,
  "in_domain_FPR@fixed": 0.41002277904328016,
  "out_domain_FPR@fixed": 0.4115755627009646,
  "split": "val",
  "images": 1102,
  "ground_truth_objects": 402,
  "input_predictions": 7930,
  "detections": 7930,
  "invalid_predictions_dropped": 0,
  "fppi_threshold": 0.25,
  "false_positives_on_negatives": {
    "total_negative_images": 750,
    "total_false_positives": 458,
    "fppi": 0.6106666666666667,
    "by_group": {
      "negative_in_domain": {
        "negative_images": 439,
        "false_positives": 243,
        "fppi": 0.5535307517084282
      },
      "negative_out_domain": {
        "negative_images": 311,
        "false_positives": 215,
        "fppi": 0.6913183279742765
      }
    }
  },
  "predictions_above_fppi_threshold_by_group": {
    "negative_in_domain": 243,
    "negative_out_domain": 215,
    "positive": 498
  },
  "relative_scale_metrics": {
    "tiny": {
      "mAP": 0.3403501865911385,
      "mAP50": 0.6599476582041846,
      "mAP75": 0.3860435733014295,
      "mAP_small": null,
      "mAP_medium": 0.3378597427122564,
      "mAP_large": 0.6999999999999998,
      "AR1": 0.3764705882352941,
      "AR10": 0.5117647058823529,
      "AR100": 0.5117647058823529,
      "AR_small": null,
      "AR_medium": 0.5,
      "AR_large": 0.7,
      "objects": 17,
      "positive_images": 14,
      "detections": 1874
    },
    "small": {
      "mAP": 0.4471696480982293,
      "mAP50": 0.7377298856792284,
      "mAP75": 0.4924515925555568,
      "mAP_small": null,
      "mAP_medium": 0.35707641366548215,
      "mAP_large": 0.4838705117498989,
      "AR1": 0.3857142857142858,
      "AR10": 0.6,
      "AR100": 0.6,
      "AR_small": null,
      "AR_medium": 0.5249999999999999,
      "AR_large": 0.6263157894736842,
      "objects": 77,
      "positive_images": 51,
      "detections": 1518
    },
    "medium": {
      "mAP": 0.561795048677325,
      "mAP50": 0.8125438272263138,
      "mAP75": 0.6679628325999719,
      "mAP_small": null,
      "mAP_medium": null,
      "mAP_large": 0.562005872501772,
      "AR1": 0.5979797979797981,
      "AR10": 0.6595959595959596,
      "AR100": 0.6595959595959596,
      "AR_small": null,
      "AR_medium": null,
      "AR_large": 0.6595959595959596,
      "objects": 99,
      "positive_images": 94,
      "detections": 2706
    },
    "large": {
      "mAP": 0.6971872412364146,
      "mAP50": 0.9332590060711595,
      "mAP75": 0.8221478966359435,
      "mAP_small": null,
      "mAP_medium": null,
      "mAP_large": 0.6971872412364146,
      "AR1": 0.7645933014354067,
      "AR10": 0.7727272727272727,
      "AR100": 0.7727272727272727,
      "AR_small": null,
      "AR_medium": null,
      "AR_large": 0.7727272727272727,
      "objects": 209,
      "positive_images": 207,
      "detections": 1832
    }
  },
  "image_level": {
    "positive_images": 352,
    "negative_images": 750,
    "auroc": 0.9818522727272727,
    "average_precision": 0.970808538771421,
    "fpr_at_target_tpr": {
      "threshold": 0.9563204646110535,
      "tp": 335,
      "fp": 59,
      "tn": 691,
      "fn": 17,
      "tpr": 0.9517045454545454,
      "fpr": 0.07866666666666666,
      "by_negative_group": {
        "negative_in_domain": {
          "negative_images": 439,
          "false_positive_images": 36,
          "fpr": 0.08200455580865604
        },
        "negative_out_domain": {
          "negative_images": 311,
          "false_positive_images": 23,
          "fpr": 0.07395498392282958
        }
      },
      "target_tpr": 0.95
    },
    "recall_at_fpr": {
      "0.01": {
        "max_fpr": 0.01,
        "threshold": 0.9957774877548218,
        "recall": 0.7727272727272727,
        "fpr": 0.008,
        "tp": 272,
        "fp": 6,
        "tn": 744,
        "fn": 80
      },
      "0.05": {
        "max_fpr": 0.05,
        "threshold": 0.9765642881393433,
        "recall": 0.9403409090909091,
        "fpr": 0.036,
        "tp": 331,
        "fp": 27,
        "tn": 723,
        "fn": 21
      }
    },
    "fixed_threshold": {
      "threshold": 0.25,
      "tp": 348,
      "fp": 308,
      "tn": 442,
      "fn": 4,
      "tpr": 0.9886363636363636,
      "fpr": 0.4106666666666667,
      "by_negative_group": {
        "negative_in_domain": {
          "negative_images": 439,
          "false_positive_images": 180,
          "fpr": 0.41002277904328016
        },
        "negative_out_domain": {
          "negative_images": 311,
          "false_positive_images": 128,
          "fpr": 0.4115755627009646
        }
      }
    }
  }
}
