{
  "mAP": 0.6586941148171687,
  "mAP50": 0.9609428874960314,
  "mAP75": 0.7731753267973711,
  "mAP_small": null,
  "mAP_medium": 0.5039633226670188,
  "mAP_large": 0.6721296484791053,
  "AR1": 0.6348258706467662,
  "AR10": 0.7271144278606964,
  "AR100": 0.7281094527363183,
  "AR_small": null,
  "AR_medium": 0.6083333333333333,
  "AR_large": 0.7398907103825136,
  "mAP_tiny_rel": 0.47492932961773965,
  "mAP50_tiny_rel": 0.8521808591697929,
  "mAP75_tiny_rel": 0.48148260204171667,
  "AR100_tiny_rel": 0.5941176470588234,
  "mAP_small_rel": 0.4748896640947061,
  "mAP50_small_rel": 0.7895843859301439,
  "mAP75_small_rel": 0.5359518086818076,
  "AR100_small_rel": 0.5844155844155844,
  "mAP_medium_rel": 0.5541772004090364,
  "mAP50_medium_rel": 0.8133052845776343,
  "mAP75_medium_rel": 0.6488068262992803,
  "AR100_medium_rel": 0.6585858585858586,
  "mAP_large_rel": 0.679925210834499,
  "mAP50_large_rel": 0.9210762325274608,
  "mAP75_large_rel": 0.8201449513527146,
  "AR100_large_rel": 0.7602870813397129,
  "mAP_tiny": 0.47492932961773965,
  "image_AUROC": 0.9940340909090909,
  "image_AP": 0.9885135078894195,
  "FPR@95TPR": 0.016,
  "threshold@95TPR": 0.889216959476471,
  "TPR@95TPR": 0.9517045454545454,
  "Recall@FPR=1%": 0.9289772727272727,
  "Recall@FPR=5%": 0.9829545454545454,
  "in_domain_FPR@95TPR": 0.025056947608200455,
  "out_domain_FPR@95TPR": 0.003215434083601286,
  "in_domain_FPR@fixed": 0.07972665148063782,
  "out_domain_FPR@fixed": 0.01607717041800643,
  "split": "val",
  "images": 1102,
  "ground_truth_objects": 402,
  "input_predictions": 4111,
  "detections": 4111,
  "invalid_predictions_dropped": 0,
  "fppi_threshold": 0.25,
  "false_positives_on_negatives": {
    "total_negative_images": 750,
    "total_false_positives": 50,
    "fppi": 0.06666666666666667,
    "by_group": {
      "negative_in_domain": {
        "negative_images": 439,
        "false_positives": 41,
        "fppi": 0.09339407744874716
      },
      "negative_out_domain": {
        "negative_images": 311,
        "false_positives": 9,
        "fppi": 0.028938906752411574
      }
    }
  },
  "predictions_above_fppi_threshold_by_group": {
    "negative_in_domain": 41,
    "negative_out_domain": 9,
    "positive": 477
  },
  "relative_scale_metrics": {
    "tiny": {
      "mAP": 0.47492932961773965,
      "mAP50": 0.8521808591697929,
      "mAP75": 0.48148260204171667,
      "mAP_small": null,
      "mAP_medium": 0.45989998984080455,
      "mAP_large": 0.7999999999999999,
      "AR1": 0.49411764705882355,
      "AR10": 0.5941176470588234,
      "AR100": 0.5941176470588234,
      "AR_small": null,
      "AR_medium": 0.58125,
      "AR_large": 0.8,
      "objects": 17,
      "positive_images": 14,
      "detections": 590
    },
    "small": {
      "mAP": 0.4748896640947061,
      "mAP50": 0.7895843859301439,
      "mAP75": 0.5359518086818076,
      "mAP_small": null,
      "mAP_medium": 0.3895766130500333,
      "mAP_large": 0.5115527756719298,
      "AR1": 0.35844155844155845,
      "AR10": 0.5792207792207792,
      "AR100": 0.5844155844155844,
      "AR_small": null,
      "AR_medium": 0.48500000000000004,
      "AR_large": 0.6192982456140351,
      "objects": 77,
      "positive_images": 51,
      "detections": 928
    },
    "medium": {
      "mAP": 0.5541772004090364,
      "mAP50": 0.8133052845776343,
      "mAP75": 0.6488068262992803,
      "mAP_small": null,
      "mAP_medium": null,
      "mAP_large": 0.5544388688611549,
      "AR1": 0.6030303030303031,
      "AR10": 0.6585858585858586,
      "AR100": 0.6585858585858586,
      "AR_small": null,
      "AR_medium": null,
      "AR_large": 0.6585858585858586,
      "objects": 99,
      "positive_images": 94,
      "detections": 1581
    },
    "large": {
      "mAP": 0.679925210834499,
      "mAP50": 0.9210762325274608,
      "mAP75": 0.8201449513527146,
      "mAP_small": null,
      "mAP_medium": null,
      "mAP_large": 0.679925210834499,
      "AR1": 0.7516746411483254,
      "AR10": 0.7602870813397129,
      "AR100": 0.7602870813397129,
      "AR_small": null,
      "AR_medium": null,
      "AR_large": 0.7602870813397129,
      "objects": 209,
      "positive_images": 207,
      "detections": 1012
    }
  },
  "image_level": {
    "positive_images": 352,
    "negative_images": 750,
    "auroc": 0.9940340909090909,
    "average_precision": 0.9885135078894195,
    "fpr_at_target_tpr": {
      "threshold": 0.889216959476471,
      "tp": 335,
      "fp": 12,
      "tn": 738,
      "fn": 17,
      "tpr": 0.9517045454545454,
      "fpr": 0.016,
      "by_negative_group": {
        "negative_in_domain": {
          "negative_images": 439,
          "false_positive_images": 11,
          "fpr": 0.025056947608200455
        },
        "negative_out_domain": {
          "negative_images": 311,
          "false_positive_images": 1,
          "fpr": 0.003215434083601286
        }
      },
      "target_tpr": 0.95
    },
    "recall_at_fpr": {
      "0.01": {
        "max_fpr": 0.01,
        "threshold": 0.9501707553863525,
        "recall": 0.9289772727272727,
        "fpr": 0.009333333333333334,
        "tp": 327,
        "fp": 7,
        "tn": 743,
        "fn": 25
      },
      "0.05": {
        "max_fpr": 0.05,
        "threshold": 0.3413970470428467,
        "recall": 0.9829545454545454,
        "fpr": 0.048,
        "tp": 346,
        "fp": 36,
        "tn": 714,
        "fn": 6
      }
    },
    "fixed_threshold": {
      "threshold": 0.25,
      "tp": 346,
      "fp": 40,
      "tn": 710,
      "fn": 6,
      "tpr": 0.9829545454545454,
      "fpr": 0.05333333333333334,
      "by_negative_group": {
        "negative_in_domain": {
          "negative_images": 439,
          "false_positive_images": 35,
          "fpr": 0.07972665148063782
        },
        "negative_out_domain": {
          "negative_images": 311,
          "false_positive_images": 5,
          "fpr": 0.01607717041800643
        }
      }
    }
  }
}
