{
  "mAP": 0.6644420663876617,
  "mAP50": 0.9577486450477065,
  "mAP75": 0.7698509271994993,
  "mAP_small": null,
  "mAP_medium": 0.49541621830315835,
  "mAP_large": 0.6789815578701165,
  "AR1": 0.636318407960199,
  "AR10": 0.7330845771144279,
  "AR100": 0.7340796019900497,
  "AR_small": null,
  "AR_medium": 0.6083333333333333,
  "AR_large": 0.746448087431694,
  "mAP_tiny_rel": 0.45556968086876365,
  "mAP50_tiny_rel": 0.8272976032291612,
  "mAP75_tiny_rel": 0.3514891770506974,
  "AR100_tiny_rel": 0.6,
  "mAP_small_rel": 0.4610000077829702,
  "mAP50_small_rel": 0.7707157359366464,
  "mAP75_small_rel": 0.5150273460974641,
  "AR100_small_rel": 0.5545454545454546,
  "mAP_medium_rel": 0.5519091863500742,
  "mAP50_medium_rel": 0.8119122730266702,
  "mAP75_medium_rel": 0.6302860147281378,
  "AR100_medium_rel": 0.6787878787878788,
  "mAP_large_rel": 0.7038099522839042,
  "mAP50_large_rel": 0.9362385698793022,
  "mAP75_large_rel": 0.8365908172988307,
  "AR100_large_rel": 0.7727272727272727,
  "mAP_tiny": 0.45556968086876365,
  "image_AUROC": 0.9916079545454546,
  "image_AP": 0.9849501186097475,
  "FPR@95TPR": 0.024,
  "threshold@95TPR": 0.7842532396316528,
  "TPR@95TPR": 0.9517045454545454,
  "Recall@FPR=1%": 0.9261363636363636,
  "Recall@FPR=5%": 0.9801136363636364,
  "in_domain_FPR@95TPR": 0.0387243735763098,
  "out_domain_FPR@95TPR": 0.003215434083601286,
  "in_domain_FPR@fixed": 0.09567198177676538,
  "out_domain_FPR@fixed": 0.022508038585209004,
  "split": "val",
  "images": 1102,
  "ground_truth_objects": 402,
  "input_predictions": 4037,
  "detections": 4037,
  "invalid_predictions_dropped": 0,
  "fppi_threshold": 0.25,
  "false_positives_on_negatives": {
    "total_negative_images": 750,
    "total_false_positives": 59,
    "fppi": 0.07866666666666666,
    "by_group": {
      "negative_in_domain": {
        "negative_images": 439,
        "false_positives": 47,
        "fppi": 0.1070615034168565
      },
      "negative_out_domain": {
        "negative_images": 311,
        "false_positives": 12,
        "fppi": 0.03858520900321544
      }
    }
  },
  "predictions_above_fppi_threshold_by_group": {
    "negative_in_domain": 47,
    "negative_out_domain": 12,
    "positive": 472
  },
  "relative_scale_metrics": {
    "tiny": {
      "mAP": 0.45556968086876365,
      "mAP50": 0.8272976032291612,
      "mAP75": 0.3514891770506974,
      "mAP_small": null,
      "mAP_medium": 0.44003320982297556,
      "mAP_large": 0.7999999999999999,
      "AR1": 0.4882352941176471,
      "AR10": 0.6,
      "AR100": 0.6,
      "AR_small": null,
      "AR_medium": 0.5875,
      "AR_large": 0.8,
      "objects": 17,
      "positive_images": 14,
      "detections": 682
    },
    "small": {
      "mAP": 0.4610000077829702,
      "mAP50": 0.7707157359366464,
      "mAP75": 0.5150273460974641,
      "mAP_small": null,
      "mAP_medium": 0.3524594384904329,
      "mAP_large": 0.5059936281689511,
      "AR1": 0.35064935064935066,
      "AR10": 0.5532467532467533,
      "AR100": 0.5545454545454546,
      "AR_small": null,
      "AR_medium": 0.43,
      "AR_large": 0.5982456140350876,
      "objects": 77,
      "positive_images": 51,
      "detections": 1015
    },
    "medium": {
      "mAP": 0.5519091863500742,
      "mAP50": 0.8119122730266702,
      "mAP75": 0.6302860147281378,
      "mAP_small": null,
      "mAP_medium": null,
      "mAP_large": 0.552105567002998,
      "AR1": 0.6222222222222223,
      "AR10": 0.6787878787878788,
      "AR100": 0.6787878787878788,
      "AR_small": null,
      "AR_medium": null,
      "AR_large": 0.6787878787878788,
      "objects": 99,
      "positive_images": 94,
      "detections": 1467
    },
    "large": {
      "mAP": 0.7038099522839042,
      "mAP50": 0.9362385698793022,
      "mAP75": 0.8365908172988307,
      "mAP_small": null,
      "mAP_medium": null,
      "mAP_large": 0.7038105128971254,
      "AR1": 0.7583732057416268,
      "AR10": 0.7727272727272727,
      "AR100": 0.7727272727272727,
      "AR_small": null,
      "AR_medium": null,
      "AR_large": 0.7727272727272727,
      "objects": 209,
      "positive_images": 207,
      "detections": 873
    }
  },
  "image_level": {
    "positive_images": 352,
    "negative_images": 750,
    "auroc": 0.9916079545454546,
    "average_precision": 0.9849501186097475,
    "fpr_at_target_tpr": {
      "threshold": 0.7842532396316528,
      "tp": 335,
      "fp": 18,
      "tn": 732,
      "fn": 17,
      "tpr": 0.9517045454545454,
      "fpr": 0.024,
      "by_negative_group": {
        "negative_in_domain": {
          "negative_images": 439,
          "false_positive_images": 17,
          "fpr": 0.0387243735763098
        },
        "negative_out_domain": {
          "negative_images": 311,
          "false_positive_images": 1,
          "fpr": 0.003215434083601286
        }
      },
      "target_tpr": 0.95
    },
    "recall_at_fpr": {
      "0.01": {
        "max_fpr": 0.01,
        "threshold": 0.9366734623908997,
        "recall": 0.9261363636363636,
        "fpr": 0.008,
        "tp": 326,
        "fp": 6,
        "tn": 744,
        "fn": 26
      },
      "0.05": {
        "max_fpr": 0.05,
        "threshold": 0.38479819893836975,
        "recall": 0.9801136363636364,
        "fpr": 0.048,
        "tp": 345,
        "fp": 36,
        "tn": 714,
        "fn": 7
      }
    },
    "fixed_threshold": {
      "threshold": 0.25,
      "tp": 345,
      "fp": 49,
      "tn": 701,
      "fn": 7,
      "tpr": 0.9801136363636364,
      "fpr": 0.06533333333333333,
      "by_negative_group": {
        "negative_in_domain": {
          "negative_images": 439,
          "false_positive_images": 42,
          "fpr": 0.09567198177676538
        },
        "negative_out_domain": {
          "negative_images": 311,
          "false_positive_images": 7,
          "fpr": 0.022508038585209004
        }
      }
    }
  }
}
