{
  "mAP": 0.593534466254153,
  "mAP50": 0.9458882017063702,
  "mAP75": 0.6920577210475883,
  "mAP_small": null,
  "mAP_medium": 0.4035972234533697,
  "mAP_large": 0.6099489527747834,
  "AR1": 0.5873134328358208,
  "AR10": 0.6701492537313434,
  "AR100": 0.6758706467661691,
  "AR_small": null,
  "AR_medium": 0.5583333333333333,
  "AR_large": 0.687431693989071,
  "mAP_tiny_rel": 0.31186543378151943,
  "mAP50_tiny_rel": 0.6261625410821493,
  "mAP75_tiny_rel": 0.2611487542037241,
  "AR100_tiny_rel": 0.5764705882352941,
  "mAP_small_rel": 0.4008524838090116,
  "mAP50_small_rel": 0.719758813101235,
  "mAP75_small_rel": 0.44651034685526636,
  "AR100_small_rel": 0.5337662337662337,
  "mAP_medium_rel": 0.4766050011911242,
  "mAP50_medium_rel": 0.7842862404783464,
  "mAP75_medium_rel": 0.5872808127486575,
  "AR100_medium_rel": 0.5888888888888889,
  "mAP_large_rel": 0.6339776605127891,
  "mAP50_large_rel": 0.9352764579141809,
  "mAP75_large_rel": 0.7599319907673959,
  "AR100_large_rel": 0.7244019138755982,
  "mAP_tiny": 0.31186543378151943,
  "image_AUROC": 0.9926022727272727,
  "image_AP": 0.9865276346716886,
  "FPR@95TPR": 0.024,
  "threshold@95TPR": 0.8535290956497192,
  "TPR@95TPR": 0.9517045454545454,
  "Recall@FPR=1%": 0.8096590909090909,
  "Recall@FPR=5%": 0.9829545454545454,
  "in_domain_FPR@95TPR": 0.03644646924829157,
  "out_domain_FPR@95TPR": 0.006430868167202572,
  "in_domain_FPR@fixed": 0.1845102505694761,
  "out_domain_FPR@fixed": 0.08681672025723473,
  "split": "val",
  "images": 1102,
  "ground_truth_objects": 402,
  "input_predictions": 11393,
  "detections": 11393,
  "invalid_predictions_dropped": 0,
  "fppi_threshold": 0.25,
  "false_positives_on_negatives": {
    "total_negative_images": 750,
    "total_false_positives": 153,
    "fppi": 0.204,
    "by_group": {
      "negative_in_domain": {
        "negative_images": 439,
        "false_positives": 109,
        "fppi": 0.24829157175398633
      },
      "negative_out_domain": {
        "negative_images": 311,
        "false_positives": 44,
        "fppi": 0.1414790996784566
      }
    }
  },
  "predictions_above_fppi_threshold_by_group": {
    "negative_in_domain": 109,
    "negative_out_domain": 44,
    "positive": 608
  },
  "relative_scale_metrics": {
    "tiny": {
      "mAP": 0.31186543378151943,
      "mAP50": 0.6261625410821493,
      "mAP75": 0.2611487542037241,
      "mAP_small": null,
      "mAP_medium": 0.3226309620368425,
      "mAP_large": 0.9999999999999998,
      "AR1": 0.38235294117647056,
      "AR10": 0.5764705882352941,
      "AR100": 0.5764705882352941,
      "AR_small": null,
      "AR_medium": 0.55,
      "AR_large": 1.0,
      "objects": 17,
      "positive_images": 14,
      "detections": 1759
    },
    "small": {
      "mAP": 0.4008524838090116,
      "mAP50": 0.719758813101235,
      "mAP75": 0.44651034685526636,
      "mAP_small": null,
      "mAP_medium": 0.2866182646463828,
      "mAP_large": 0.4438375032671124,
      "AR1": 0.3441558441558441,
      "AR10": 0.5337662337662337,
      "AR100": 0.5337662337662337,
      "AR_small": null,
      "AR_medium": 0.45499999999999996,
      "AR_large": 0.5614035087719298,
      "objects": 77,
      "positive_images": 51,
      "detections": 3598
    },
    "medium": {
      "mAP": 0.4766050011911242,
      "mAP50": 0.7842862404783464,
      "mAP75": 0.5872808127486575,
      "mAP_small": null,
      "mAP_medium": null,
      "mAP_large": 0.47677761722512546,
      "AR1": 0.5040404040404041,
      "AR10": 0.5888888888888889,
      "AR100": 0.5888888888888889,
      "AR_small": null,
      "AR_medium": null,
      "AR_large": 0.5888888888888889,
      "objects": 99,
      "positive_images": 94,
      "detections": 4189
    },
    "large": {
      "mAP": 0.6339776605127891,
      "mAP50": 0.9352764579141809,
      "mAP75": 0.7599319907673959,
      "mAP_small": null,
      "mAP_medium": null,
      "mAP_large": 0.6339776605127891,
      "AR1": 0.7148325358851675,
      "AR10": 0.7244019138755982,
      "AR100": 0.7244019138755982,
      "AR_small": null,
      "AR_medium": null,
      "AR_large": 0.7244019138755982,
      "objects": 209,
      "positive_images": 207,
      "detections": 1847
    }
  },
  "image_level": {
    "positive_images": 352,
    "negative_images": 750,
    "auroc": 0.9926022727272727,
    "average_precision": 0.9865276346716886,
    "fpr_at_target_tpr": {
      "threshold": 0.8535290956497192,
      "tp": 335,
      "fp": 18,
      "tn": 732,
      "fn": 17,
      "tpr": 0.9517045454545454,
      "fpr": 0.024,
      "by_negative_group": {
        "negative_in_domain": {
          "negative_images": 439,
          "false_positive_images": 16,
          "fpr": 0.03644646924829157
        },
        "negative_out_domain": {
          "negative_images": 311,
          "false_positive_images": 2,
          "fpr": 0.006430868167202572
        }
      },
      "target_tpr": 0.95
    },
    "recall_at_fpr": {
      "0.01": {
        "max_fpr": 0.01,
        "threshold": 0.9722017645835876,
        "recall": 0.8096590909090909,
        "fpr": 0.009333333333333334,
        "tp": 285,
        "fp": 7,
        "tn": 743,
        "fn": 67
      },
      "0.05": {
        "max_fpr": 0.05,
        "threshold": 0.7077295780181885,
        "recall": 0.9829545454545454,
        "fpr": 0.048,
        "tp": 346,
        "fp": 36,
        "tn": 714,
        "fn": 6
      }
    },
    "fixed_threshold": {
      "threshold": 0.25,
      "tp": 349,
      "fp": 108,
      "tn": 642,
      "fn": 3,
      "tpr": 0.9914772727272727,
      "fpr": 0.144,
      "by_negative_group": {
        "negative_in_domain": {
          "negative_images": 439,
          "false_positive_images": 81,
          "fpr": 0.1845102505694761
        },
        "negative_out_domain": {
          "negative_images": 311,
          "false_positive_images": 27,
          "fpr": 0.08681672025723473
        }
      }
    }
  }
}
