{
  "val": {
    "mAP": 0.6709243249530096,
    "mAP50": 0.9591314082141965,
    "mAP75": 0.7560444843307821,
    "mAP_small": null,
    "mAP_medium": 0.511468149554875,
    "mAP_large": 0.6845008308747884,
    "AR1": 0.6460199004975125,
    "AR10": 0.7380597014925374,
    "AR100": 0.7380597014925374,
    "AR_small": null,
    "AR_medium": 0.6194444444444444,
    "AR_large": 0.7497267759562841,
    "mAP_tiny_rel": 0.4207690888534625,
    "mAP50_tiny_rel": 0.7464709490538161,
    "mAP75_tiny_rel": 0.4401143841092184,
    "AR100_tiny_rel": 0.5529411764705883,
    "mAP_small_rel": 0.47824339681156663,
    "mAP50_small_rel": 0.7661839742712285,
    "mAP75_small_rel": 0.5013645071516231,
    "AR100_small_rel": 0.5844155844155844,
    "mAP_medium_rel": 0.5835233957545879,
    "mAP50_medium_rel": 0.8535760752106476,
    "mAP75_medium_rel": 0.655157231415071,
    "AR100_medium_rel": 0.6727272727272727,
    "mAP_large_rel": 0.7153783041917046,
    "mAP50_large_rel": 0.94559403539965,
    "mAP75_large_rel": 0.8435727161224646,
    "AR100_large_rel": 0.7880382775119618,
    "mAP_tiny": 0.4207690888534625,
    "image_AUROC": 0.9938484848484849,
    "image_AP": 0.9878707763133537,
    "FPR@95TPR": 0.018666666666666668,
    "threshold@95TPR": 0.8337785005569458,
    "TPR@95TPR": 0.9517045454545454,
    "Recall@FPR=1%": 0.9204545454545454,
    "Recall@FPR=5%": 0.9772727272727273,
    "in_domain_FPR@95TPR": 0.029612756264236904,
    "out_domain_FPR@95TPR": 0.003215434083601286,
    "in_domain_FPR@fixed": 0.07972665148063782,
    "out_domain_FPR@fixed": 0.01929260450160772,
    "split": "val",
    "images": 1102,
    "ground_truth_objects": 402,
    "input_predictions": 3342,
    "detections": 3342,
    "invalid_predictions_dropped": 0,
    "fppi_threshold": 0.25,
    "false_positives_on_negatives": {
      "total_negative_images": 750,
      "total_false_positives": 51,
      "fppi": 0.068,
      "by_group": {
        "negative_in_domain": {
          "negative_images": 439,
          "false_positives": 40,
          "fppi": 0.09111617312072894
        },
        "negative_out_domain": {
          "negative_images": 311,
          "false_positives": 11,
          "fppi": 0.03536977491961415
        }
      }
    },
    "predictions_above_fppi_threshold_by_group": {
      "negative_in_domain": 40,
      "negative_out_domain": 11,
      "positive": 470
    },
    "relative_scale_metrics": {
      "tiny": {
        "mAP": 0.4207690888534625,
        "mAP50": 0.7464709490538161,
        "mAP75": 0.4401143841092184,
        "mAP_small": null,
        "mAP_medium": 0.4022266294434703,
        "mAP_large": 0.7999999999999999,
        "AR1": 0.44117647058823534,
        "AR10": 0.5529411764705883,
        "AR100": 0.5529411764705883,
        "AR_small": null,
        "AR_medium": 0.5375,
        "AR_large": 0.8,
        "objects": 17,
        "positive_images": 14,
        "detections": 466
      },
      "small": {
        "mAP": 0.47824339681156663,
        "mAP50": 0.7661839742712285,
        "mAP75": 0.5013645071516231,
        "mAP_small": null,
        "mAP_medium": 0.36769998468773424,
        "mAP_large": 0.5215732929678008,
        "AR1": 0.37012987012987014,
        "AR10": 0.5844155844155844,
        "AR100": 0.5844155844155844,
        "AR_small": null,
        "AR_medium": 0.505,
        "AR_large": 0.612280701754386,
        "objects": 77,
        "positive_images": 51,
        "detections": 770
      },
      "medium": {
        "mAP": 0.5835233957545879,
        "mAP50": 0.8535760752106476,
        "mAP75": 0.655157231415071,
        "mAP_small": null,
        "mAP_medium": null,
        "mAP_large": 0.5836586087798308,
        "AR1": 0.6151515151515151,
        "AR10": 0.6727272727272727,
        "AR100": 0.6727272727272727,
        "AR_small": null,
        "AR_medium": null,
        "AR_large": 0.6727272727272727,
        "objects": 99,
        "positive_images": 94,
        "detections": 1258
      },
      "large": {
        "mAP": 0.7153783041917046,
        "mAP50": 0.94559403539965,
        "mAP75": 0.8435727161224646,
        "mAP_small": null,
        "mAP_medium": null,
        "mAP_large": 0.7153783041917046,
        "AR1": 0.7784688995215311,
        "AR10": 0.7880382775119618,
        "AR100": 0.7880382775119618,
        "AR_small": null,
        "AR_medium": null,
        "AR_large": 0.7880382775119618,
        "objects": 209,
        "positive_images": 207,
        "detections": 848
      }
    },
    "image_level": {
      "positive_images": 352,
      "negative_images": 750,
      "auroc": 0.9938484848484849,
      "average_precision": 0.9878707763133537,
      "fpr_at_target_tpr": {
        "threshold": 0.8337785005569458,
        "tp": 335,
        "fp": 14,
        "tn": 736,
        "fn": 17,
        "tpr": 0.9517045454545454,
        "fpr": 0.018666666666666668,
        "by_negative_group": {
          "negative_in_domain": {
            "negative_images": 439,
            "false_positive_images": 13,
            "fpr": 0.029612756264236904
          },
          "negative_out_domain": {
            "negative_images": 311,
            "false_positive_images": 1,
            "fpr": 0.003215434083601286
          }
        },
        "target_tpr": 0.95
      },
      "recall_at_fpr": {
        "0.01": {
          "max_fpr": 0.01,
          "threshold": 0.9444848299026489,
          "recall": 0.9204545454545454,
          "fpr": 0.009333333333333334,
          "tp": 324,
          "fp": 7,
          "tn": 743,
          "fn": 28
        },
        "0.05": {
          "max_fpr": 0.05,
          "threshold": 0.4110417068004608,
          "recall": 0.9772727272727273,
          "fpr": 0.044,
          "tp": 344,
          "fp": 33,
          "tn": 717,
          "fn": 8
        }
      },
      "fixed_threshold": {
        "threshold": 0.25,
        "tp": 344,
        "fp": 41,
        "tn": 709,
        "fn": 8,
        "tpr": 0.9772727272727273,
        "fpr": 0.05466666666666667,
        "by_negative_group": {
          "negative_in_domain": {
            "negative_images": 439,
            "false_positive_images": 35,
            "fpr": 0.07972665148063782
          },
          "negative_out_domain": {
            "negative_images": 311,
            "false_positive_images": 6,
            "fpr": 0.01929260450160772
          }
        }
      }
    }
  },
  "test": {
    "mAP": 0.6895664666662044,
    "mAP50": 0.9627239701037582,
    "mAP75": 0.7934235475687332,
    "mAP_small": 0.22499999999999998,
    "mAP_medium": 0.49020350110372235,
    "mAP_large": 0.709182451105708,
    "AR1": 0.6652392947103274,
    "AR10": 0.7430730478589421,
    "AR100": 0.7438287153652393,
    "AR_small": 0.3,
    "AR_medium": 0.5558823529411765,
    "AR_large": 0.7627071823204419,
    "mAP_tiny_rel": 0.3412894604677859,
    "mAP50_tiny_rel": 0.6110184388004017,
    "mAP75_tiny_rel": 0.2962046204620462,
    "AR100_tiny_rel": 0.4133333333333333,
    "mAP_small_rel": 0.4816032032518268,
    "mAP50_small_rel": 0.8402552269656032,
    "mAP75_small_rel": 0.4723374971540376,
    "AR100_small_rel": 0.5671428571428572,
    "mAP_medium_rel": 0.657110844225991,
    "mAP50_medium_rel": 0.9001087917889785,
    "mAP75_medium_rel": 0.7499506800186256,
    "AR100_medium_rel": 0.7327102803738318,
    "mAP_large_rel": 0.7531507502268637,
    "mAP50_large_rel": 0.9672364458341366,
    "mAP75_large_rel": 0.9121153312869419,
    "AR100_large_rel": 0.8073170731707318,
    "mAP_tiny": 0.3412894604677859,
    "image_AUROC": 0.9939335232668566,
    "image_AP": 0.9901937208620906,
    "FPR@95TPR": 0.021333333333333333,
    "threshold@95TPR": 0.8455134034156799,
    "TPR@95TPR": 0.9515669515669516,
    "Recall@FPR=1%": 0.9344729344729344,
    "Recall@FPR=5%": 0.9715099715099715,
    "in_domain_FPR@95TPR": 0.03189066059225513,
    "out_domain_FPR@95TPR": 0.006430868167202572,
    "in_domain_FPR@fixed": 0.09111617312072894,
    "out_domain_FPR@fixed": 0.03215434083601286,