{
  "val": {
    "mAP": 0.6770437029188545,
    "mAP50": 0.9330980311814216,
    "mAP75": 0.7555653936235831,
    "mAP_small": null,
    "mAP_medium": 0.4418604508131414,
    "mAP_large": 0.6987372293929995,
    "AR1": 0.6522388059701493,
    "AR10": 0.7405472636815921,
    "AR100": 0.7405472636815921,
    "AR_small": null,
    "AR_medium": 0.5194444444444445,
    "AR_large": 0.7622950819672131,
    "mAP_tiny_rel": 0.4004308109382367,
    "mAP50_tiny_rel": 0.690505657708628,
    "mAP75_tiny_rel": 0.40480905233380476,
    "AR100_tiny_rel": 0.5176470588235293,
    "mAP_small_rel": 0.4845204395824721,
    "mAP50_small_rel": 0.7882425824547399,
    "mAP75_small_rel": 0.5549498273903538,
    "AR100_small_rel": 0.5909090909090909,
    "mAP_medium_rel": 0.5920039004825463,
    "mAP50_medium_rel": 0.783270267890691,
    "mAP75_medium_rel": 0.6653489537073943,
    "AR100_medium_rel": 0.6606060606060606,
    "mAP_large_rel": 0.7286300296430801,
    "mAP50_large_rel": 0.9350741393639775,
    "mAP75_large_rel": 0.8261163240780559,
    "AR100_large_rel": 0.799043062200957,
    "mAP_tiny": 0.4004308109382367,
    "image_AUROC": 0.9885454545454545,
    "image_AP": 0.9700989502820921,
    "FPR@95TPR": 0.021333333333333333,
    "threshold@95TPR": 0.01470207329839468,
    "TPR@95TPR": 0.9517045454545454,
    "Recall@FPR=1%": 0.9090909090909091,
    "Recall@FPR=5%": 0.9801136363636364,
    "in_domain_FPR@95TPR": 0.03189066059225513,
    "out_domain_FPR@95TPR": 0.006430868167202572,
    "in_domain_FPR@fixed": 0.015945330296127564,
    "out_domain_FPR@fixed": 0.003215434083601286,
    "split": "val",
    "images": 1102,
    "ground_truth_objects": 402,
    "input_predictions": 753,
    "detections": 753,
    "invalid_predictions_dropped": 0,
    "fppi_threshold": 0.25,
    "false_positives_on_negatives": {
      "total_negative_images": 750,
      "total_false_positives": 9,
      "fppi": 0.012,
      "by_group": {
        "negative_in_domain": {
          "negative_images": 439,
          "false_positives": 8,
          "fppi": 0.018223234624145785
        },
        "negative_out_domain": {
          "negative_images": 311,
          "false_positives": 1,
          "fppi": 0.003215434083601286
        }
      }
    },
    "predictions_above_fppi_threshold_by_group": {
      "negative_in_domain": 8,
      "negative_out_domain": 1,
      "positive": 383
    },
    "relative_scale_metrics": {
      "tiny": {
        "mAP": 0.4004308109382367,
        "mAP50": 0.690505657708628,
        "mAP75": 0.40480905233380476,
        "mAP_small": null,
        "mAP_medium": 0.41659039067585185,
        "mAP_large": 0.6999999999999998,
        "AR1": 0.3823529411764706,
        "AR10": 0.5176470588235293,
        "AR100": 0.5176470588235293,
        "AR_small": null,
        "AR_medium": 0.50625,
        "AR_large": 0.7,
        "objects": 17,
        "positive_images": 14,
        "detections": 97
      },
      "small": {
        "mAP": 0.4845204395824721,
        "mAP50": 0.7882425824547399,
        "mAP75": 0.5549498273903538,
        "mAP_small": null,
        "mAP_medium": 0.35487966702294016,
        "mAP_large": 0.5408226048893785,
        "AR1": 0.3857142857142857,
        "AR10": 0.5909090909090909,
        "AR100": 0.5909090909090909,
        "AR_small": null,
        "AR_medium": 0.43000000000000005,
        "AR_large": 0.6473684210526315,
        "objects": 77,
        "positive_images": 51,
        "detections": 177
      },
      "medium": {
        "mAP": 0.5920039004825463,
        "mAP50": 0.783270267890691,
        "mAP75": 0.6653489537073943,
        "mAP_small": null,
        "mAP_medium": null,
        "mAP_large": 0.5920092082167094,
        "AR1": 0.603030303030303,
        "AR10": 0.6606060606060606,
        "AR100": 0.6606060606060606,
        "AR_small": null,
        "AR_medium": null,
        "AR_large": 0.6606060606060606,
        "objects": 99,
        "positive_images": 94,
        "detections": 205
      },
      "large": {
        "mAP": 0.7286300296430801,
        "mAP50": 0.9350741393639775,
        "mAP75": 0.8261163240780559,
        "mAP_small": null,
        "mAP_medium": null,
        "mAP_large": 0.7286300296430801,
        "AR1": 0.7818181818181819,
        "AR10": 0.799043062200957,
        "AR100": 0.799043062200957,
        "AR_small": null,
        "AR_medium": null,
        "AR_large": 0.799043062200957,
        "objects": 209,
        "positive_images": 207,
        "detections": 274
      }
    },
    "image_level": {
      "positive_images": 352,
      "negative_images": 750,
      "auroc": 0.9885454545454545,
      "average_precision": 0.9700989502820921,
      "fpr_at_target_tpr": {
        "threshold": 0.01470207329839468,
        "tp": 335,
        "fp": 16,
        "tn": 734,
        "fn": 17,
        "tpr": 0.9517045454545454,
        "fpr": 0.021333333333333333,
        "by_negative_group": {
          "negative_in_domain": {
            "negative_images": 439,
            "false_positive_images": 14,
            "fpr": 0.03189066059225513
          },
          "negative_out_domain": {
            "negative_images": 311,
            "false_positive_images": 2,
            "fpr": 0.006430868167202572
          }
        },
        "target_tpr": 0.95
      },
      "recall_at_fpr": {
        "0.01": {
          "max_fpr": 0.01,
          "threshold": 0.41636115312576294,
          "recall": 0.9090909090909091,
          "fpr": 0.009333333333333334,
          "tp": 320,
          "fp": 7,
          "tn": 743,
          "fn": 32
        },
        "0.05": {
          "max_fpr": 0.05,
          "threshold": 0.0025714808143675327,
          "recall": 0.9801136363636364,
          "fpr": 0.04933333333333333,
          "tp": 345,
          "fp": 37,
          "tn": 713,
          "fn": 7
        }
      },
      "fixed_threshold": {
        "threshold": 0.25,
        "tp": 321,
        "fp": 8,
        "tn": 742,
        "fn": 31,
        "tpr": 0.9119318181818182,
        "fpr": 0.010666666666666666,
        "by_negative_group": {
          "negative_in_domain": {
            "negative_images": 439,
            "false_positive_images": 7,
            "fpr": 0.015945330296127564
          },
          "negative_out_domain": {
            "negative_images": 311,
            "false_positive_images": 1,
            "fpr": 0.003215434083601286
          }
        }
      }
    }
  },
  "test": {
    "mAP": 0.7310684471061936,
    "mAP50": 0.9537245769961025,
    "mAP75": 0.8437725205809095,
    "mAP_small": 0.1,
    "mAP_medium": 0.5390936399153379,
    "mAP_large": 0.7490122992354755,
    "AR1": 0.7005037783375314,
    "AR10": 0.7748110831234256,
    "AR100": 0.7748110831234256,
    "AR_small": 0.2,
    "AR_medium": 0.6117647058823529,
    "AR_large": 0.7917127071823205,
    "mAP_tiny_rel": 0.3427665074199727,
    "mAP50_tiny_rel": 0.569053059152069,
    "mAP75_tiny_rel": 0.4014401440144015,
    "AR100_tiny_rel": 0.4,
    "mAP_small_rel": 0.5631782964047471,
    "mAP50_small_rel": 0.8727246494107875,
    "mAP75_small_rel": 0.7197496197445,
    "AR100_small_rel": 0.627142857142857,
    "mAP_medium_rel": 0.665162484301383,
    "mAP50_medium_rel": 0.8666462801435446,
    "mAP75_medium_rel": 0.7795304285250394,
    "AR100_medium_rel": 0.7130841121495326,
    "mAP_large_rel": 0.7901885404933202,
    "mAP50_large_rel": 0.958566419963069,
    "mAP75_large_rel": 0.9158408165485131,
    "AR100_large_rel": 0.8429268292682928,
    "mAP_tiny": 0.3427665074199727,
    "image_AUROC": 0.9859031339031339,
    "image_AP": 0.9809021677139519,
    "FPR@95TPR": 0.010666666666666666,
    "threshold@95TPR": 0.10682772845029831,
    "TPR@95TPR": 0.9515669515669516,
    "Recall@FPR=1%": 0.9458689458689459,
    "Recall@FPR=5%": 0.9715099715099715,
    "in_domain_FPR@95TPR": 0.018223234624145785,
    "out_domain_FPR@95TPR": 0.0,
    "in_domain_FPR@fixed": 0.009111617312072893,
    "out_domain_FPR@fixed": 0.0,
    "split": "test",
    "images": 1101,