{
  "mAP": 0.6252294601076972,
  "mAP50": 0.94458787183966,
  "mAP75": 0.7293722896022629,
  "mAP_small": null,
  "mAP_medium": 0.45491644743119763,
  "mAP_large": 0.6392790057002445,
  "AR1": 0.6044776119402986,
  "AR10": 0.7012437810945273,
  "AR100": 0.7017412935323383,
  "AR_small": null,
  "AR_medium": 0.5972222222222221,
  "AR_large": 0.7120218579234973,
  "mAP_tiny_rel": 0.38617505419349296,
  "mAP50_tiny_rel": 0.7072746469654884,
  "mAP75_tiny_rel": 0.4092409240924092,
  "AR100_tiny_rel": 0.5705882352941176,
  "mAP_small_rel": 0.45692454795300996,
  "mAP50_small_rel": 0.7793092572408038,
  "mAP75_small_rel": 0.4640938242327661,
  "AR100_small_rel": 0.5922077922077922,
  "mAP_medium_rel": 0.5265061992411112,
  "mAP50_medium_rel": 0.7897422415685716,
  "mAP75_medium_rel": 0.6516041316559771,
  "AR100_medium_rel": 0.6313131313131314,
  "mAP_large_rel": 0.6519300843268757,
  "mAP50_large_rel": 0.9246210082488441,
  "mAP75_large_rel": 0.8018813440258894,
  "AR100_large_rel": 0.7325358851674642,
  "mAP_tiny": 0.38617505419349296,
  "image_AUROC": 0.987655303030303,
  "image_AP": 0.9800096440151167,
  "FPR@95TPR": 0.06,
  "threshold@95TPR": 0.8073112368583679,
  "TPR@95TPR": 0.9517045454545454,
  "Recall@FPR=1%": 0.8664772727272727,
  "Recall@FPR=5%": 0.9460227272727273,
  "in_domain_FPR@95TPR": 0.04555808656036447,
  "out_domain_FPR@95TPR": 0.08038585209003216,
  "in_domain_FPR@fixed": 0.1480637813211845,
  "out_domain_FPR@fixed": 0.3215434083601286,
  "split": "val",
  "images": 1102,
  "ground_truth_objects": 402,
  "input_predictions": 12698,
  "detections": 12698,
  "invalid_predictions_dropped": 0,
  "fppi_threshold": 0.25,
  "false_positives_on_negatives": {
    "total_negative_images": 750,
    "total_false_positives": 228,
    "fppi": 0.304,
    "by_group": {
      "negative_in_domain": {
        "negative_images": 439,
        "false_positives": 84,
        "fppi": 0.19134396355353075
      },
      "negative_out_domain": {
        "negative_images": 311,
        "false_positives": 144,
        "fppi": 0.4630225080385852
      }
    }
  },
  "predictions_above_fppi_threshold_by_group": {
    "negative_in_domain": 84,
    "negative_out_domain": 144,
    "positive": 555
  },
  "relative_scale_metrics": {
    "tiny": {
      "mAP": 0.38617505419349296,
      "mAP50": 0.7072746469654884,
      "mAP75": 0.4092409240924092,
      "mAP_small": null,
      "mAP_medium": 0.3745924607063314,
      "mAP_large": 0.7999999999999999,
      "AR1": 0.4235294117647059,
      "AR10": 0.5647058823529412,
      "AR100": 0.5705882352941176,
      "AR_small": null,
      "AR_medium": 0.55625,
      "AR_large": 0.8,
      "objects": 17,
      "positive_images": 14,
      "detections": 3352
    },
    "small": {
      "mAP": 0.45692454795300996,
      "mAP50": 0.7793092572408038,
      "mAP75": 0.4640938242327661,
      "mAP_small": null,
      "mAP_medium": 0.4346258709215875,
      "mAP_large": 0.47350171712973615,
      "AR1": 0.37662337662337664,
      "AR10": 0.5922077922077922,
      "AR100": 0.5922077922077922,
      "AR_small": null,
      "AR_medium": 0.5549999999999999,
      "AR_large": 0.6052631578947368,
      "objects": 77,
      "positive_images": 51,
      "detections": 3867
    },
    "medium": {
      "mAP": 0.5265061992411112,
      "mAP50": 0.7897422415685716,
      "mAP75": 0.6516041316559771,
      "mAP_small": null,
      "mAP_medium": null,
      "mAP_large": 0.5267783659535183,
      "AR1": 0.5656565656565657,
      "AR10": 0.6313131313131314,
      "AR100": 0.6313131313131314,
      "AR_small": null,
      "AR_medium": null,
      "AR_large": 0.6313131313131314,
      "objects": 99,
      "positive_images": 94,
      "detections": 3550
    },
    "large": {
      "mAP": 0.6519300843268757,
      "mAP50": 0.9246210082488441,
      "mAP75": 0.8018813440258894,
      "mAP_small": null,
      "mAP_medium": null,
      "mAP_large": 0.6519303909015761,
      "AR1": 0.7210526315789474,
      "AR10": 0.7325358851674642,
      "AR100": 0.7325358851674642,
      "AR_small": null,
      "AR_medium": null,
      "AR_large": 0.7325358851674642,
      "objects": 209,
      "positive_images": 207,
      "detections": 1929
    }
  },
  "image_level": {
    "positive_images": 352,
    "negative_images": 750,
    "auroc": 0.987655303030303,
    "average_precision": 0.9800096440151167,
    "fpr_at_target_tpr": {
      "threshold": 0.8073112368583679,
      "tp": 335,
      "fp": 45,
      "tn": 705,
      "fn": 17,
      "tpr": 0.9517045454545454,
      "fpr": 0.06,
      "by_negative_group": {
        "negative_in_domain": {
          "negative_images": 439,
          "false_positive_images": 20,
          "fpr": 0.04555808656036447
        },
        "negative_out_domain": {
          "negative_images": 311,
          "false_positive_images": 25,
          "fpr": 0.08038585209003216
        }
      },
      "target_tpr": 0.95
    },
    "recall_at_fpr": {
      "0.01": {
        "max_fpr": 0.01,
        "threshold": 0.9622520208358765,
        "recall": 0.8664772727272727,
        "fpr": 0.009333333333333334,
        "tp": 305,
        "fp": 7,
        "tn": 743,
        "fn": 47
      },
      "0.05": {
        "max_fpr": 0.05,
        "threshold": 0.839811384677887,
        "recall": 0.9460227272727273,
        "fpr": 0.04666666666666667,
        "tp": 333,
        "fp": 35,
        "tn": 715,
        "fn": 19
      }
    },
    "fixed_threshold": {
      "threshold": 0.25,
      "tp": 347,
      "fp": 165,
      "tn": 585,
      "fn": 5,
      "tpr": 0.9857954545454546,
      "fpr": 0.22,
      "by_negative_group": {
        "negative_in_domain": {
          "negative_images": 439,
          "false_positive_images": 65,
          "fpr": 0.1480637813211845
        },
        "negative_out_domain": {
          "negative_images": 311,
          "false_positive_images": 100,
          "fpr": 0.3215434083601286
        }
      }
    }
  }
}
