{
  "mAP": 0.6690567725192635,
  "mAP50": 0.9580521512688935,
  "mAP75": 0.7752172590438762,
  "mAP_small": null,
  "mAP_medium": 0.5067142496850457,
  "mAP_large": 0.683511955576717,
  "AR1": 0.6440298507462686,
  "AR10": 0.7328358208955225,
  "AR100": 0.7345771144278607,
  "AR_small": null,
  "AR_medium": 0.6166666666666666,
  "AR_large": 0.7461748633879781,
  "mAP_tiny_rel": 0.4055088633520362,
  "mAP50_tiny_rel": 0.7451422815019317,
  "mAP75_tiny_rel": 0.4225457099485692,
  "AR100_tiny_rel": 0.5588235294117647,
  "mAP_small_rel": 0.47263258105440353,
  "mAP50_small_rel": 0.7686713695102704,
  "mAP75_small_rel": 0.5305940459839512,
  "AR100_small_rel": 0.577922077922078,
  "mAP_medium_rel": 0.5693867139949165,
  "mAP50_medium_rel": 0.8309455205584659,
  "mAP75_medium_rel": 0.6470420474070288,
  "AR100_medium_rel": 0.6606060606060605,
  "mAP_large_rel": 0.71640382973352,
  "mAP50_large_rel": 0.9438775942411866,
  "mAP75_large_rel": 0.8553806601554175,
  "AR100_large_rel": 0.783732057416268,
  "mAP_tiny": 0.4055088633520362,
  "image_AUROC": 0.9933598484848485,
  "image_AP": 0.9870538622842122,
  "FPR@95TPR": 0.025333333333333333,
  "threshold@95TPR": 0.7756575345993042,
  "TPR@95TPR": 0.9517045454545454,
  "Recall@FPR=1%": 0.9261363636363636,
  "Recall@FPR=5%": 0.9801136363636364,
  "in_domain_FPR@95TPR": 0.04100227790432802,
  "out_domain_FPR@95TPR": 0.003215434083601286,
  "in_domain_FPR@fixed": 0.08200455580865604,
  "out_domain_FPR@fixed": 0.01929260450160772,
  "split": "val",
  "images": 1102,
  "ground_truth_objects": 402,
  "input_predictions": 3283,
  "detections": 3283,
  "invalid_predictions_dropped": 0,
  "fppi_threshold": 0.25,
  "false_positives_on_negatives": {
    "total_negative_images": 750,
    "total_false_positives": 53,
    "fppi": 0.07066666666666667,
    "by_group": {
      "negative_in_domain": {
        "negative_images": 439,
        "false_positives": 43,
        "fppi": 0.0979498861047836
      },
      "negative_out_domain": {
        "negative_images": 311,
        "false_positives": 10,
        "fppi": 0.03215434083601286
      }
    }
  },
  "predictions_above_fppi_threshold_by_group": {
    "negative_in_domain": 43,
    "negative_out_domain": 10,
    "positive": 461
  },
  "relative_scale_metrics": {
    "tiny": {
      "mAP": 0.4055088633520362,
      "mAP50": 0.7451422815019317,
      "mAP75": 0.4225457099485692,
      "mAP_small": null,
      "mAP_medium": 0.396523439270922,
      "mAP_large": 0.7999999999999999,
      "AR1": 0.45294117647058824,
      "AR10": 0.5588235294117647,
      "AR100": 0.5588235294117647,
      "AR_small": null,
      "AR_medium": 0.54375,
      "AR_large": 0.8,
      "objects": 17,
      "positive_images": 14,
      "detections": 420
    },
    "small": {
      "mAP": 0.47263258105440353,
      "mAP50": 0.7686713695102704,
      "mAP75": 0.5305940459839512,
      "mAP_small": null,
      "mAP_medium": 0.36874810699422916,
      "mAP_large": 0.513770264402188,
      "AR1": 0.3766233766233766,
      "AR10": 0.577922077922078,
      "AR100": 0.577922077922078,
      "AR_small": null,
      "AR_medium": 0.48999999999999994,
      "AR_large": 0.6087719298245614,
      "objects": 77,
      "positive_images": 51,
      "detections": 733
    },
    "medium": {
      "mAP": 0.5693867139949165,
      "mAP50": 0.8309455205584659,
      "mAP75": 0.6470420474070288,
      "mAP_small": null,
      "mAP_medium": null,
      "mAP_large": 0.5696227225642898,
      "AR1": 0.603030303030303,
      "AR10": 0.6606060606060605,
      "AR100": 0.6606060606060605,
      "AR_small": null,
      "AR_medium": null,
      "AR_large": 0.6606060606060605,
      "objects": 99,
      "positive_images": 94,
      "detections": 1266
    },
    "large": {
      "mAP": 0.71640382973352,
      "mAP50": 0.9438775942411866,
      "mAP75": 0.8553806601554175,
      "mAP_small": null,
      "mAP_medium": null,
      "mAP_large": 0.71640382973352,
      "AR1": 0.7751196172248803,
      "AR10": 0.783732057416268,
      "AR100": 0.783732057416268,
      "AR_small": null,
      "AR_medium": null,
      "AR_large": 0.783732057416268,
      "objects": 209,
      "positive_images": 207,
      "detections": 864
    }
  },
  "image_level": {
    "positive_images": 352,
    "negative_images": 750,
    "auroc": 0.9933598484848485,
    "average_precision": 0.9870538622842122,
    "fpr_at_target_tpr": {
      "threshold": 0.7756575345993042,
      "tp": 335,
      "fp": 19,
      "tn": 731,
      "fn": 17,
      "tpr": 0.9517045454545454,
      "fpr": 0.025333333333333333,
      "by_negative_group": {
        "negative_in_domain": {
          "negative_images": 439,
          "false_positive_images": 18,
          "fpr": 0.04100227790432802
        },
        "negative_out_domain": {
          "negative_images": 311,
          "false_positive_images": 1,
          "fpr": 0.003215434083601286
        }
      },
      "target_tpr": 0.95
    },
    "recall_at_fpr": {
      "0.01": {
        "max_fpr": 0.01,
        "threshold": 0.936357319355011,
        "recall": 0.9261363636363636,
        "fpr": 0.009333333333333334,
        "tp": 326,
        "fp": 7,
        "tn": 743,
        "fn": 26
      },
      "0.05": {
        "max_fpr": 0.05,
        "threshold": 0.40765759348869324,
        "recall": 0.9801136363636364,
        "fpr": 0.04133333333333333,
        "tp": 345,
        "fp": 31,
        "tn": 719,
        "fn": 7
      }
    },
    "fixed_threshold": {
      "threshold": 0.25,
      "tp": 345,
      "fp": 42,
      "tn": 708,
      "fn": 7,
      "tpr": 0.9801136363636364,
      "fpr": 0.056,
      "by_negative_group": {
        "negative_in_domain": {
          "negative_images": 439,
          "false_positive_images": 36,
          "fpr": 0.08200455580865604
        },
        "negative_out_domain": {
          "negative_images": 311,
          "false_positive_images": 6,
          "fpr": 0.01929260450160772
        }
      }
    }
  }
}
