{
  "mAP": 0.7414782616053529,
  "mAP50": 0.9488377080906886,
  "mAP75": 0.8505917682517352,
  "mAP_small": 0.0,
  "mAP_medium": 0.5265635646257723,
  "mAP_large": 0.7636117374464362,
  "AR1": 0.7098236775818639,
  "AR10": 0.7889168765743073,
  "AR100": 0.7889168765743073,
  "AR_small": 0.0,
  "AR_medium": 0.5705882352941176,
  "AR_large": 0.8116022099447514,
  "mAP_tiny_rel": 0.306499943097758,
  "mAP50_tiny_rel": 0.50716968248549,
  "mAP75_tiny_rel": 0.39537953795379543,
  "AR100_tiny_rel": 0.35333333333333333,
  "mAP_small_rel": 0.5944114307727568,
  "mAP50_small_rel": 0.8552154376854795,
  "mAP75_small_rel": 0.7404753038796794,
  "AR100_small_rel": 0.677142857142857,
  "mAP_medium_rel": 0.6875733389417985,
  "mAP50_medium_rel": 0.8727299889448047,
  "mAP75_medium_rel": 0.7875749607046943,
  "AR100_medium_rel": 0.7383177570093458,
  "mAP_large_rel": 0.8015668887633018,
  "mAP50_large_rel": 0.9545106865584131,
  "mAP75_large_rel": 0.9277336483476382,
  "AR100_large_rel": 0.8526829268292684,
  "mAP_tiny": 0.306499943097758,
  "image_AUROC": 0.9875403608736942,
  "image_AP": 0.9829444084388932,
  "FPR@95TPR": 0.012,
  "threshold@95TPR": 0.29172438383102417,
  "TPR@95TPR": 0.9515669515669516,
  "Recall@FPR=1%": 0.9487179487179487,
  "Recall@FPR=5%": 0.98005698005698,
  "in_domain_FPR@95TPR": 0.02050113895216401,
  "out_domain_FPR@95TPR": 0.0,
  "in_domain_FPR@fixed": 0.022779043280182234,
  "out_domain_FPR@fixed": 0.0,
  "split": "test",
  "images": 1101,
  "ground_truth_objects": 397,
  "input_predictions": 798,
  "detections": 798,
  "invalid_predictions_dropped": 0,
  "fppi_threshold": 0.25,
  "false_positives_on_negatives": {
    "total_negative_images": 750,
    "total_false_positives": 10,
    "fppi": 0.013333333333333334,
    "by_group": {
      "negative_in_domain": {
        "negative_images": 439,
        "false_positives": 10,
        "fppi": 0.022779043280182234
      },
      "negative_out_domain": {
        "negative_images": 311,
        "false_positives": 0,
        "fppi": 0.0
      }
    }
  },
  "predictions_above_fppi_threshold_by_group": {
    "negative_in_domain": 10,
    "positive": 380
  },
  "relative_scale_metrics": {
    "tiny": {
      "mAP": 0.306499943097758,
      "mAP50": 0.50716968248549,
      "mAP75": 0.39537953795379543,
      "mAP_small": 0.0,
      "mAP_medium": 0.3547186493291414,
      "mAP_large": 0.0,
      "AR1": 0.3,
      "AR10": 0.35333333333333333,
      "AR100": 0.35333333333333333,
      "AR_small": 0.0,
      "AR_medium": 0.4076923076923077,
      "AR_large": 0.0,
      "objects": 15,
      "positive_images": 14,
      "detections": 129
    },
    "small": {
      "mAP": 0.5944114307727568,
      "mAP50": 0.8552154376854795,
      "mAP75": 0.7404753038796794,
      "mAP_small": null,
      "mAP_medium": 0.5704693445903635,
      "mAP_large": 0.6154890215974801,
      "AR1": 0.48,
      "AR10": 0.677142857142857,
      "AR100": 0.677142857142857,
      "AR_small": null,
      "AR_medium": 0.605,
      "AR_large": 0.706,
      "objects": 70,
      "positive_images": 51,
      "detections": 255
    },
    "medium": {
      "mAP": 0.6875733389417985,
      "mAP50": 0.8727299889448047,
      "mAP75": 0.7875749607046943,
      "mAP_small": null,
      "mAP_medium": 0.6999999999999998,
      "mAP_large": 0.6881453289036157,
      "AR1": 0.6757009345794392,
      "AR10": 0.7383177570093458,
      "AR100": 0.7383177570093458,
      "AR_small": null,
      "AR_medium": 0.7,
      "AR_large": 0.7386792452830189,
      "objects": 107,
      "positive_images": 97,
      "detections": 171
    },
    "large": {
      "mAP": 0.8015668887633018,
      "mAP50": 0.9545106865584131,
      "mAP75": 0.9277336483476382,
      "mAP_small": null,
      "mAP_medium": null,
      "mAP_large": 0.8015668887633018,
      "AR1": 0.8448780487804877,
      "AR10": 0.8526829268292684,
      "AR100": 0.8526829268292684,
      "AR_small": null,
      "AR_medium": null,
      "AR_large": 0.8526829268292684,
      "objects": 205,
      "positive_images": 204,
      "detections": 243
    }
  },
  "image_level": {
    "positive_images": 351,
    "negative_images": 750,
    "auroc": 0.9875403608736942,
    "average_precision": 0.9829444084388932,
    "fpr_at_target_tpr": {
      "threshold": 0.29172438383102417,
      "tp": 334,
      "fp": 9,
      "tn": 741,
      "fn": 17,
      "tpr": 0.9515669515669516,
      "fpr": 0.012,
      "by_negative_group": {
        "negative_in_domain": {
          "negative_images": 439,
          "false_positive_images": 9,
          "fpr": 0.02050113895216401
        },
        "negative_out_domain": {
          "negative_images": 311,
          "false_positive_images": 0,
          "fpr": 0.0
        }
      },
      "target_tpr": 0.95
    },
    "recall_at_fpr": {
      "0.01": {
        "max_fpr": 0.01,
        "threshold": 0.42833471298217773,
        "recall": 0.9487179487179487,
        "fpr": 0.009333333333333334,
        "tp": 333,
        "fp": 7,
        "tn": 743,
        "fn": 18
      },
      "0.05": {
        "max_fpr": 0.05,
        "threshold": 0.003132064128294587,
        "recall": 0.98005698005698,
        "fpr": 0.048,
        "tp": 344,
        "fp": 36,
        "tn": 714,
        "fn": 7
      }
    },
    "fixed_threshold": {
      "threshold": 0.25,
      "tp": 334,
      "fp": 10,
      "tn": 740,
      "fn": 17,
      "tpr": 0.9515669515669516,
      "fpr": 0.013333333333333334,
      "by_negative_group": {
        "negative_in_domain": {
          "negative_images": 439,
          "false_positive_images": 10,
          "fpr": 0.022779043280182234
        },
        "negative_out_domain": {
          "negative_images": 311,
          "false_positive_images": 0,
          "fpr": 0.0
        }
      }
    }
  }
}
