{
  "mAP": 0.6912047026366576,
  "mAP50": 0.9347489043188966,
  "mAP75": 0.8029486566015583,
  "mAP_small": null,
  "mAP_medium": 0.4203534740956039,
  "mAP_large": 0.7145138062693797,
  "AR1": 0.6696517412935323,
  "AR10": 0.7532338308457712,
  "AR100": 0.7532338308457712,
  "AR_small": null,
  "AR_medium": 0.5111111111111111,
  "AR_large": 0.7770491803278687,
  "mAP_tiny_rel": 0.34813942021688177,
  "mAP50_tiny_rel": 0.623864529310074,
  "mAP75_tiny_rel": 0.4043163223825922,
  "AR100_tiny_rel": 0.5588235294117647,
  "mAP_small_rel": 0.4792235530094147,
  "mAP50_small_rel": 0.7720476944635616,
  "mAP75_small_rel": 0.5547470204415105,
  "AR100_small_rel": 0.5584415584415585,
  "mAP_medium_rel": 0.6282690591058312,
  "mAP50_medium_rel": 0.8226262040124691,
  "mAP75_medium_rel": 0.7493852237629665,
  "AR100_medium_rel": 0.7010101010101011,
  "mAP_large_rel": 0.7332486544999944,
  "mAP50_large_rel": 0.9087476110331595,
  "mAP75_large_rel": 0.8507477138369646,
  "AR100_large_rel": 0.8057416267942583,
  "mAP_tiny": 0.34813942021688177,
  "image_AUROC": 0.9859204545454545,
  "image_AP": 0.9715230539576244,
  "FPR@95TPR": 0.010666666666666666,
  "threshold@95TPR": 0.22132791578769684,
  "TPR@95TPR": 0.9517045454545454,
  "Recall@FPR=1%": 0.9431818181818182,
  "Recall@FPR=5%": 0.9801136363636364,
  "in_domain_FPR@95TPR": 0.01366742596810934,
  "out_domain_FPR@95TPR": 0.006430868167202572,
  "in_domain_FPR@fixed": 0.01366742596810934,
  "out_domain_FPR@fixed": 0.006430868167202572,
  "split": "val",
  "images": 1102,
  "ground_truth_objects": 402,
  "input_predictions": 946,
  "detections": 946,
  "invalid_predictions_dropped": 0,
  "fppi_threshold": 0.25,
  "false_positives_on_negatives": {
    "total_negative_images": 750,
    "total_false_positives": 9,
    "fppi": 0.012,
    "by_group": {
      "negative_in_domain": {
        "negative_images": 439,
        "false_positives": 7,
        "fppi": 0.015945330296127564
      },
      "negative_out_domain": {
        "negative_images": 311,
        "false_positives": 2,
        "fppi": 0.006430868167202572
      }
    }
  },
  "predictions_above_fppi_threshold_by_group": {
    "negative_in_domain": 7,
    "negative_out_domain": 2,
    "positive": 395
  },
  "relative_scale_metrics": {
    "tiny": {
      "mAP": 0.34813942021688177,
      "mAP50": 0.623864529310074,
      "mAP75": 0.4043163223825922,
      "mAP_small": null,
      "mAP_medium": 0.32919310008262065,
      "mAP_large": 0.6999999999999998,
      "AR1": 0.34705882352941175,
      "AR10": 0.5588235294117647,
      "AR100": 0.5588235294117647,
      "AR_small": null,
      "AR_medium": 0.55,
      "AR_large": 0.7,
      "objects": 17,
      "positive_images": 14,
      "detections": 238
    },
    "small": {
      "mAP": 0.4792235530094147,
      "mAP50": 0.7720476944635616,
      "mAP75": 0.5547470204415105,
      "mAP_small": null,
      "mAP_medium": 0.28836577255432183,
      "mAP_large": 0.5521417748421862,
      "AR1": 0.3779220779220779,
      "AR10": 0.5584415584415585,
      "AR100": 0.5584415584415585,
      "AR_small": null,
      "AR_medium": 0.33499999999999996,
      "AR_large": 0.6368421052631578,
      "objects": 77,
      "positive_images": 51,
      "detections": 260
    },
    "medium": {
      "mAP": 0.6282690591058312,
      "mAP50": 0.8226262040124691,
      "mAP75": 0.7493852237629665,
      "mAP_small": null,
      "mAP_medium": null,
      "mAP_large": 0.6282690591058312,
      "AR1": 0.6414141414141414,
      "AR10": 0.7010101010101011,
      "AR100": 0.7010101010101011,
      "AR_small": null,
      "AR_medium": null,
      "AR_large": 0.7010101010101011,
      "objects": 99,
      "positive_images": 94,
      "detections": 191
    },
    "large": {
      "mAP": 0.7332486544999944,
      "mAP50": 0.9087476110331595,
      "mAP75": 0.8507477138369646,
      "mAP_small": null,
      "mAP_medium": null,
      "mAP_large": 0.7332486544999944,
      "AR1": 0.7923444976076555,
      "AR10": 0.8057416267942583,
      "AR100": 0.8057416267942583,
      "AR_small": null,
      "AR_medium": null,
      "AR_large": 0.8057416267942583,
      "objects": 209,
      "positive_images": 207,
      "detections": 257
    }
  },
  "image_level": {
    "positive_images": 352,
    "negative_images": 750,
    "auroc": 0.9859204545454545,
    "average_precision": 0.9715230539576244,
    "fpr_at_target_tpr": {
      "threshold": 0.22132791578769684,
      "tp": 335,
      "fp": 8,
      "tn": 742,
      "fn": 17,
      "tpr": 0.9517045454545454,
      "fpr": 0.010666666666666666,
      "by_negative_group": {
        "negative_in_domain": {
          "negative_images": 439,
          "false_positive_images": 6,
          "fpr": 0.01366742596810934
        },
        "negative_out_domain": {
          "negative_images": 311,
          "false_positive_images": 2,
          "fpr": 0.006430868167202572
        }
      },
      "target_tpr": 0.95
    },
    "recall_at_fpr": {
      "0.01": {
        "max_fpr": 0.01,
        "threshold": 0.306751012802124,
        "recall": 0.9431818181818182,
        "fpr": 0.009333333333333334,
        "tp": 332,
        "fp": 7,
        "tn": 743,
        "fn": 20
      },
      "0.05": {
        "max_fpr": 0.05,
        "threshold": 0.005283383186906576,
        "recall": 0.9801136363636364,
        "fpr": 0.048,
        "tp": 345,
        "fp": 36,
        "tn": 714,
        "fn": 7
      }
    },
    "fixed_threshold": {
      "threshold": 0.25,
      "tp": 333,
      "fp": 8,
      "tn": 742,
      "fn": 19,
      "tpr": 0.9460227272727273,
      "fpr": 0.010666666666666666,
      "by_negative_group": {
        "negative_in_domain": {
          "negative_images": 439,
          "false_positive_images": 6,
          "fpr": 0.01366742596810934
        },
        "negative_out_domain": {
          "negative_images": 311,
          "false_positive_images": 2,
          "fpr": 0.006430868167202572
        }
      }
    }
  }
}
