{
  "mAP": 0.6198269185094134,
  "mAP50": 0.9450607163738244,
  "mAP75": 0.7292590782250319,
  "mAP_small": null,
  "mAP_medium": 0.447946613892627,
  "mAP_large": 0.6340637558269812,
  "AR1": 0.6049751243781094,
  "AR10": 0.6985074626865672,
  "AR100": 0.699502487562189,
  "AR_small": null,
  "AR_medium": 0.5944444444444443,
  "AR_large": 0.7098360655737703,
  "mAP_tiny_rel": 0.3164358449268697,
  "mAP50_tiny_rel": 0.6314476223130714,
  "mAP75_tiny_rel": 0.17010716632303963,
  "AR100_tiny_rel": 0.5176470588235293,
  "mAP_small_rel": 0.43758192944803426,
  "mAP50_small_rel": 0.7385898968272817,
  "mAP75_small_rel": 0.4838536377935446,
  "AR100_small_rel": 0.5701298701298702,
  "mAP_medium_rel": 0.4815666157123903,
  "mAP50_medium_rel": 0.7346427964871582,
  "mAP75_medium_rel": 0.5489159261851998,
  "AR100_medium_rel": 0.6686868686868687,
  "mAP_large_rel": 0.6230355208271597,
  "mAP50_large_rel": 0.9023401710943159,
  "mAP75_large_rel": 0.7754901289248375,
  "AR100_large_rel": 0.6923444976076555,
  "mAP_tiny": 0.3164358449268697,
  "image_AUROC": 0.9911742424242425,
  "image_AP": 0.9850485436489809,
  "FPR@95TPR": 0.024,
  "threshold@95TPR": 0.7764813899993896,
  "TPR@95TPR": 0.9517045454545454,
  "Recall@FPR=1%": 0.9090909090909091,
  "Recall@FPR=5%": 0.9659090909090909,
  "in_domain_FPR@95TPR": 0.03189066059225513,
  "out_domain_FPR@95TPR": 0.012861736334405145,
  "in_domain_FPR@fixed": 0.08200455580865604,
  "out_domain_FPR@fixed": 0.0932475884244373,
  "split": "val",
  "images": 1102,
  "ground_truth_objects": 402,
  "input_predictions": 6102,
  "detections": 6102,
  "invalid_predictions_dropped": 0,
  "fppi_threshold": 0.25,
  "false_positives_on_negatives": {
    "total_negative_images": 750,
    "total_false_positives": 93,
    "fppi": 0.124,
    "by_group": {
      "negative_in_domain": {
        "negative_images": 439,
        "false_positives": 43,
        "fppi": 0.0979498861047836
      },
      "negative_out_domain": {
        "negative_images": 311,
        "false_positives": 50,
        "fppi": 0.1607717041800643
      }
    }
  },
  "predictions_above_fppi_threshold_by_group": {
    "negative_in_domain": 43,
    "negative_out_domain": 50,
    "positive": 490
  },
  "relative_scale_metrics": {
    "tiny": {
      "mAP": 0.3164358449268697,
      "mAP50": 0.6314476223130714,
      "mAP75": 0.17010716632303963,
      "mAP_small": null,
      "mAP_medium": 0.30107176865802265,
      "mAP_large": 0.6999999999999998,
      "AR1": 0.4,
      "AR10": 0.5176470588235293,
      "AR100": 0.5176470588235293,
      "AR_small": null,
      "AR_medium": 0.50625,
      "AR_large": 0.7,
      "objects": 17,
      "positive_images": 14,
      "detections": 1567
    },
    "small": {
      "mAP": 0.43758192944803426,
      "mAP50": 0.7385898968272817,
      "mAP75": 0.4838536377935446,
      "mAP_small": null,
      "mAP_medium": 0.33586705402330264,
      "mAP_large": 0.4829797517074168,
      "AR1": 0.36623376623376624,
      "AR10": 0.5701298701298702,
      "AR100": 0.5701298701298702,
      "AR_small": null,
      "AR_medium": 0.45499999999999996,
      "AR_large": 0.6105263157894737,
      "objects": 77,
      "positive_images": 51,
      "detections": 1283
    },
    "medium": {
      "mAP": 0.4815666157123903,
      "mAP50": 0.7346427964871582,
      "mAP75": 0.5489159261851998,
      "mAP_small": null,
      "mAP_medium": null,
      "mAP_large": 0.48182898455604084,
      "AR1": 0.6080808080808081,
      "AR10": 0.6686868686868687,
      "AR100": 0.6686868686868687,
      "AR_small": null,
      "AR_medium": null,
      "AR_large": 0.6686868686868687,
      "objects": 99,
      "positive_images": 94,
      "detections": 2160
    },
    "large": {
      "mAP": 0.6230355208271597,
      "mAP50": 0.9023401710943159,
      "mAP75": 0.7754901289248375,
      "mAP_small": null,
      "mAP_medium": null,
      "mAP_large": 0.6230373447075287,
      "AR1": 0.6818181818181819,
      "AR10": 0.6923444976076555,
      "AR100": 0.6923444976076555,
      "AR_small": null,
      "AR_medium": null,
      "AR_large": 0.6923444976076555,
      "objects": 209,
      "positive_images": 207,
      "detections": 1092
    }
  },
  "image_level": {
    "positive_images": 352,
    "negative_images": 750,
    "auroc": 0.9911742424242425,
    "average_precision": 0.9850485436489809,
    "fpr_at_target_tpr": {
      "threshold": 0.7764813899993896,
      "tp": 335,
      "fp": 18,
      "tn": 732,
      "fn": 17,
      "tpr": 0.9517045454545454,
      "fpr": 0.024,
      "by_negative_group": {
        "negative_in_domain": {
          "negative_images": 439,
          "false_positive_images": 14,
          "fpr": 0.03189066059225513
        },
        "negative_out_domain": {
          "negative_images": 311,
          "false_positive_images": 4,
          "fpr": 0.012861736334405145
        }
      },
      "target_tpr": 0.95
    },
    "recall_at_fpr": {
      "0.01": {
        "max_fpr": 0.01,
        "threshold": 0.932475745677948,
        "recall": 0.9090909090909091,
        "fpr": 0.009333333333333334,
        "tp": 320,
        "fp": 7,
        "tn": 743,
        "fn": 32
      },
      "0.05": {
        "max_fpr": 0.05,
        "threshold": 0.6165071129798889,
        "recall": 0.9659090909090909,
        "fpr": 0.04133333333333333,
        "tp": 340,
        "fp": 31,
        "tn": 719,
        "fn": 12
      }
    },
    "fixed_threshold": {
      "threshold": 0.25,
      "tp": 345,
      "fp": 65,
      "tn": 685,
      "fn": 7,
      "tpr": 0.9801136363636364,
      "fpr": 0.08666666666666667,
      "by_negative_group": {
        "negative_in_domain": {
          "negative_images": 439,
          "false_positive_images": 36,
          "fpr": 0.08200455580865604
        },
        "negative_out_domain": {
          "negative_images": 311,
          "false_positive_images": 29,
          "fpr": 0.0932475884244373
        }
      }
    }
  }
}
