{
  "mAP": 0.5998879827991536,
  "mAP50": 0.937353679393955,
  "mAP75": 0.6533308987266704,
  "mAP_small": null,
  "mAP_medium": 0.4852796232894706,
  "mAP_large": 0.610015347849414,
  "AR1": 0.5898009950248757,
  "AR10": 0.6726368159203979,
  "AR100": 0.6751243781094527,
  "AR_small": null,
  "AR_medium": 0.6138888888888888,
  "AR_large": 0.6811475409836065,
  "mAP_tiny_rel": 0.2799035744035963,
  "mAP50_tiny_rel": 0.5996244195603794,
  "mAP75_tiny_rel": 0.3099177793656503,
  "AR100_tiny_rel": 0.4882352941176471,
  "mAP_small_rel": 0.4638957306713404,
  "mAP50_small_rel": 0.7706507142678148,
  "mAP75_small_rel": 0.4743153554862657,
  "AR100_small_rel": 0.5714285714285714,
  "mAP_medium_rel": 0.49240931836106694,
  "mAP50_medium_rel": 0.7927420054566284,
  "mAP75_medium_rel": 0.5087560055841428,
  "AR100_medium_rel": 0.590909090909091,
  "mAP_large_rel": 0.6300063472232922,
  "mAP50_large_rel": 0.92977985860541,
  "mAP75_large_rel": 0.7333012182626496,
  "AR100_large_rel": 0.716267942583732,
  "mAP_tiny": 0.2799035744035963,
  "image_AUROC": 0.992185606060606,
  "image_AP": 0.9827578279476994,
  "FPR@95TPR": 0.030666666666666665,
  "threshold@95TPR": 0.7531208992004395,
  "TPR@95TPR": 0.9517045454545454,
  "Recall@FPR=1%": 0.9090909090909091,
  "Recall@FPR=5%": 0.9744318181818182,
  "in_domain_FPR@95TPR": 0.04555808656036447,
  "out_domain_FPR@95TPR": 0.00964630225080386,
  "in_domain_FPR@fixed": 0.12300683371298406,
  "out_domain_FPR@fixed": 0.03215434083601286,
  "split": "val",
  "images": 1102,
  "ground_truth_objects": 402,
  "input_predictions": 12003,
  "detections": 12003,
  "invalid_predictions_dropped": 0,
  "fppi_threshold": 0.25,
  "false_positives_on_negatives": {
    "total_negative_images": 750,
    "total_false_positives": 86,
    "fppi": 0.11466666666666667,
    "by_group": {
      "negative_in_domain": {
        "negative_images": 439,
        "false_positives": 73,
        "fppi": 0.1662870159453303
      },
      "negative_out_domain": {
        "negative_images": 311,
        "false_positives": 13,
        "fppi": 0.04180064308681672
      }
    }
  },
  "predictions_above_fppi_threshold_by_group": {
    "negative_in_domain": 73,
    "negative_out_domain": 13,
    "positive": 632
  },
  "relative_scale_metrics": {
    "tiny": {
      "mAP": 0.2799035744035963,
      "mAP50": 0.5996244195603794,
      "mAP75": 0.3099177793656503,
      "mAP_small": null,
      "mAP_medium": 0.317173672950487,
      "mAP_large": 0.1,
      "AR1": 0.40588235294117647,
      "AR10": 0.4882352941176471,
      "AR100": 0.4882352941176471,
      "AR_small": null,
      "AR_medium": 0.50625,
      "AR_large": 0.2,
      "objects": 17,
      "positive_images": 14,
      "detections": 3147
    },
    "small": {
      "mAP": 0.4638957306713404,
      "mAP50": 0.7706507142678148,
      "mAP75": 0.4743153554862657,
      "mAP_small": null,
      "mAP_medium": 0.476850631226072,
      "mAP_large": 0.46197373596648417,
      "AR1": 0.38571428571428573,
      "AR10": 0.5714285714285714,
      "AR100": 0.5714285714285714,
      "AR_small": null,
      "AR_medium": 0.585,
      "AR_large": 0.5666666666666667,
      "objects": 77,
      "positive_images": 51,
      "detections": 3636
    },
    "medium": {
      "mAP": 0.49240931836106694,
      "mAP50": 0.7927420054566284,
      "mAP75": 0.5087560055841428,
      "mAP_small": null,
      "mAP_medium": null,
      "mAP_large": 0.492732527651649,
      "AR1": 0.5343434343434345,
      "AR10": 0.590909090909091,
      "AR100": 0.590909090909091,
      "AR_small": null,
      "AR_medium": null,
      "AR_large": 0.590909090909091,
      "objects": 99,
      "positive_images": 94,
      "detections": 3968
    },
    "large": {
      "mAP": 0.6300063472232922,
      "mAP50": 0.92977985860541,
      "mAP75": 0.7333012182626496,
      "mAP_small": null,
      "mAP_medium": null,
      "mAP_large": 0.6300063472232922,
      "AR1": 0.7043062200956938,
      "AR10": 0.716267942583732,
      "AR100": 0.716267942583732,
      "AR_small": null,
      "AR_medium": null,
      "AR_large": 0.716267942583732,
      "objects": 209,
      "positive_images": 207,
      "detections": 1252
    }
  },
  "image_level": {
    "positive_images": 352,
    "negative_images": 750,
    "auroc": 0.992185606060606,
    "average_precision": 0.9827578279476994,
    "fpr_at_target_tpr": {
      "threshold": 0.7531208992004395,
      "tp": 335,
      "fp": 23,
      "tn": 727,
      "fn": 17,
      "tpr": 0.9517045454545454,
      "fpr": 0.030666666666666665,
      "by_negative_group": {
        "negative_in_domain": {
          "negative_images": 439,
          "false_positive_images": 20,
          "fpr": 0.04555808656036447
        },
        "negative_out_domain": {
          "negative_images": 311,
          "false_positive_images": 3,
          "fpr": 0.00964630225080386
        }
      },
      "target_tpr": 0.95
    },
    "recall_at_fpr": {
      "0.01": {
        "max_fpr": 0.01,
        "threshold": 0.9288823008537292,
        "recall": 0.9090909090909091,
        "fpr": 0.009333333333333334,
        "tp": 320,
        "fp": 7,
        "tn": 743,
        "fn": 32
      },
      "0.05": {
        "max_fpr": 0.05,
        "threshold": 0.5589056611061096,
        "recall": 0.9744318181818182,
        "fpr": 0.044,
        "tp": 343,
        "fp": 33,
        "tn": 717,
        "fn": 9
      }
    },
    "fixed_threshold": {
      "threshold": 0.25,
      "tp": 345,
      "fp": 64,
      "tn": 686,
      "fn": 7,
      "tpr": 0.9801136363636364,
      "fpr": 0.08533333333333333,
      "by_negative_group": {
        "negative_in_domain": {
          "negative_images": 439,
          "false_positive_images": 54,
          "fpr": 0.12300683371298406
        },
        "negative_out_domain": {
          "negative_images": 311,
          "false_positive_images": 10,
          "fpr": 0.03215434083601286
        }
      }
    }
  }
}
