{
  "mAP": 0.5520217255334113,
  "mAP50": 0.9302626466306748,
  "mAP75": 0.582179460204516,
  "mAP_small": null,
  "mAP_medium": 0.49974408947303733,
  "mAP_large": 0.5578039483642149,
  "AR1": 0.5639303482587066,
  "AR10": 0.6502487562189054,
  "AR100": 0.6529850746268657,
  "AR_small": null,
  "AR_medium": 0.6166666666666667,
  "AR_large": 0.6565573770491804,
  "mAP_tiny_rel": 0.26897696269769406,
  "mAP50_tiny_rel": 0.5322380024998654,
  "mAP75_tiny_rel": 0.2644964496449645,
  "AR100_tiny_rel": 0.5058823529411764,
  "mAP_small_rel": 0.4274993761124761,
  "mAP50_small_rel": 0.7215040106880148,
  "mAP75_small_rel": 0.45143850841579497,
  "AR100_small_rel": 0.5818181818181818,
  "mAP_medium_rel": 0.38160169614920886,
  "mAP50_medium_rel": 0.6594473508759996,
  "mAP75_medium_rel": 0.38183399905845294,
  "AR100_medium_rel": 0.6090909090909091,
  "mAP_large_rel": 0.5233936003584498,
  "mAP50_large_rel": 0.8547767708529481,
  "mAP75_large_rel": 0.5826043558912835,
  "AR100_large_rel": 0.6177033492822966,
  "mAP_tiny": 0.26897696269769406,
  "image_AUROC": 0.9816098484848484,
  "image_AP": 0.9665025639302595,
  "FPR@95TPR": 0.092,
  "threshold@95TPR": 0.49188992381095886,
  "TPR@95TPR": 0.9517045454545454,
  "Recall@FPR=1%": 0.8238636363636364,
  "Recall@FPR=5%": 0.9204545454545454,
  "in_domain_FPR@95TPR": 0.15034168564920272,
  "out_domain_FPR@95TPR": 0.00964630225080386,
  "in_domain_FPR@fixed": 0.2164009111617312,
  "out_domain_FPR@fixed": 0.022508038585209004,
  "split": "val",
  "images": 1102,
  "ground_truth_objects": 402,
  "input_predictions": 8695,
  "detections": 8695,
  "invalid_predictions_dropped": 0,
  "fppi_threshold": 0.25,
  "false_positives_on_negatives": {
    "total_negative_images": 750,
    "total_false_positives": 131,
    "fppi": 0.17466666666666666,
    "by_group": {
      "negative_in_domain": {
        "negative_images": 439,
        "false_positives": 118,
        "fppi": 0.26879271070615035
      },
      "negative_out_domain": {
        "negative_images": 311,
        "false_positives": 13,
        "fppi": 0.04180064308681672
      }
    }
  },
  "predictions_above_fppi_threshold_by_group": {
    "negative_in_domain": 118,
    "negative_out_domain": 13,
    "positive": 463
  },
  "relative_scale_metrics": {
    "tiny": {
      "mAP": 0.26897696269769406,
      "mAP50": 0.5322380024998654,
      "mAP75": 0.2644964496449645,
      "mAP_small": null,
      "mAP_medium": 0.24794359964126012,
      "mAP_large": 0.7999999999999999,
      "AR1": 0.34705882352941175,
      "AR10": 0.5058823529411764,
      "AR100": 0.5058823529411764,
      "AR_small": null,
      "AR_medium": 0.4875,
      "AR_large": 0.8,
      "objects": 17,
      "positive_images": 14,
      "detections": 1909
    },
    "small": {
      "mAP": 0.4274993761124761,
      "mAP50": 0.7215040106880148,
      "mAP75": 0.45143850841579497,
      "mAP_small": null,
      "mAP_medium": 0.3553569166104159,
      "mAP_large": 0.46083034265346934,
      "AR1": 0.3506493506493507,
      "AR10": 0.5766233766233767,
      "AR100": 0.5818181818181818,
      "AR_small": null,
      "AR_medium": 0.51,
      "AR_large": 0.6070175438596491,
      "objects": 77,
      "positive_images": 51,
      "detections": 2577
    },
    "medium": {
      "mAP": 0.38160169614920886,
      "mAP50": 0.6594473508759996,
      "mAP75": 0.38183399905845294,
      "mAP_small": null,
      "mAP_medium": null,
      "mAP_large": 0.3817863237469592,
      "AR1": 0.5585858585858586,
      "AR10": 0.6090909090909091,
      "AR100": 0.6090909090909091,
      "AR_small": null,
      "AR_medium": null,
      "AR_large": 0.6090909090909091,
      "objects": 99,
      "positive_images": 94,
      "detections": 2984
    },
    "large": {
      "mAP": 0.5233936003584498,
      "mAP50": 0.8547767708529481,
      "mAP75": 0.5826043558912835,
      "mAP_small": null,
      "mAP_medium": null,
      "mAP_large": 0.5233946116506263,
      "AR1": 0.6057416267942584,
      "AR10": 0.6177033492822966,
      "AR100": 0.6177033492822966,
      "AR_small": null,
      "AR_medium": null,
      "AR_large": 0.6177033492822966,
      "objects": 209,
      "positive_images": 207,
      "detections": 1225
    }
  },
  "image_level": {
    "positive_images": 352,
    "negative_images": 750,
    "auroc": 0.9816098484848484,
    "average_precision": 0.9665025639302595,
    "fpr_at_target_tpr": {
      "threshold": 0.49188992381095886,
      "tp": 335,
      "fp": 69,
      "tn": 681,
      "fn": 17,
      "tpr": 0.9517045454545454,
      "fpr": 0.092,
      "by_negative_group": {
        "negative_in_domain": {
          "negative_images": 439,
          "false_positive_images": 66,
          "fpr": 0.15034168564920272
        },
        "negative_out_domain": {
          "negative_images": 311,
          "false_positive_images": 3,
          "fpr": 0.00964630225080386
        }
      },
      "target_tpr": 0.95
    },
    "recall_at_fpr": {
      "0.01": {
        "max_fpr": 0.01,
        "threshold": 0.9324629306793213,
        "recall": 0.8238636363636364,
        "fpr": 0.009333333333333334,
        "tp": 290,
        "fp": 7,
        "tn": 743,
        "fn": 62
      },
      "0.05": {
        "max_fpr": 0.05,
        "threshold": 0.7357717752456665,
        "recall": 0.9204545454545454,
        "fpr": 0.04933333333333333,
        "tp": 324,
        "fp": 37,
        "tn": 713,
        "fn": 28
      }
    },
    "fixed_threshold": {
      "threshold": 0.25,
      "tp": 344,
      "fp": 102,
      "tn": 648,
      "fn": 8,
      "tpr": 0.9772727272727273,
      "fpr": 0.136,
      "by_negative_group": {
        "negative_in_domain": {
          "negative_images": 439,
          "false_positive_images": 95,
          "fpr": 0.2164009111617312
        },
        "negative_out_domain": {
          "negative_images": 311,
          "false_positive_images": 7,
          "fpr": 0.022508038585209004
        }
      }
    }
  }
}
