{
  "mAP": 0.6254624316917184,
  "mAP50": 0.9291053814771266,
  "mAP75": 0.7135164868002276,
  "mAP_small": null,
  "mAP_medium": 0.3834937295771024,
  "mAP_large": 0.6460765028312,
  "AR1": 0.6131840796019901,
  "AR10": 0.6970149253731343,
  "AR100": 0.6985074626865672,
  "AR_small": null,
  "AR_medium": 0.5527777777777778,
  "AR_large": 0.7128415300546448,
  "mAP_tiny_rel": 0.25911430065947555,
  "mAP50_tiny_rel": 0.546948290172406,
  "mAP75_tiny_rel": 0.22932076295864878,
  "AR100_tiny_rel": 0.4294117647058823,
  "mAP_small_rel": 0.3801435236200653,
  "mAP50_small_rel": 0.6934885808763349,
  "mAP75_small_rel": 0.39094243306576837,
  "AR100_small_rel": 0.5311688311688311,
  "mAP_medium_rel": 0.5160943709136953,
  "mAP50_medium_rel": 0.7694905654454536,
  "mAP75_medium_rel": 0.6138905666779678,
  "AR100_medium_rel": 0.6494949494949493,
  "mAP_large_rel": 0.6734687348133294,
  "mAP50_large_rel": 0.9271996492254853,
  "mAP75_large_rel": 0.7749307103555954,
  "AR100_large_rel": 0.7421052631578948,
  "mAP_tiny": 0.25911430065947555,
  "image_AUROC": 0.9889962121212121,
  "image_AP": 0.9720206011046187,
  "FPR@95TPR": 0.04533333333333334,
  "threshold@95TPR": 0.5562352538108826,
  "TPR@95TPR": 0.9517045454545454,
  "Recall@FPR=1%": 0.8778409090909091,
  "Recall@FPR=5%": 0.9630681818181818,
  "in_domain_FPR@95TPR": 0.06605922551252848,
  "out_domain_FPR@95TPR": 0.01607717041800643,
  "in_domain_FPR@fixed": 0.11617312072892938,
  "out_domain_FPR@fixed": 0.04180064308681672,
  "split": "val",
  "images": 1102,
  "ground_truth_objects": 402,
  "input_predictions": 8179,
  "detections": 8179,
  "invalid_predictions_dropped": 0,
  "fppi_threshold": 0.25,
  "false_positives_on_negatives": {
    "total_negative_images": 750,
    "total_false_positives": 82,
    "fppi": 0.10933333333333334,
    "by_group": {
      "negative_in_domain": {
        "negative_images": 439,
        "false_positives": 64,
        "fppi": 0.14578587699316628
      },
      "negative_out_domain": {
        "negative_images": 311,
        "false_positives": 18,
        "fppi": 0.05787781350482315
      }
    }
  },
  "predictions_above_fppi_threshold_by_group": {
    "negative_in_domain": 64,
    "negative_out_domain": 18,
    "positive": 480
  },
  "relative_scale_metrics": {
    "tiny": {
      "mAP": 0.25911430065947555,
      "mAP50": 0.546948290172406,
      "mAP75": 0.22932076295864878,
      "mAP_small": null,
      "mAP_medium": 0.2765568570190119,
      "mAP_large": 0.0047619047619047615,
      "AR1": 0.3117647058823529,
      "AR10": 0.4294117647058823,
      "AR100": 0.4294117647058823,
      "AR_small": null,
      "AR_medium": 0.4375,
      "AR_large": 0.3,
      "objects": 17,
      "positive_images": 14,
      "detections": 2079
    },
    "small": {
      "mAP": 0.3801435236200653,
      "mAP50": 0.6934885808763349,
      "mAP75": 0.39094243306576837,
      "mAP_small": null,
      "mAP_medium": 0.31729318841955545,
      "mAP_large": 0.4123384102724461,
      "AR1": 0.31298701298701304,
      "AR10": 0.5311688311688311,
      "AR100": 0.5311688311688311,
      "AR_small": null,
      "AR_medium": 0.49000000000000005,
      "AR_large": 0.5456140350877192,
      "objects": 77,
      "positive_images": 51,
      "detections": 3081
    },
    "medium": {
      "mAP": 0.5160943709136953,
      "mAP50": 0.7694905654454536,
      "mAP75": 0.6138905666779678,
      "mAP_small": null,
      "mAP_medium": null,
      "mAP_large": 0.5169928438490479,
      "AR1": 0.594949494949495,
      "AR10": 0.6494949494949493,
      "AR100": 0.6494949494949493,
      "AR_small": null,
      "AR_medium": null,
      "AR_large": 0.6494949494949493,
      "objects": 99,
      "positive_images": 94,
      "detections": 2147
    },
    "large": {
      "mAP": 0.6734687348133294,
      "mAP50": 0.9271996492254853,
      "mAP75": 0.7749307103555954,
      "mAP_small": null,
      "mAP_medium": null,
      "mAP_large": 0.6734687348133294,
      "AR1": 0.7334928229665072,
      "AR10": 0.7421052631578948,
      "AR100": 0.7421052631578948,
      "AR_small": null,
      "AR_medium": null,
      "AR_large": 0.7421052631578948,
      "objects": 209,
      "positive_images": 207,
      "detections": 872
    }
  },
  "image_level": {
    "positive_images": 352,
    "negative_images": 750,
    "auroc": 0.9889962121212121,
    "average_precision": 0.9720206011046187,
    "fpr_at_target_tpr": {
      "threshold": 0.5562352538108826,
      "tp": 335,
      "fp": 34,
      "tn": 716,
      "fn": 17,
      "tpr": 0.9517045454545454,
      "fpr": 0.04533333333333334,
      "by_negative_group": {
        "negative_in_domain": {
          "negative_images": 439,
          "false_positive_images": 29,
          "fpr": 0.06605922551252848
        },
        "negative_out_domain": {
          "negative_images": 311,
          "false_positive_images": 5,
          "fpr": 0.01607717041800643
        }
      },
      "target_tpr": 0.95
    },
    "recall_at_fpr": {
      "0.01": {
        "max_fpr": 0.01,
        "threshold": 0.9396244287490845,
        "recall": 0.8778409090909091,
        "fpr": 0.009333333333333334,
        "tp": 309,
        "fp": 7,
        "tn": 743,
        "fn": 43
      },
      "0.05": {
        "max_fpr": 0.05,
        "threshold": 0.49148544669151306,
        "recall": 0.9630681818181818,
        "fpr": 0.04933333333333333,
        "tp": 339,
        "fp": 37,
        "tn": 713,
        "fn": 13
      }
    },
    "fixed_threshold": {
      "threshold": 0.25,
      "tp": 343,
      "fp": 64,
      "tn": 686,
      "fn": 9,
      "tpr": 0.9744318181818182,
      "fpr": 0.08533333333333333,
      "by_negative_group": {
        "negative_in_domain": {
          "negative_images": 439,
          "false_positive_images": 51,
          "fpr": 0.11617312072892938
        },
        "negative_out_domain": {
          "negative_images": 311,
          "false_positive_images": 13,
          "fpr": 0.04180064308681672
        }
      }
    }
  }
}
