{
  "mAP": 0.6683610151606086,
  "mAP50": 0.9536266667380495,
  "mAP75": 0.773453648881447,
  "mAP_small": null,
  "mAP_medium": 0.5033627359832129,
  "mAP_large": 0.6826410150371809,
  "AR1": 0.6402985074626866,
  "AR10": 0.7345771144278607,
  "AR100": 0.7355721393034826,
  "AR_small": null,
  "AR_medium": 0.6166666666666666,
  "AR_large": 0.7472677595628415,
  "mAP_tiny_rel": 0.41970449808159666,
  "mAP50_tiny_rel": 0.7673009441412367,
  "mAP75_tiny_rel": 0.44435766558022266,
  "AR100_tiny_rel": 0.5588235294117647,
  "mAP_small_rel": 0.45986239212294444,
  "mAP50_small_rel": 0.7661197836075212,
  "mAP75_small_rel": 0.5305444680226613,
  "AR100_small_rel": 0.5701298701298702,
  "mAP_medium_rel": 0.5370283408073998,
  "mAP50_medium_rel": 0.7978296030058465,
  "mAP75_medium_rel": 0.6080943559256756,
  "AR100_medium_rel": 0.6545454545454545,
  "mAP_large_rel": 0.7073326431921365,
  "mAP50_large_rel": 0.929543036633445,
  "mAP75_large_rel": 0.8338692301642527,
  "AR100_large_rel": 0.775598086124402,
  "mAP_tiny": 0.41970449808159666,
  "image_AUROC": 0.9931704545454545,
  "image_AP": 0.9864957727180734,
  "FPR@95TPR": 0.024,
  "threshold@95TPR": 0.8338133692741394,
  "TPR@95TPR": 0.9517045454545454,
  "Recall@FPR=1%": 0.9289772727272727,
  "Recall@FPR=5%": 0.9772727272727273,
  "in_domain_FPR@95TPR": 0.0387243735763098,
  "out_domain_FPR@95TPR": 0.003215434083601286,
  "in_domain_FPR@fixed": 0.07289293849658314,
  "out_domain_FPR@fixed": 0.022508038585209004,
  "split": "val",
  "images": 1102,
  "ground_truth_objects": 402,
  "input_predictions": 3236,
  "detections": 3236,
  "invalid_predictions_dropped": 0,
  "fppi_threshold": 0.25,
  "false_positives_on_negatives": {
    "total_negative_images": 750,
    "total_false_positives": 46,
    "fppi": 0.06133333333333333,
    "by_group": {
      "negative_in_domain": {
        "negative_images": 439,
        "false_positives": 36,
        "fppi": 0.08200455580865604
      },
      "negative_out_domain": {
        "negative_images": 311,
        "false_positives": 10,
        "fppi": 0.03215434083601286
      }
    }
  },
  "predictions_above_fppi_threshold_by_group": {
    "negative_in_domain": 36,
    "negative_out_domain": 10,
    "positive": 466
  },
  "relative_scale_metrics": {
    "tiny": {
      "mAP": 0.41970449808159666,
      "mAP50": 0.7673009441412367,
      "mAP75": 0.44435766558022266,
      "mAP_small": null,
      "mAP_medium": 0.3985409616756857,
      "mAP_large": 0.7999999999999999,
      "AR1": 0.44117647058823534,
      "AR10": 0.5588235294117647,
      "AR100": 0.5588235294117647,
      "AR_small": null,
      "AR_medium": 0.54375,
      "AR_large": 0.8,
      "objects": 17,
      "positive_images": 14,
      "detections": 410
    },
    "small": {
      "mAP": 0.45986239212294444,
      "mAP50": 0.7661197836075212,
      "mAP75": 0.5305444680226613,
      "mAP_small": null,
      "mAP_medium": 0.3640939052298125,
      "mAP_large": 0.5003473875544279,
      "AR1": 0.3558441558441558,
      "AR10": 0.5701298701298702,
      "AR100": 0.5701298701298702,
      "AR_small": null,
      "AR_medium": 0.495,
      "AR_large": 0.5964912280701755,
      "objects": 77,
      "positive_images": 51,
      "detections": 719
    },
    "medium": {
      "mAP": 0.5370283408073998,
      "mAP50": 0.7978296030058465,
      "mAP75": 0.6080943559256756,
      "mAP_small": null,
      "mAP_medium": null,
      "mAP_large": 0.5371513419758429,
      "AR1": 0.6060606060606062,
      "AR10": 0.6545454545454545,
      "AR100": 0.6545454545454545,
      "AR_small": null,
      "AR_medium": null,
      "AR_large": 0.6545454545454545,
      "objects": 99,
      "positive_images": 94,
      "detections": 1277
    },
    "large": {
      "mAP": 0.7073326431921365,
      "mAP50": 0.929543036633445,
      "mAP75": 0.8338692301642527,
      "mAP_small": null,
      "mAP_medium": null,
      "mAP_large": 0.7073326431921365,
      "AR1": 0.7665071770334928,
      "AR10": 0.775598086124402,
      "AR100": 0.775598086124402,
      "AR_small": null,
      "AR_medium": null,
      "AR_large": 0.775598086124402,
      "objects": 209,
      "positive_images": 207,
      "detections": 830
    }
  },
  "image_level": {
    "positive_images": 352,
    "negative_images": 750,
    "auroc": 0.9931704545454545,
    "average_precision": 0.9864957727180734,
    "fpr_at_target_tpr": {
      "threshold": 0.8338133692741394,
      "tp": 335,
      "fp": 18,
      "tn": 732,
      "fn": 17,
      "tpr": 0.9517045454545454,
      "fpr": 0.024,
      "by_negative_group": {
        "negative_in_domain": {
          "negative_images": 439,
          "false_positive_images": 17,
          "fpr": 0.0387243735763098
        },
        "negative_out_domain": {
          "negative_images": 311,
          "false_positive_images": 1,
          "fpr": 0.003215434083601286
        }
      },
      "target_tpr": 0.95
    },
    "recall_at_fpr": {
      "0.01": {
        "max_fpr": 0.01,
        "threshold": 0.9456123113632202,
        "recall": 0.9289772727272727,
        "fpr": 0.009333333333333334,
        "tp": 327,
        "fp": 7,
        "tn": 743,
        "fn": 25
      },
      "0.05": {
        "max_fpr": 0.05,
        "threshold": 0.29313743114471436,
        "recall": 0.9772727272727273,
        "fpr": 0.04933333333333333,
        "tp": 344,
        "fp": 37,
        "tn": 713,
        "fn": 8
      }
    },
    "fixed_threshold": {
      "threshold": 0.25,
      "tp": 345,
      "fp": 39,
      "tn": 711,
      "fn": 7,
      "tpr": 0.9801136363636364,
      "fpr": 0.052,
      "by_negative_group": {
        "negative_in_domain": {
          "negative_images": 439,
          "false_positive_images": 32,
          "fpr": 0.07289293849658314
        },
        "negative_out_domain": {
          "negative_images": 311,
          "false_positive_images": 7,
          "fpr": 0.022508038585209004
        }
      }
    }
  }
}
