{
  "mAP": 0.6038086717942345,
  "mAP50": 0.93702833687353,
  "mAP75": 0.6925800438207783,
  "mAP_small": null,
  "mAP_medium": 0.3354848398368673,
  "mAP_large": 0.6243608421752187,
  "AR1": 0.5992537313432835,
  "AR10": 0.6845771144278607,
  "AR100": 0.6860696517412935,
  "AR_small": null,
  "AR_medium": 0.5444444444444445,
  "AR_large": 0.7,
  "mAP_tiny_rel": 0.19833772473704223,
  "mAP50_tiny_rel": 0.4899519882499851,
  "mAP75_tiny_rel": 0.1374887488748875,
  "AR100_tiny_rel": 0.36470588235294116,
  "mAP_small_rel": 0.36683722542270003,
  "mAP50_small_rel": 0.7048972367064597,
  "mAP75_small_rel": 0.32448304208261086,
  "AR100_small_rel": 0.5324675324675325,
  "mAP_medium_rel": 0.4977040047522221,
  "mAP50_medium_rel": 0.7812626967736108,
  "mAP75_medium_rel": 0.5446838541638261,
  "AR100_medium_rel": 0.6212121212121212,
  "mAP_large_rel": 0.657864931140709,
  "mAP50_large_rel": 0.9425671451293826,
  "mAP75_large_rel": 0.8019948250496974,
  "AR100_large_rel": 0.7444976076555024,
  "mAP_tiny": 0.19833772473704223,
  "image_AUROC": 0.9908598484848485,
  "image_AP": 0.9796257709023094,
  "FPR@95TPR": 0.024,
  "threshold@95TPR": 0.6735652089118958,
  "TPR@95TPR": 0.9517045454545454,
  "Recall@FPR=1%": 0.8920454545454546,
  "Recall@FPR=5%": 0.96875,
  "in_domain_FPR@95TPR": 0.0387243735763098,
  "out_domain_FPR@95TPR": 0.003215434083601286,
  "in_domain_FPR@fixed": 0.0979498861047836,
  "out_domain_FPR@fixed": 0.022508038585209004,
  "split": "val",
  "images": 1102,
  "ground_truth_objects": 402,
  "input_predictions": 8755,
  "detections": 8755,
  "invalid_predictions_dropped": 0,
  "fppi_threshold": 0.25,
  "false_positives_on_negatives": {
    "total_negative_images": 750,
    "total_false_positives": 64,
    "fppi": 0.08533333333333333,
    "by_group": {
      "negative_in_domain": {
        "negative_images": 439,
        "false_positives": 52,
        "fppi": 0.11845102505694761
      },
      "negative_out_domain": {
        "negative_images": 311,
        "false_positives": 12,
        "fppi": 0.03858520900321544
      }
    }
  },
  "predictions_above_fppi_threshold_by_group": {
    "negative_in_domain": 52,
    "negative_out_domain": 12,
    "positive": 496
  },
  "relative_scale_metrics": {
    "tiny": {
      "mAP": 0.19833772473704223,
      "mAP50": 0.4899519882499851,
      "mAP75": 0.1374887488748875,
      "mAP_small": null,
      "mAP_medium": 0.2084569578177566,
      "mAP_large": 0.15,
      "AR1": 0.24705882352941178,
      "AR10": 0.35882352941176465,
      "AR100": 0.36470588235294116,
      "AR_small": null,
      "AR_medium": 0.36875,
      "AR_large": 0.3,
      "objects": 17,
      "positive_images": 14,
      "detections": 2237
    },
    "small": {
      "mAP": 0.36683722542270003,
      "mAP50": 0.7048972367064597,
      "mAP75": 0.32448304208261086,
      "mAP_small": null,
      "mAP_medium": 0.24609030359607673,
      "mAP_large": 0.41379226202915137,
      "AR1": 0.3025974025974026,
      "AR10": 0.5311688311688312,
      "AR100": 0.5324675324675325,
      "AR_small": null,
      "AR_medium": 0.48,
      "AR_large": 0.5508771929824561,
      "objects": 77,
      "positive_images": 51,
      "detections": 3022
    },
    "medium": {
      "mAP": 0.4977040047522221,
      "mAP50": 0.7812626967736108,
      "mAP75": 0.5446838541638261,
      "mAP_small": null,
      "mAP_medium": null,
      "mAP_large": 0.49799600683826845,
      "AR1": 0.5646464646464646,
      "AR10": 0.6212121212121212,
      "AR100": 0.6212121212121212,
      "AR_small": null,
      "AR_medium": null,
      "AR_large": 0.6212121212121212,
      "objects": 99,
      "positive_images": 94,
      "detections": 2322
    },
    "large": {
      "mAP": 0.657864931140709,
      "mAP50": 0.9425671451293826,
      "mAP75": 0.8019948250496974,
      "mAP_small": null,
      "mAP_medium": null,
      "mAP_large": 0.6578652439037529,
      "AR1": 0.7354066985645933,
      "AR10": 0.7444976076555024,
      "AR100": 0.7444976076555024,
      "AR_small": null,
      "AR_medium": null,
      "AR_large": 0.7444976076555024,
      "objects": 209,
      "positive_images": 207,
      "detections": 1174
    }
  },
  "image_level": {
    "positive_images": 352,
    "negative_images": 750,
    "auroc": 0.9908598484848485,
    "average_precision": 0.9796257709023094,
    "fpr_at_target_tpr": {
      "threshold": 0.6735652089118958,
      "tp": 335,
      "fp": 18,
      "tn": 732,
      "fn": 17,
      "tpr": 0.9517045454545454,
      "fpr": 0.024,
      "by_negative_group": {
        "negative_in_domain": {
          "negative_images": 439,
          "false_positive_images": 17,
          "fpr": 0.0387243735763098
        },
        "negative_out_domain": {
          "negative_images": 311,
          "false_positive_images": 1,
          "fpr": 0.003215434083601286
        }
      },
      "target_tpr": 0.95
    },
    "recall_at_fpr": {
      "0.01": {
        "max_fpr": 0.01,
        "threshold": 0.8933567404747009,
        "recall": 0.8920454545454546,
        "fpr": 0.009333333333333334,
        "tp": 314,
        "fp": 7,
        "tn": 743,
        "fn": 38
      },
      "0.05": {
        "max_fpr": 0.05,
        "threshold": 0.35494813323020935,
        "recall": 0.96875,
        "fpr": 0.04933333333333333,
        "tp": 341,
        "fp": 37,
        "tn": 713,
        "fn": 11
      }
    },
    "fixed_threshold": {
      "threshold": 0.25,
      "tp": 343,
      "fp": 50,
      "tn": 700,
      "fn": 9,
      "tpr": 0.9744318181818182,
      "fpr": 0.06666666666666667,
      "by_negative_group": {
        "negative_in_domain": {
          "negative_images": 439,
          "false_positive_images": 43,
          "fpr": 0.0979498861047836
        },
        "negative_out_domain": {
          "negative_images": 311,
          "false_positive_images": 7,
          "fpr": 0.022508038585209004
        }
      }
    }
  }
}
