{
  "mAP": 0.6698722396117981,
  "mAP50": 0.9588369894127055,
  "mAP75": 0.7593409489735411,
  "mAP_small": null,
  "mAP_medium": 0.5105811018511122,
  "mAP_large": 0.6841993240819413,
  "AR1": 0.6460199004975125,
  "AR10": 0.737313432835821,
  "AR100": 0.737313432835821,
  "AR_small": null,
  "AR_medium": 0.6194444444444444,
  "AR_large": 0.7489071038251367,
  "mAP_tiny_rel": 0.4154684490427065,
  "mAP50_tiny_rel": 0.7384225015908185,
  "mAP75_tiny_rel": 0.42902147357592896,
  "AR100_tiny_rel": 0.5529411764705883,
  "mAP_small_rel": 0.47826033957326214,
  "mAP50_small_rel": 0.7648037958605522,
  "mAP75_small_rel": 0.5001409473123379,
  "AR100_small_rel": 0.5818181818181818,
  "mAP_medium_rel": 0.57935154262123,
  "mAP50_medium_rel": 0.8493679989175295,
  "mAP75_medium_rel": 0.6521123307310671,
  "AR100_medium_rel": 0.6737373737373737,
  "mAP_large_rel": 0.7107185950898032,
  "mAP50_large_rel": 0.9393055923837099,
  "mAP75_large_rel": 0.8349461135455284,
  "AR100_large_rel": 0.7827751196172248,
  "mAP_tiny": 0.4154684490427065,
  "image_AUROC": 0.993814393939394,
  "image_AP": 0.9878608868218078,
  "FPR@95TPR": 0.018666666666666668,
  "threshold@95TPR": 0.8414188623428345,
  "TPR@95TPR": 0.9517045454545454,
  "Recall@FPR=1%": 0.9176136363636364,
  "Recall@FPR=5%": 0.9772727272727273,
  "in_domain_FPR@95TPR": 0.029612756264236904,
  "out_domain_FPR@95TPR": 0.003215434083601286,
  "in_domain_FPR@fixed": 0.08428246013667426,
  "out_domain_FPR@fixed": 0.01929260450160772,
  "split": "val",
  "images": 1102,
  "ground_truth_objects": 402,
  "input_predictions": 3402,
  "detections": 3402,
  "invalid_predictions_dropped": 0,
  "fppi_threshold": 0.25,
  "false_positives_on_negatives": {
    "total_negative_images": 750,
    "total_false_positives": 53,
    "fppi": 0.07066666666666667,
    "by_group": {
      "negative_in_domain": {
        "negative_images": 439,
        "false_positives": 42,
        "fppi": 0.09567198177676538
      },
      "negative_out_domain": {
        "negative_images": 311,
        "false_positives": 11,
        "fppi": 0.03536977491961415
      }
    }
  },
  "predictions_above_fppi_threshold_by_group": {
    "negative_in_domain": 42,
    "negative_out_domain": 11,
    "positive": 472
  },
  "relative_scale_metrics": {
    "tiny": {
      "mAP": 0.4154684490427065,
      "mAP50": 0.7384225015908185,
      "mAP75": 0.42902147357592896,
      "mAP_small": null,
      "mAP_medium": 0.39496593455487483,
      "mAP_large": 0.7999999999999999,
      "AR1": 0.44117647058823534,
      "AR10": 0.5529411764705883,
      "AR100": 0.5529411764705883,
      "AR_small": null,
      "AR_medium": 0.5375,
      "AR_large": 0.8,
      "objects": 17,
      "positive_images": 14,
      "detections": 468
    },
    "small": {
      "mAP": 0.47826033957326214,
      "mAP50": 0.7648037958605522,
      "mAP75": 0.5001409473123379,
      "mAP_small": null,
      "mAP_medium": 0.3640275656116368,
      "mAP_large": 0.5217629961520891,
      "AR1": 0.37012987012987014,
      "AR10": 0.5818181818181818,
      "AR100": 0.5818181818181818,
      "AR_small": null,
      "AR_medium": 0.505,
      "AR_large": 0.6087719298245614,
      "objects": 77,
      "positive_images": 51,
      "detections": 785
    },
    "medium": {
      "mAP": 0.57935154262123,
      "mAP50": 0.8493679989175295,
      "mAP75": 0.6521123307310671,
      "mAP_small": null,
      "mAP_medium": null,
      "mAP_large": 0.5795376617457795,
      "AR1": 0.6161616161616161,
      "AR10": 0.6737373737373737,
      "AR100": 0.6737373737373737,
      "AR_small": null,
      "AR_medium": null,
      "AR_large": 0.6737373737373737,
      "objects": 99,
      "positive_images": 94,
      "detections": 1301
    },
    "large": {
      "mAP": 0.7107185950898032,
      "mAP50": 0.9393055923837099,
      "mAP75": 0.8349461135455284,
      "mAP_small": null,
      "mAP_medium": null,
      "mAP_large": 0.7107185950898032,
      "AR1": 0.7736842105263158,
      "AR10": 0.7827751196172248,
      "AR100": 0.7827751196172248,
      "AR_small": null,
      "AR_medium": null,
      "AR_large": 0.7827751196172248,
      "objects": 209,
      "positive_images": 207,
      "detections": 848
    }
  },
  "image_level": {
    "positive_images": 352,
    "negative_images": 750,
    "auroc": 0.993814393939394,
    "average_precision": 0.9878608868218078,
    "fpr_at_target_tpr": {
      "threshold": 0.8414188623428345,
      "tp": 335,
      "fp": 14,
      "tn": 736,
      "fn": 17,
      "tpr": 0.9517045454545454,
      "fpr": 0.018666666666666668,
      "by_negative_group": {
        "negative_in_domain": {
          "negative_images": 439,
          "false_positive_images": 13,
          "fpr": 0.029612756264236904
        },
        "negative_out_domain": {
          "negative_images": 311,
          "false_positive_images": 1,
          "fpr": 0.003215434083601286
        }
      },
      "target_tpr": 0.95
    },
    "recall_at_fpr": {
      "0.01": {
        "max_fpr": 0.01,
        "threshold": 0.9515174031257629,
        "recall": 0.9176136363636364,
        "fpr": 0.008,
        "tp": 323,
        "fp": 6,
        "tn": 744,
        "fn": 29
      },
      "0.05": {
        "max_fpr": 0.05,
        "threshold": 0.4270007908344269,
        "recall": 0.9772727272727273,
        "fpr": 0.037333333333333336,
        "tp": 344,
        "fp": 28,
        "tn": 722,
        "fn": 8
      }
    },
    "fixed_threshold": {
      "threshold": 0.25,
      "tp": 344,
      "fp": 43,
      "tn": 707,
      "fn": 8,
      "tpr": 0.9772727272727273,
      "fpr": 0.05733333333333333,
      "by_negative_group": {
        "negative_in_domain": {
          "negative_images": 439,
          "false_positive_images": 37,
          "fpr": 0.08428246013667426
        },
        "negative_out_domain": {
          "negative_images": 311,
          "false_positive_images": 6,
          "fpr": 0.01929260450160772
        }
      }
    }
  }
}
