{
  "mAP": 0.5114605836058578,
  "mAP50": 0.8623364787112442,
  "mAP75": 0.5507500921646182,
  "mAP_small": null,
  "mAP_medium": 0.08590484700555544,
  "mAP_large": 0.5459260520488293,
  "AR1": 0.5323383084577115,
  "AR10": 0.6054726368159205,
  "AR100": 0.614676616915423,
  "AR_small": null,
  "AR_medium": 0.36111111111111116,
  "AR_large": 0.6396174863387978,
  "mAP_tiny_rel": 0.023844288930068798,
  "mAP50_tiny_rel": 0.08300292460216101,
  "mAP75_tiny_rel": 0.0049504950495049506,
  "AR100_tiny_rel": 0.24705882352941178,
  "mAP_small_rel": 0.21984794687113723,
  "mAP50_small_rel": 0.49817473899209197,
  "mAP75_small_rel": 0.15196390117754677,
  "AR100_small_rel": 0.4142857142857143,
  "mAP_medium_rel": 0.44268754053826725,
  "mAP50_medium_rel": 0.7316241061244874,
  "mAP75_medium_rel": 0.46366617726197346,
  "AR100_medium_rel": 0.5747474747474748,
  "mAP_large_rel": 0.5975095946402313,
  "mAP50_large_rel": 0.9237917032449491,
  "mAP75_large_rel": 0.7145063250855199,
  "AR100_large_rel": 0.6909090909090909,
  "mAP_tiny": 0.023844288930068798,
  "image_AUROC": 0.9757916666666666,
  "image_AP": 0.9595884539647074,
  "FPR@95TPR": 0.12666666666666668,
  "threshold@95TPR": 0.5039092302322388,
  "TPR@95TPR": 0.9517045454545454,
  "Recall@FPR=1%": 0.71875,
  "Recall@FPR=5%": 0.8863636363636364,
  "in_domain_FPR@95TPR": 0.1867881548974943,
  "out_domain_FPR@95TPR": 0.04180064308681672,
  "in_domain_FPR@fixed": 0.2938496583143508,
  "out_domain_FPR@fixed": 0.0932475884244373,
  "split": "val",
  "images": 1102,
  "ground_truth_objects": 402,
  "input_predictions": 27472,
  "detections": 27472,
  "invalid_predictions_dropped": 0,
  "fppi_threshold": 0.25,
  "false_positives_on_negatives": {
    "total_negative_images": 750,
    "total_false_positives": 229,
    "fppi": 0.30533333333333335,
    "by_group": {
      "negative_in_domain": {
        "negative_images": 439,
        "false_positives": 187,
        "fppi": 0.42596810933940776
      },
      "negative_out_domain": {
        "negative_images": 311,
        "false_positives": 42,
        "fppi": 0.13504823151125403
      }
    }
  },
  "predictions_above_fppi_threshold_by_group": {
    "negative_in_domain": 187,
    "negative_out_domain": 42,
    "positive": 651
  },
  "relative_scale_metrics": {
    "tiny": {
      "mAP": 0.023844288930068798,
      "mAP50": 0.08300292460216101,
      "mAP75": 0.0049504950495049506,
      "mAP_small": null,
      "mAP_medium": 0.03384568131001151,
      "mAP_large": 0.0031496062992125984,
      "AR1": 0.13529411764705884,
      "AR10": 0.2235294117647059,
      "AR100": 0.24705882352941178,
      "AR_small": null,
      "AR_medium": 0.2375,
      "AR_large": 0.4,
      "objects": 17,
      "positive_images": 14,
      "detections": 6528
    },
    "small": {
      "mAP": 0.21984794687113723,
      "mAP50": 0.49817473899209197,
      "mAP75": 0.15196390117754677,
      "mAP_small": null,
      "mAP_medium": 0.0876499502642772,
      "mAP_large": 0.2654704546625475,
      "AR1": 0.24025974025974026,
      "AR10": 0.4116883116883117,
      "AR100": 0.4142857142857143,
      "AR_small": null,
      "AR_medium": 0.315,
      "AR_large": 0.44912280701754376,
      "objects": 77,
      "positive_images": 51,
      "detections": 11956
    },
    "medium": {
      "mAP": 0.44268754053826725,
      "mAP50": 0.7316241061244874,
      "mAP75": 0.46366617726197346,
      "mAP_small": null,
      "mAP_medium": null,
      "mAP_large": 0.44375303167696356,
      "AR1": 0.4949494949494951,
      "AR10": 0.5747474747474748,
      "AR100": 0.5747474747474748,
      "AR_small": null,
      "AR_medium": null,
      "AR_large": 0.5747474747474748,
      "objects": 99,
      "positive_images": 94,
      "detections": 7409
    },
    "large": {
      "mAP": 0.5975095946402313,
      "mAP50": 0.9237917032449491,
      "mAP75": 0.7145063250855199,
      "mAP_small": null,
      "mAP_medium": null,
      "mAP_large": 0.5975095946402313,
      "AR1": 0.6813397129186604,
      "AR10": 0.6909090909090909,
      "AR100": 0.6909090909090909,
      "AR_small": null,
      "AR_medium": null,
      "AR_large": 0.6909090909090909,
      "objects": 209,
      "positive_images": 207,
      "detections": 1579
    }
  },
  "image_level": {
    "positive_images": 352,
    "negative_images": 750,
    "auroc": 0.9757916666666666,
    "average_precision": 0.9595884539647074,
    "fpr_at_target_tpr": {
      "threshold": 0.5039092302322388,
      "tp": 335,
      "fp": 95,
      "tn": 655,
      "fn": 17,
      "tpr": 0.9517045454545454,
      "fpr": 0.12666666666666668,
      "by_negative_group": {
        "negative_in_domain": {
          "negative_images": 439,
          "false_positive_images": 82,
          "fpr": 0.1867881548974943
        },
        "negative_out_domain": {
          "negative_images": 311,
          "false_positive_images": 13,
          "fpr": 0.04180064308681672
        }
      },
      "target_tpr": 0.95
    },
    "recall_at_fpr": {
      "0.01": {
        "max_fpr": 0.01,
        "threshold": 0.9600789546966553,
        "recall": 0.71875,
        "fpr": 0.009333333333333334,
        "tp": 253,
        "fp": 7,
        "tn": 743,
        "fn": 99
      },
      "0.05": {
        "max_fpr": 0.05,
        "threshold": 0.7959688901901245,
        "recall": 0.8863636363636364,
        "fpr": 0.04933333333333333,
        "tp": 312,
        "fp": 37,
        "tn": 713,
        "fn": 40
      }
    },
    "fixed_threshold": {
      "threshold": 0.25,
      "tp": 341,
      "fp": 158,
      "tn": 592,
      "fn": 11,
      "tpr": 0.96875,
      "fpr": 0.21066666666666667,
      "by_negative_group": {
        "negative_in_domain": {
          "negative_images": 439,
          "false_positive_images": 129,
          "fpr": 0.2938496583143508
        },
        "negative_out_domain": {
          "negative_images": 311,
          "false_positive_images": 29,
          "fpr": 0.0932475884244373
        }
      }
    }
  }
}
