{
  "mAP": 0.669525543523557,
  "mAP50": 0.9580591341361556,
  "mAP75": 0.77505953310853,
  "mAP_small": null,
  "mAP_medium": 0.5067051047651077,
  "mAP_large": 0.6839765379342763,
  "AR1": 0.6442786069651741,
  "AR10": 0.7330845771144279,
  "AR100": 0.7348258706467662,
  "AR_small": null,
  "AR_medium": 0.6166666666666666,
  "AR_large": 0.746448087431694,
  "mAP_tiny_rel": 0.40551187438659214,
  "mAP50_tiny_rel": 0.7451723918474922,
  "mAP75_tiny_rel": 0.4225457099485692,
  "AR100_tiny_rel": 0.5588235294117647,
  "mAP_small_rel": 0.4726264565568689,
  "mAP50_small_rel": 0.7686537008478037,
  "mAP75_small_rel": 0.5305940459839512,
  "AR100_small_rel": 0.577922077922078,
  "mAP_medium_rel": 0.5692798426128117,
  "mAP50_medium_rel": 0.830698196891796,
  "mAP75_medium_rel": 0.6470322171955043,
  "AR100_medium_rel": 0.6606060606060605,
  "mAP_large_rel": 0.7173426747525987,
  "mAP50_large_rel": 0.9438598593032933,
  "mAP75_large_rel": 0.855298527384851,
  "AR100_large_rel": 0.7842105263157895,
  "mAP_tiny": 0.40551187438659214,
  "image_AUROC": 0.9933560606060606,
  "image_AP": 0.9870431680214851,
  "FPR@95TPR": 0.025333333333333333,
  "threshold@95TPR": 0.7755473852157593,
  "TPR@95TPR": 0.9517045454545454,
  "Recall@FPR=1%": 0.9261363636363636,
  "Recall@FPR=5%": 0.9801136363636364,
  "in_domain_FPR@95TPR": 0.04100227790432802,
  "out_domain_FPR@95TPR": 0.003215434083601286,
  "in_domain_FPR@fixed": 0.08200455580865604,
  "out_domain_FPR@fixed": 0.01929260450160772,
  "split": "val",
  "images": 1102,
  "ground_truth_objects": 402,
  "input_predictions": 3287,
  "detections": 3287,
  "invalid_predictions_dropped": 0,
  "fppi_threshold": 0.25,
  "false_positives_on_negatives": {
    "total_negative_images": 750,
    "total_false_positives": 53,
    "fppi": 0.07066666666666667,
    "by_group": {
      "negative_in_domain": {
        "negative_images": 439,
        "false_positives": 43,
        "fppi": 0.0979498861047836
      },
      "negative_out_domain": {
        "negative_images": 311,
        "false_positives": 10,
        "fppi": 0.03215434083601286
      }
    }
  },
  "predictions_above_fppi_threshold_by_group": {
    "negative_in_domain": 43,
    "negative_out_domain": 10,
    "positive": 461
  },
  "relative_scale_metrics": {
    "tiny": {
      "mAP": 0.40551187438659214,
      "mAP50": 0.7451723918474922,
      "mAP75": 0.4225457099485692,
      "mAP_small": null,
      "mAP_medium": 0.39652991958234723,
      "mAP_large": 0.7999999999999999,
      "AR1": 0.45294117647058824,
      "AR10": 0.5588235294117647,
      "AR100": 0.5588235294117647,
      "AR_small": null,
      "AR_medium": 0.54375,
      "AR_large": 0.8,
      "objects": 17,
      "positive_images": 14,
      "detections": 422
    },
    "small": {
      "mAP": 0.4726264565568689,
      "mAP50": 0.7686537008478037,
      "mAP75": 0.5305940459839512,
      "mAP_small": null,
      "mAP_medium": 0.36874810699422916,
      "mAP_large": 0.5137684040337803,
      "AR1": 0.3766233766233766,
      "AR10": 0.577922077922078,
      "AR100": 0.577922077922078,
      "AR_small": null,
      "AR_medium": 0.48999999999999994,
      "AR_large": 0.6087719298245614,
      "objects": 77,
      "positive_images": 51,
      "detections": 732
    },
    "medium": {
      "mAP": 0.5692798426128117,
      "mAP50": 0.830698196891796,
      "mAP75": 0.6470322171955043,
      "mAP_small": null,
      "mAP_medium": null,
      "mAP_large": 0.569514089975625,
      "AR1": 0.603030303030303,
      "AR10": 0.6606060606060605,
      "AR100": 0.6606060606060605,
      "AR_small": null,
      "AR_medium": null,
      "AR_large": 0.6606060606060605,
      "objects": 99,
      "positive_images": 94,
      "detections": 1270
    },
    "large": {
      "mAP": 0.7173426747525987,
      "mAP50": 0.9438598593032933,
      "mAP75": 0.855298527384851,
      "mAP_small": null,
      "mAP_medium": null,
      "mAP_large": 0.7173426747525987,
      "AR1": 0.7755980861244018,
      "AR10": 0.7842105263157895,
      "AR100": 0.7842105263157895,
      "AR_small": null,
      "AR_medium": null,
      "AR_large": 0.7842105263157895,
      "objects": 209,
      "positive_images": 207,
      "detections": 863
    }
  },
  "image_level": {
    "positive_images": 352,
    "negative_images": 750,
    "auroc": 0.9933560606060606,
    "average_precision": 0.9870431680214851,
    "fpr_at_target_tpr": {
      "threshold": 0.7755473852157593,
      "tp": 335,
      "fp": 19,
      "tn": 731,
      "fn": 17,
      "tpr": 0.9517045454545454,
      "fpr": 0.025333333333333333,
      "by_negative_group": {
        "negative_in_domain": {
          "negative_images": 439,
          "false_positive_images": 18,
          "fpr": 0.04100227790432802
        },
        "negative_out_domain": {
          "negative_images": 311,
          "false_positive_images": 1,
          "fpr": 0.003215434083601286
        }
      },
      "target_tpr": 0.95
    },
    "recall_at_fpr": {
      "0.01": {
        "max_fpr": 0.01,
        "threshold": 0.9363287687301636,
        "recall": 0.9261363636363636,
        "fpr": 0.009333333333333334,
        "tp": 326,
        "fp": 7,
        "tn": 743,
        "fn": 26
      },
      "0.05": {
        "max_fpr": 0.05,
        "threshold": 0.40750619769096375,
        "recall": 0.9801136363636364,
        "fpr": 0.04133333333333333,
        "tp": 345,
        "fp": 31,
        "tn": 719,
        "fn": 7
      }
    },
    "fixed_threshold": {
      "threshold": 0.25,
      "tp": 345,
      "fp": 42,
      "tn": 708,
      "fn": 7,
      "tpr": 0.9801136363636364,
      "fpr": 0.056,
      "by_negative_group": {
        "negative_in_domain": {
          "negative_images": 439,
          "false_positive_images": 36,
          "fpr": 0.08200455580865604
        },
        "negative_out_domain": {
          "negative_images": 311,
          "false_positive_images": 6,
          "fpr": 0.01929260450160772
        }
      }
    }
  }
}
