{
  "mAP": 0.5600313541082231,
  "mAP50": 0.93382055576591,
  "mAP75": 0.6016805446341292,
  "mAP_small": null,
  "mAP_medium": 0.4264979981011674,
  "mAP_large": 0.5717442680036262,
  "AR1": 0.5582089552238806,
  "AR10": 0.65,
  "AR100": 0.6524875621890548,
  "AR_small": null,
  "AR_medium": 0.5833333333333333,
  "AR_large": 0.6592896174863387,
  "mAP_tiny_rel": 0.29244361820311804,
  "mAP50_tiny_rel": 0.6222584633045244,
  "mAP75_tiny_rel": 0.14802287682184367,
  "AR100_tiny_rel": 0.5705882352941176,
  "mAP_small_rel": 0.41408302620908705,
  "mAP50_small_rel": 0.7360910771529937,
  "mAP75_small_rel": 0.4376560895489782,
  "AR100_small_rel": 0.5623376623376622,
  "mAP_medium_rel": 0.41516212398658137,
  "mAP50_medium_rel": 0.6876751896477955,
  "mAP75_medium_rel": 0.43483361105034474,
  "AR100_medium_rel": 0.598989898989899,
  "mAP_large_rel": 0.5495995935611805,
  "mAP50_large_rel": 0.8828575702887014,
  "mAP75_large_rel": 0.6053950223516279,
  "AR100_large_rel": 0.639712918660287,
  "mAP_tiny": 0.29244361820311804,
  "image_AUROC": 0.9877765151515151,
  "image_AP": 0.9802649154417916,
  "FPR@95TPR": 0.037333333333333336,
  "threshold@95TPR": 0.6777465343475342,
  "TPR@95TPR": 0.9517045454545454,
  "Recall@FPR=1%": 0.8380681818181818,
  "Recall@FPR=5%": 0.9630681818181818,
  "in_domain_FPR@95TPR": 0.06150341685649203,
  "out_domain_FPR@95TPR": 0.003215434083601286,
  "in_domain_FPR@fixed": 0.20045558086560364,
  "out_domain_FPR@fixed": 0.08681672025723473,
  "split": "val",
  "images": 1102,
  "ground_truth_objects": 402,
  "input_predictions": 16600,
  "detections": 16600,
  "invalid_predictions_dropped": 0,
  "fppi_threshold": 0.25,
  "false_positives_on_negatives": {
    "total_negative_images": 750,
    "total_false_positives": 168,
    "fppi": 0.224,
    "by_group": {
      "negative_in_domain": {
        "negative_images": 439,
        "false_positives": 122,
        "fppi": 0.27790432801822323
      },
      "negative_out_domain": {
        "negative_images": 311,
        "false_positives": 46,
        "fppi": 0.14790996784565916
      }
    }
  },
  "predictions_above_fppi_threshold_by_group": {
    "negative_in_domain": 122,
    "negative_out_domain": 46,
    "positive": 647
  },
  "relative_scale_metrics": {
    "tiny": {
      "mAP": 0.29244361820311804,
      "mAP50": 0.6222584633045244,
      "mAP75": 0.14802287682184367,
      "mAP_small": null,
      "mAP_medium": 0.31079700501309887,
      "mAP_large": 0.3166666666666666,
      "AR1": 0.3823529411764706,
      "AR10": 0.5470588235294118,
      "AR100": 0.5705882352941176,
      "AR_small": null,
      "AR_medium": 0.55625,
      "AR_large": 0.8,
      "objects": 17,
      "positive_images": 14,
      "detections": 5043
    },
    "small": {
      "mAP": 0.41408302620908705,
      "mAP50": 0.7360910771529937,
      "mAP75": 0.4376560895489782,
      "mAP_small": null,
      "mAP_medium": 0.3664542244304477,
      "mAP_large": 0.4367864253592046,
      "AR1": 0.35714285714285715,
      "AR10": 0.561038961038961,
      "AR100": 0.5623376623376622,
      "AR_small": null,
      "AR_medium": 0.515,
      "AR_large": 0.5789473684210525,
      "objects": 77,
      "positive_images": 51,
      "detections": 5265
    },
    "medium": {
      "mAP": 0.41516212398658137,
      "mAP50": 0.6876751896477955,
      "mAP75": 0.43483361105034474,
      "mAP_small": null,
      "mAP_medium": null,
      "mAP_large": 0.41577503360966445,
      "AR1": 0.5303030303030304,
      "AR10": 0.598989898989899,
      "AR100": 0.598989898989899,
      "AR_small": null,
      "AR_medium": null,
      "AR_large": 0.598989898989899,
      "objects": 99,
      "positive_images": 94,
      "detections": 4935
    },
    "large": {
      "mAP": 0.5495995935611805,
      "mAP50": 0.8828575702887014,
      "mAP75": 0.6053950223516279,
      "mAP_small": null,
      "mAP_medium": null,
      "mAP_large": 0.5495995935611805,
      "AR1": 0.6267942583732058,
      "AR10": 0.639712918660287,
      "AR100": 0.639712918660287,
      "AR_small": null,
      "AR_medium": null,
      "AR_large": 0.639712918660287,
      "objects": 209,
      "positive_images": 207,
      "detections": 1357
    }
  },
  "image_level": {
    "positive_images": 352,
    "negative_images": 750,
    "auroc": 0.9877765151515151,
    "average_precision": 0.9802649154417916,
    "fpr_at_target_tpr": {
      "threshold": 0.6777465343475342,
      "tp": 335,
      "fp": 28,
      "tn": 722,
      "fn": 17,
      "tpr": 0.9517045454545454,
      "fpr": 0.037333333333333336,
      "by_negative_group": {
        "negative_in_domain": {
          "negative_images": 439,
          "false_positive_images": 27,
          "fpr": 0.06150341685649203
        },
        "negative_out_domain": {
          "negative_images": 311,
          "false_positive_images": 1,
          "fpr": 0.003215434083601286
        }
      },
      "target_tpr": 0.95
    },
    "recall_at_fpr": {
      "0.01": {
        "max_fpr": 0.01,
        "threshold": 0.9263980984687805,
        "recall": 0.8380681818181818,
        "fpr": 0.009333333333333334,
        "tp": 295,
        "fp": 7,
        "tn": 743,
        "fn": 57
      },
      "0.05": {
        "max_fpr": 0.05,
        "threshold": 0.6146708130836487,
        "recall": 0.9630681818181818,
        "fpr": 0.04666666666666667,
        "tp": 339,
        "fp": 35,
        "tn": 715,
        "fn": 13
      }
    },
    "fixed_threshold": {
      "threshold": 0.25,
      "tp": 346,
      "fp": 115,
      "tn": 635,
      "fn": 6,
      "tpr": 0.9829545454545454,
      "fpr": 0.15333333333333332,
      "by_negative_group": {
        "negative_in_domain": {
          "negative_images": 439,
          "false_positive_images": 88,
          "fpr": 0.20045558086560364
        },
        "negative_out_domain": {
          "negative_images": 311,
          "false_positive_images": 27,
          "fpr": 0.08681672025723473
        }
      }
    }
  }
}
