{
  "mAP": 0.3378999199583342,
  "mAP50": 0.7515408972426776,
  "mAP75": 0.22426699491783345,
  "mAP_small": null,
  "mAP_medium": 0.09576842983887644,
  "mAP_large": 0.36024309769247115,
  "AR1": 0.38208955223880603,
  "AR10": 0.4893034825870647,
  "AR100": 0.5044776119402985,
  "AR_small": null,
  "AR_medium": 0.4,
  "AR_large": 0.5147540983606558,
  "mAP_tiny_rel": 0.1775168496961745,
  "mAP50_tiny_rel": 0.5651277614208166,
  "mAP75_tiny_rel": 0.05711706464764124,
  "AR100_tiny_rel": 0.4294117647058823,
  "mAP_small_rel": 0.21152381266302578,
  "mAP50_small_rel": 0.5772603008214254,
  "mAP75_small_rel": 0.0665316321722212,
  "AR100_small_rel": 0.3883116883116883,
  "mAP_medium_rel": 0.30522147105160813,
  "mAP50_medium_rel": 0.5877027296859347,
  "mAP75_medium_rel": 0.27702967648849747,
  "AR100_medium_rel": 0.503030303030303,
  "mAP_large_rel": 0.3763238868290742,
  "mAP50_large_rel": 0.8232260651102858,
  "mAP75_large_rel": 0.27640346480463257,
  "AR100_large_rel": 0.5110047846889951,
  "mAP_tiny": 0.1775168496961745,
  "image_AUROC": 0.9820265151515152,
  "image_AP": 0.9617201282720628,
  "FPR@95TPR": 0.076,
  "threshold@95TPR": 0.4025534689426422,
  "TPR@95TPR": 0.9517045454545454,
  "Recall@FPR=1%": 0.7073863636363636,
  "Recall@FPR=5%": 0.8892045454545454,
  "in_domain_FPR@95TPR": 0.10022779043280182,
  "out_domain_FPR@95TPR": 0.04180064308681672,
  "in_domain_FPR@fixed": 0.1480637813211845,
  "out_domain_FPR@fixed": 0.06430868167202572,
  "split": "val",
  "images": 1102,
  "ground_truth_objects": 402,
  "input_predictions": 60365,
  "detections": 60365,
  "invalid_predictions_dropped": 0,
  "fppi_threshold": 0.25,
  "false_positives_on_negatives": {
    "total_negative_images": 750,
    "total_false_positives": 182,
    "fppi": 0.24266666666666667,
    "by_group": {
      "negative_in_domain": {
        "negative_images": 439,
        "false_positives": 133,
        "fppi": 0.30296127562642367
      },
      "negative_out_domain": {
        "negative_images": 311,
        "false_positives": 49,
        "fppi": 0.15755627009646303
      }
    }
  },
  "predictions_above_fppi_threshold_by_group": {
    "negative_in_domain": 133,
    "negative_out_domain": 49,
    "positive": 1320
  },
  "relative_scale_metrics": {
    "tiny": {
      "mAP": 0.1775168496961745,
      "mAP50": 0.5651277614208166,
      "mAP75": 0.05711706464764124,
      "mAP_small": null,
      "mAP_medium": 0.2031180705934859,
      "mAP_large": 0.05,
      "AR1": 0.28823529411764703,
      "AR10": 0.4,
      "AR100": 0.4294117647058823,
      "AR_small": null,
      "AR_medium": 0.45,
      "AR_large": 0.1,
      "objects": 17,
      "positive_images": 14,
      "detections": 17209
    },
    "small": {
      "mAP": 0.21152381266302578,
      "mAP50": 0.5772603008214254,
      "mAP75": 0.0665316321722212,
      "mAP_small": null,
      "mAP_medium": 0.12927606128130714,
      "mAP_large": 0.246202556068076,
      "AR1": 0.22987012987012986,
      "AR10": 0.37142857142857144,
      "AR100": 0.3883116883116883,
      "AR_small": null,
      "AR_medium": 0.29000000000000004,
      "AR_large": 0.4228070175438597,
      "objects": 77,
      "positive_images": 51,
      "detections": 24942
    },
    "medium": {
      "mAP": 0.30522147105160813,
      "mAP50": 0.5877027296859347,
      "mAP75": 0.27702967648849747,
      "mAP_small": null,
      "mAP_medium": null,
      "mAP_large": 0.3054899447751697,
      "AR1": 0.3939393939393939,
      "AR10": 0.5010101010101009,
      "AR100": 0.503030303030303,
      "AR_small": null,
      "AR_medium": null,
      "AR_large": 0.503030303030303,
      "objects": 99,
      "positive_images": 94,
      "detections": 14466
    },
    "large": {
      "mAP": 0.3763238868290742,
      "mAP50": 0.8232260651102858,
      "mAP75": 0.27640346480463257,
      "mAP_small": null,
      "mAP_medium": null,
      "mAP_large": 0.3763241185958742,
      "AR1": 0.4607655502392345,
      "AR10": 0.5110047846889951,
      "AR100": 0.5110047846889951,
      "AR_small": null,
      "AR_medium": null,
      "AR_large": 0.5110047846889951,
      "objects": 209,
      "positive_images": 207,
      "detections": 3748
    }
  },
  "image_level": {
    "positive_images": 352,
    "negative_images": 750,
    "auroc": 0.9820265151515152,
    "average_precision": 0.9617201282720628,
    "fpr_at_target_tpr": {
      "threshold": 0.4025534689426422,
      "tp": 335,
      "fp": 57,
      "tn": 693,
      "fn": 17,
      "tpr": 0.9517045454545454,
      "fpr": 0.076,
      "by_negative_group": {
        "negative_in_domain": {
          "negative_images": 439,
          "false_positive_images": 44,
          "fpr": 0.10022779043280182
        },
        "negative_out_domain": {
          "negative_images": 311,
          "false_positive_images": 13,
          "fpr": 0.04180064308681672
        }
      },
      "target_tpr": 0.95
    },
    "recall_at_fpr": {
      "0.01": {
        "max_fpr": 0.01,
        "threshold": 0.8324299454689026,
        "recall": 0.7073863636363636,
        "fpr": 0.009333333333333334,
        "tp": 249,
        "fp": 7,
        "tn": 743,
        "fn": 103
      },
      "0.05": {
        "max_fpr": 0.05,
        "threshold": 0.5716489553451538,
        "recall": 0.8892045454545454,
        "fpr": 0.04933333333333333,
        "tp": 313,
        "fp": 37,
        "tn": 713,
        "fn": 39
      }
    },
    "fixed_threshold": {
      "threshold": 0.25,
      "tp": 342,
      "fp": 85,
      "tn": 665,
      "fn": 10,
      "tpr": 0.9715909090909091,
      "fpr": 0.11333333333333333,
      "by_negative_group": {
        "negative_in_domain": {
          "negative_images": 439,
          "false_positive_images": 65,
          "fpr": 0.1480637813211845
        },
        "negative_out_domain": {
          "negative_images": 311,
          "false_positive_images": 20,
          "fpr": 0.06430868167202572
        }
      }
    }
  }
}
