{
  "mAP": 0.38743599295162584,
  "mAP50": 0.7432339700365523,
  "mAP75": 0.3541358489153105,
  "mAP_small": null,
  "mAP_medium": 0.004266364442207322,
  "mAP_large": 0.42364737825682375,
  "AR1": 0.4338308457711443,
  "AR10": 0.49925373134328355,
  "AR100": 0.5196517412935323,
  "AR_small": null,
  "AR_medium": 0.18888888888888886,
  "AR_large": 0.5521857923497268,
  "mAP_tiny_rel": 0.00029934722480534854,
  "mAP50_tiny_rel": 0.0006344849964822968,
  "mAP75_tiny_rel": 0.0,
  "AR100_tiny_rel": 0.06470588235294118,
  "mAP_small_rel": 0.055967633717212854,
  "mAP50_small_rel": 0.16958606492845132,
  "mAP75_small_rel": 0.02331166368424833,
  "AR100_small_rel": 0.2857142857142857,
  "mAP_medium_rel": 0.2898500299058382,
  "mAP50_medium_rel": 0.6123332253515802,
  "mAP75_medium_rel": 0.21939326029733588,
  "AR100_medium_rel": 0.45555555555555555,
  "mAP_large_rel": 0.5094413706552672,
  "mAP50_large_rel": 0.9097371468134202,
  "mAP75_large_rel": 0.5135104519022464,
  "AR100_large_rel": 0.6186602870813396,
  "mAP_tiny": 0.00029934722480534854,
  "image_AUROC": 0.9418181818181818,
  "image_AP": 0.9090335733113208,
  "FPR@95TPR": 0.3333333333333333,
  "threshold@95TPR": 0.1332227885723114,
  "TPR@95TPR": 0.9517045454545454,
  "Recall@FPR=1%": 0.6420454545454546,
  "Recall@FPR=5%": 0.7869318181818182,
  "in_domain_FPR@95TPR": 0.42596810933940776,
  "out_domain_FPR@95TPR": 0.20257234726688103,
  "in_domain_FPR@fixed": 0.28018223234624146,
  "out_domain_FPR@fixed": 0.1189710610932476,
  "split": "val",
  "images": 1102,
  "ground_truth_objects": 402,
  "input_predictions": 37582,
  "detections": 37582,
  "invalid_predictions_dropped": 0,
  "fppi_threshold": 0.25,
  "false_positives_on_negatives": {
    "total_negative_images": 750,
    "total_false_positives": 213,
    "fppi": 0.284,
    "by_group": {
      "negative_in_domain": {
        "negative_images": 439,
        "false_positives": 160,
        "fppi": 0.36446469248291574
      },
      "negative_out_domain": {
        "negative_images": 311,
        "false_positives": 53,
        "fppi": 0.17041800643086816
      }
    }
  },
  "predictions_above_fppi_threshold_by_group": {
    "negative_in_domain": 160,
    "negative_out_domain": 53,
    "positive": 483
  },
  "relative_scale_metrics": {
    "tiny": {
      "mAP": 0.00029934722480534854,
      "mAP50": 0.0006344849964822968,
      "mAP75": 0.0,
      "mAP_small": null,
      "mAP_medium": 0.00047733716710108995,
      "mAP_large": 0.0005649717514124292,
      "AR1": 0.0,
      "AR10": 0.06470588235294118,
      "AR100": 0.06470588235294118,
      "AR_small": null,
      "AR_medium": 0.05,
      "AR_large": 0.3,
      "objects": 17,
      "positive_images": 14,
      "detections": 10922
    },
    "small": {
      "mAP": 0.055967633717212854,
      "mAP50": 0.16958606492845132,
      "mAP75": 0.02331166368424833,
      "mAP_small": null,
      "mAP_medium": 0.009069539413657901,
      "mAP_large": 0.0737937550439834,
      "AR1": 0.10129870129870129,
      "AR10": 0.26103896103896107,
      "AR100": 0.2857142857142857,
      "AR_small": null,
      "AR_medium": 0.275,
      "AR_large": 0.28947368421052627,
      "objects": 77,
      "positive_images": 51,
      "detections": 15762
    },
    "medium": {
      "mAP": 0.2898500299058382,
      "mAP50": 0.6123332253515802,
      "mAP75": 0.21939326029733588,
      "mAP_small": null,
      "mAP_medium": null,
      "mAP_large": 0.2905488187453693,
      "AR1": 0.3777777777777778,
      "AR10": 0.4444444444444445,
      "AR100": 0.45555555555555555,
      "AR_small": null,
      "AR_medium": null,
      "AR_large": 0.45555555555555555,
      "objects": 99,
      "positive_images": 94,
      "detections": 8222
    },
    "large": {
      "mAP": 0.5094413706552672,
      "mAP50": 0.9097371468134202,
      "mAP75": 0.5135104519022464,
      "mAP_small": null,
      "mAP_medium": null,
      "mAP_large": 0.5094414246977642,
      "AR1": 0.6062200956937799,
      "AR10": 0.6186602870813396,
      "AR100": 0.6186602870813396,
      "AR_small": null,
      "AR_medium": null,
      "AR_large": 0.6186602870813396,
      "objects": 209,
      "positive_images": 207,
      "detections": 2676
    }
  },
  "image_level": {
    "positive_images": 352,
    "negative_images": 750,
    "auroc": 0.9418181818181818,
    "average_precision": 0.9090335733113208,
    "fpr_at_target_tpr": {
      "threshold": 0.1332227885723114,
      "tp": 335,
      "fp": 250,
      "tn": 500,
      "fn": 17,
      "tpr": 0.9517045454545454,
      "fpr": 0.3333333333333333,
      "by_negative_group": {
        "negative_in_domain": {
          "negative_images": 439,
          "false_positive_images": 187,
          "fpr": 0.42596810933940776
        },
        "negative_out_domain": {
          "negative_images": 311,
          "false_positive_images": 63,
          "fpr": 0.20257234726688103
        }
      },
      "target_tpr": 0.95
    },
    "recall_at_fpr": {
      "0.01": {
        "max_fpr": 0.01,
        "threshold": 0.9087656140327454,
        "recall": 0.6420454545454546,
        "fpr": 0.009333333333333334,
        "tp": 226,
        "fp": 7,
        "tn": 743,
        "fn": 126
      },
      "0.05": {
        "max_fpr": 0.05,
        "threshold": 0.7480508685112,
        "recall": 0.7869318181818182,
        "fpr": 0.04666666666666667,
        "tp": 277,
        "fp": 35,
        "tn": 715,
        "fn": 75
      }
    },
    "fixed_threshold": {
      "threshold": 0.25,
      "tp": 313,
      "fp": 160,
      "tn": 590,
      "fn": 39,
      "tpr": 0.8892045454545454,
      "fpr": 0.21333333333333335,
      "by_negative_group": {
        "negative_in_domain": {
          "negative_images": 439,
          "false_positive_images": 123,
          "fpr": 0.28018223234624146
        },
        "negative_out_domain": {
          "negative_images": 311,
          "false_positive_images": 37,
          "fpr": 0.1189710610932476
        }
      }
    }
  }
}
