{
  "mAP": 0.6524903002086238,
  "mAP50": 0.9425565142548463,
  "mAP75": 0.7461486445178934,
  "mAP_small": null,
  "mAP_medium": 0.4674803476534073,
  "mAP_large": 0.6699070826450655,
  "AR1": 0.641044776119403,
  "AR10": 0.7313432835820897,
  "AR100": 0.7318407960199005,
  "AR_small": null,
  "AR_medium": 0.5916666666666667,
  "AR_large": 0.7456284153005465,
  "mAP_tiny_rel": 0.33462752366728826,
  "mAP50_tiny_rel": 0.6653327738846461,
  "mAP75_tiny_rel": 0.3541671200087041,
  "AR100_tiny_rel": 0.5,
  "mAP_small_rel": 0.43785311090358314,
  "mAP50_small_rel": 0.7313843374809534,
  "mAP75_small_rel": 0.4810006153449273,
  "AR100_small_rel": 0.5948051948051949,
  "mAP_medium_rel": 0.5679191628636368,
  "mAP50_medium_rel": 0.8202331487910043,
  "mAP75_medium_rel": 0.660540744054223,
  "AR100_medium_rel": 0.6636363636363637,
  "mAP_large_rel": 0.7022842934759808,
  "mAP50_large_rel": 0.9405440321148831,
  "mAP75_large_rel": 0.8187634632867633,
  "AR100_large_rel": 0.778468899521531,
  "mAP_tiny": 0.33462752366728826,
  "image_AUROC": 0.9822765151515152,
  "image_AP": 0.9712116318987606,
  "FPR@95TPR": 0.07066666666666667,
  "threshold@95TPR": 0.9615622758865356,
  "TPR@95TPR": 0.9517045454545454,
  "Recall@FPR=1%": 0.7869318181818182,
  "Recall@FPR=5%": 0.9431818181818182,
  "in_domain_FPR@95TPR": 0.07289293849658314,
  "out_domain_FPR@95TPR": 0.06752411575562701,
  "in_domain_FPR@fixed": 0.4191343963553531,
  "out_domain_FPR@fixed": 0.42443729903536975,
  "split": "val",
  "images": 1102,
  "ground_truth_objects": 402,
  "input_predictions": 8428,
  "detections": 8428,
  "invalid_predictions_dropped": 0,
  "fppi_threshold": 0.25,
  "false_positives_on_negatives": {
    "total_negative_images": 750,
    "total_false_positives": 479,
    "fppi": 0.6386666666666667,
    "by_group": {
      "negative_in_domain": {
        "negative_images": 439,
        "false_positives": 258,
        "fppi": 0.5876993166287016
      },
      "negative_out_domain": {
        "negative_images": 311,
        "false_positives": 221,
        "fppi": 0.7106109324758842
      }
    }
  },
  "predictions_above_fppi_threshold_by_group": {
    "negative_in_domain": 258,
    "negative_out_domain": 221,
    "positive": 504
  },
  "relative_scale_metrics": {
    "tiny": {
      "mAP": 0.33462752366728826,
      "mAP50": 0.6653327738846461,
      "mAP75": 0.3541671200087041,
      "mAP_small": null,
      "mAP_medium": 0.3242590413316887,
      "mAP_large": 0.7999999999999999,
      "AR1": 0.3823529411764707,
      "AR10": 0.5,
      "AR100": 0.5,
      "AR_small": null,
      "AR_medium": 0.48125,
      "AR_large": 0.8,
      "objects": 17,
      "positive_images": 14,
      "detections": 2115
    },
    "small": {
      "mAP": 0.43785311090358314,
      "mAP50": 0.7313843374809534,
      "mAP75": 0.4810006153449273,
      "mAP_small": null,
      "mAP_medium": 0.342854136613948,
      "mAP_large": 0.4769184805555077,
      "AR1": 0.38051948051948054,
      "AR10": 0.5948051948051949,
      "AR100": 0.5948051948051949,
      "AR_small": null,
      "AR_medium": 0.52,
      "AR_large": 0.6210526315789473,
      "objects": 77,
      "positive_images": 51,
      "detections": 1672
    },
    "medium": {
      "mAP": 0.5679191628636368,
      "mAP50": 0.8202331487910043,
      "mAP75": 0.660540744054223,
      "mAP_small": null,
      "mAP_medium": null,
      "mAP_large": 0.5681314197890855,
      "AR1": 0.6030303030303031,
      "AR10": 0.6636363636363637,
      "AR100": 0.6636363636363637,
      "AR_small": null,
      "AR_medium": null,
      "AR_large": 0.6636363636363637,
      "objects": 99,
      "positive_images": 94,
      "detections": 2785
    },
    "large": {
      "mAP": 0.7022842934759808,
      "mAP50": 0.9405440321148831,
      "mAP75": 0.8187634632867633,
      "mAP_small": null,
      "mAP_medium": null,
      "mAP_large": 0.7022842934759808,
      "AR1": 0.770334928229665,
      "AR10": 0.778468899521531,
      "AR100": 0.778468899521531,
      "AR_small": null,
      "AR_medium": null,
      "AR_large": 0.778468899521531,
      "objects": 209,
      "positive_images": 207,
      "detections": 1856
    }
  },
  "image_level": {
    "positive_images": 352,
    "negative_images": 750,
    "auroc": 0.9822765151515152,
    "average_precision": 0.9712116318987606,
    "fpr_at_target_tpr": {
      "threshold": 0.9615622758865356,
      "tp": 335,
      "fp": 53,
      "tn": 697,
      "fn": 17,
      "tpr": 0.9517045454545454,
      "fpr": 0.07066666666666667,
      "by_negative_group": {
        "negative_in_domain": {
          "negative_images": 439,
          "false_positive_images": 32,
          "fpr": 0.07289293849658314
        },
        "negative_out_domain": {
          "negative_images": 311,
          "false_positive_images": 21,
          "fpr": 0.06752411575562701
        }
      },
      "target_tpr": 0.95
    },
    "recall_at_fpr": {
      "0.01": {
        "max_fpr": 0.01,
        "threshold": 0.9957525730133057,
        "recall": 0.7869318181818182,
        "fpr": 0.009333333333333334,
        "tp": 277,
        "fp": 7,
        "tn": 743,
        "fn": 75
      },
      "0.05": {
        "max_fpr": 0.05,
        "threshold": 0.9770431518554688,
        "recall": 0.9431818181818182,
        "fpr": 0.036,
        "tp": 332,
        "fp": 27,
        "tn": 723,
        "fn": 20
      }
    },
    "fixed_threshold": {
      "threshold": 0.25,
      "tp": 349,
      "fp": 316,
      "tn": 434,
      "fn": 3,
      "tpr": 0.9914772727272727,
      "fpr": 0.42133333333333334,
      "by_negative_group": {
        "negative_in_domain": {
          "negative_images": 439,
          "false_positive_images": 184,
          "fpr": 0.4191343963553531
        },
        "negative_out_domain": {
          "negative_images": 311,
          "false_positive_images": 132,
          "fpr": 0.42443729903536975
        }
      }
    }
  }
}
