{
  "mAP": 0.6674139112179344,
  "mAP50": 0.9563927308044103,
  "mAP75": 0.7664389405372243,
  "mAP_small": null,
  "mAP_medium": 0.4999998460372021,
  "mAP_large": 0.6815934709040915,
  "AR1": 0.6393034825870647,
  "AR10": 0.7330845771144279,
  "AR100": 0.7343283582089553,
  "AR_small": null,
  "AR_medium": 0.6222222222222221,
  "AR_large": 0.7453551912568306,
  "mAP_tiny_rel": 0.4650404164148666,
  "mAP50_tiny_rel": 0.8255627332243208,
  "mAP75_tiny_rel": 0.4964546857162497,
  "AR100_tiny_rel": 0.5941176470588234,
  "mAP_small_rel": 0.4673504619751658,
  "mAP50_small_rel": 0.77702873634949,
  "mAP75_small_rel": 0.5114232323490877,
  "AR100_small_rel": 0.5675324675324676,
  "mAP_medium_rel": 0.5507288192806408,
  "mAP50_medium_rel": 0.8145544368453946,
  "mAP75_medium_rel": 0.6272636744049872,
  "AR100_medium_rel": 0.6808080808080808,
  "mAP_large_rel": 0.7052680904332129,
  "mAP50_large_rel": 0.9328274722005633,
  "mAP75_large_rel": 0.8330533024792183,
  "AR100_large_rel": 0.7708133971291865,
  "mAP_tiny": 0.4650404164148666,
  "image_AUROC": 0.9917935606060606,
  "image_AP": 0.9847798568779378,
  "FPR@95TPR": 0.02666666666666667,
  "threshold@95TPR": 0.754195511341095,
  "TPR@95TPR": 0.9517045454545454,
  "Recall@FPR=1%": 0.9289772727272727,
  "Recall@FPR=5%": 0.9801136363636364,
  "in_domain_FPR@95TPR": 0.04328018223234624,
  "out_domain_FPR@95TPR": 0.003215434083601286,
  "in_domain_FPR@fixed": 0.07517084282460136,
  "out_domain_FPR@fixed": 0.022508038585209004,
  "split": "val",
  "images": 1102,
  "ground_truth_objects": 402,
  "input_predictions": 3289,
  "detections": 3289,
  "invalid_predictions_dropped": 0,
  "fppi_threshold": 0.25,
  "false_positives_on_negatives": {
    "total_negative_images": 750,
    "total_false_positives": 49,
    "fppi": 0.06533333333333333,
    "by_group": {
      "negative_in_domain": {
        "negative_images": 439,
        "false_positives": 38,
        "fppi": 0.08656036446469248
      },
      "negative_out_domain": {
        "negative_images": 311,
        "false_positives": 11,
        "fppi": 0.03536977491961415
      }
    }
  },
  "predictions_above_fppi_threshold_by_group": {
    "negative_in_domain": 38,
    "negative_out_domain": 11,
    "positive": 458
  },
  "relative_scale_metrics": {
    "tiny": {
      "mAP": 0.4650404164148666,
      "mAP50": 0.8255627332243208,
      "mAP75": 0.4964546857162497,
      "mAP_small": null,
      "mAP_medium": 0.4521315980984006,
      "mAP_large": 0.7999999999999999,
      "AR1": 0.49411764705882355,
      "AR10": 0.5941176470588234,
      "AR100": 0.5941176470588234,
      "AR_small": null,
      "AR_medium": 0.58125,
      "AR_large": 0.8,
      "objects": 17,
      "positive_images": 14,
      "detections": 439
    },
    "small": {
      "mAP": 0.4673504619751658,
      "mAP50": 0.77702873634949,
      "mAP75": 0.5114232323490877,
      "mAP_small": null,
      "mAP_medium": 0.36845114429519626,
      "mAP_large": 0.5090183814215188,
      "AR1": 0.3532467532467532,
      "AR10": 0.5675324675324676,
      "AR100": 0.5675324675324676,
      "AR_small": null,
      "AR_medium": 0.47000000000000003,
      "AR_large": 0.6017543859649123,
      "objects": 77,
      "positive_images": 51,
      "detections": 740
    },
    "medium": {
      "mAP": 0.5507288192806408,
      "mAP50": 0.8145544368453946,
      "mAP75": 0.6272636744049872,
      "mAP_small": null,
      "mAP_medium": null,
      "mAP_large": 0.5510216928552943,
      "AR1": 0.6202020202020202,
      "AR10": 0.6808080808080808,
      "AR100": 0.6808080808080808,
      "AR_small": null,
      "AR_medium": null,
      "AR_large": 0.6808080808080808,
      "objects": 99,
      "positive_images": 94,
      "detections": 1277
    },
    "large": {
      "mAP": 0.7052680904332129,
      "mAP50": 0.9328274722005633,
      "mAP75": 0.8330533024792183,
      "mAP_small": null,
      "mAP_medium": null,
      "mAP_large": 0.7052680904332129,
      "AR1": 0.7593301435406699,
      "AR10": 0.7708133971291865,
      "AR100": 0.7708133971291865,
      "AR_small": null,
      "AR_medium": null,
      "AR_large": 0.7708133971291865,
      "objects": 209,
      "positive_images": 207,
      "detections": 833
    }
  },
  "image_level": {
    "positive_images": 352,
    "negative_images": 750,
    "auroc": 0.9917935606060606,
    "average_precision": 0.9847798568779378,
    "fpr_at_target_tpr": {
      "threshold": 0.754195511341095,
      "tp": 335,
      "fp": 20,
      "tn": 730,
      "fn": 17,
      "tpr": 0.9517045454545454,
      "fpr": 0.02666666666666667,
      "by_negative_group": {
        "negative_in_domain": {
          "negative_images": 439,
          "false_positive_images": 19,
          "fpr": 0.04328018223234624
        },
        "negative_out_domain": {
          "negative_images": 311,
          "false_positive_images": 1,
          "fpr": 0.003215434083601286
        }
      },
      "target_tpr": 0.95
    },
    "recall_at_fpr": {
      "0.01": {
        "max_fpr": 0.01,
        "threshold": 0.9360980987548828,
        "recall": 0.9289772727272727,
        "fpr": 0.009333333333333334,
        "tp": 327,
        "fp": 7,
        "tn": 743,
        "fn": 25
      },
      "0.05": {
        "max_fpr": 0.05,
        "threshold": 0.2950669527053833,
        "recall": 0.9801136363636364,
        "fpr": 0.04933333333333333,
        "tp": 345,
        "fp": 37,
        "tn": 713,
        "fn": 7
      }
    },
    "fixed_threshold": {
      "threshold": 0.25,
      "tp": 345,
      "fp": 40,
      "tn": 710,
      "fn": 7,
      "tpr": 0.9801136363636364,
      "fpr": 0.05333333333333334,
      "by_negative_group": {
        "negative_in_domain": {
          "negative_images": 439,
          "false_positive_images": 33,
          "fpr": 0.07517084282460136
        },
        "negative_out_domain": {
          "negative_images": 311,
          "false_positive_images": 7,
          "fpr": 0.022508038585209004
        }
      }
    }
  }
}
