{
  "mAP": 0.6579319395939119,
  "mAP50": 0.9583338715530428,
  "mAP75": 0.7510038881460426,
  "mAP_small": null,
  "mAP_medium": 0.49996755214985783,
  "mAP_large": 0.6717006590492981,
  "AR1": 0.6375621890547263,
  "AR10": 0.7278606965174129,
  "AR100": 0.7278606965174129,
  "AR_small": null,
  "AR_medium": 0.6138888888888888,
  "AR_large": 0.7390710382513662,
  "mAP_tiny_rel": 0.45525518162675993,
  "mAP50_tiny_rel": 0.8044705149247953,
  "mAP75_tiny_rel": 0.4835580843152188,
  "AR100_tiny_rel": 0.5999999999999999,
  "mAP_small_rel": 0.4809401874366072,
  "mAP50_small_rel": 0.7826762413790653,
  "mAP75_small_rel": 0.5389780731749321,
  "AR100_small_rel": 0.5857142857142857,
  "mAP_medium_rel": 0.5516205984014793,
  "mAP50_medium_rel": 0.8361232562794974,
  "mAP75_medium_rel": 0.5990389990454079,
  "AR100_medium_rel": 0.6686868686868688,
  "mAP_large_rel": 0.6992044537609686,
  "mAP50_large_rel": 0.9463688447719751,
  "mAP75_large_rel": 0.8300223017050921,
  "AR100_large_rel": 0.7655502392344498,
  "mAP_tiny": 0.45525518162675993,
  "image_AUROC": 0.9938181818181818,
  "image_AP": 0.9878012320657765,
  "FPR@95TPR": 0.021333333333333333,
  "threshold@95TPR": 0.8581304550170898,
  "TPR@95TPR": 0.9517045454545454,
  "Recall@FPR=1%": 0.9176136363636364,
  "Recall@FPR=5%": 0.9772727272727273,
  "in_domain_FPR@95TPR": 0.03416856492027335,
  "out_domain_FPR@95TPR": 0.003215434083601286,
  "in_domain_FPR@fixed": 0.0979498861047836,
  "out_domain_FPR@fixed": 0.02572347266881029,
  "split": "val",
  "images": 1102,
  "ground_truth_objects": 402,
  "input_predictions": 3833,
  "detections": 3833,
  "invalid_predictions_dropped": 0,
  "fppi_threshold": 0.25,
  "false_positives_on_negatives": {
    "total_negative_images": 750,
    "total_false_positives": 62,
    "fppi": 0.08266666666666667,
    "by_group": {
      "negative_in_domain": {
        "negative_images": 439,
        "false_positives": 50,
        "fppi": 0.11389521640091116
      },
      "negative_out_domain": {
        "negative_images": 311,
        "false_positives": 12,
        "fppi": 0.03858520900321544
      }
    }
  },
  "predictions_above_fppi_threshold_by_group": {
    "negative_in_domain": 50,
    "negative_out_domain": 12,
    "positive": 483
  },
  "relative_scale_metrics": {
    "tiny": {
      "mAP": 0.45525518162675993,
      "mAP50": 0.8044705149247953,
      "mAP75": 0.4835580843152188,
      "mAP_small": null,
      "mAP_medium": 0.4370338116807633,
      "mAP_large": 0.7999999999999999,
      "AR1": 0.49411764705882355,
      "AR10": 0.5999999999999999,
      "AR100": 0.5999999999999999,
      "AR_small": null,
      "AR_medium": 0.5875,
      "AR_large": 0.8,
      "objects": 17,
      "positive_images": 14,
      "detections": 578
    },
    "small": {
      "mAP": 0.4809401874366072,
      "mAP50": 0.7826762413790653,
      "mAP75": 0.5389780731749321,
      "mAP_small": null,
      "mAP_medium": 0.3854054544279312,
      "mAP_large": 0.5164358373977637,
      "AR1": 0.3688311688311688,
      "AR10": 0.5857142857142857,
      "AR100": 0.5857142857142857,
      "AR_small": null,
      "AR_medium": 0.495,
      "AR_large": 0.6175438596491227,
      "objects": 77,
      "positive_images": 51,
      "detections": 845
    },
    "medium": {
      "mAP": 0.5516205984014793,
      "mAP50": 0.8361232562794974,
      "mAP75": 0.5990389990454079,
      "mAP_small": null,
      "mAP_medium": null,
      "mAP_large": 0.5518482614141748,
      "AR1": 0.6151515151515151,
      "AR10": 0.6686868686868688,
      "AR100": 0.6686868686868688,
      "AR_small": null,
      "AR_medium": null,
      "AR_large": 0.6686868686868688,
      "objects": 99,
      "positive_images": 94,
      "detections": 1454
    },
    "large": {
      "mAP": 0.6992044537609686,
      "mAP50": 0.9463688447719751,
      "mAP75": 0.8300223017050921,
      "mAP_small": null,
      "mAP_medium": null,
      "mAP_large": 0.6992049165180754,
      "AR1": 0.7574162679425838,
      "AR10": 0.7655502392344498,
      "AR100": 0.7655502392344498,
      "AR_small": null,
      "AR_medium": null,
      "AR_large": 0.7655502392344498,
      "objects": 209,
      "positive_images": 207,
      "detections": 956
    }
  },
  "image_level": {
    "positive_images": 352,
    "negative_images": 750,
    "auroc": 0.9938181818181818,
    "average_precision": 0.9878012320657765,
    "fpr_at_target_tpr": {
      "threshold": 0.8581304550170898,
      "tp": 335,
      "fp": 16,
      "tn": 734,
      "fn": 17,
      "tpr": 0.9517045454545454,
      "fpr": 0.021333333333333333,
      "by_negative_group": {
        "negative_in_domain": {
          "negative_images": 439,
          "false_positive_images": 15,
          "fpr": 0.03416856492027335
        },
        "negative_out_domain": {
          "negative_images": 311,
          "false_positive_images": 1,
          "fpr": 0.003215434083601286
        }
      },
      "target_tpr": 0.95
    },
    "recall_at_fpr": {
      "0.01": {
        "max_fpr": 0.01,
        "threshold": 0.9569165706634521,
        "recall": 0.9176136363636364,
        "fpr": 0.009333333333333334,
        "tp": 323,
        "fp": 7,
        "tn": 743,
        "fn": 29
      },
      "0.05": {
        "max_fpr": 0.05,
        "threshold": 0.4360538721084595,
        "recall": 0.9772727272727273,
        "fpr": 0.04933333333333333,
        "tp": 344,
        "fp": 37,
        "tn": 713,
        "fn": 8
      }
    },
    "fixed_threshold": {
      "threshold": 0.25,
      "tp": 346,
      "fp": 51,
      "tn": 699,
      "fn": 6,
      "tpr": 0.9829545454545454,
      "fpr": 0.068,
      "by_negative_group": {
        "negative_in_domain": {
          "negative_images": 439,
          "false_positive_images": 43,
          "fpr": 0.0979498861047836
        },
        "negative_out_domain": {
          "negative_images": 311,
          "false_positive_images": 8,
          "fpr": 0.02572347266881029
        }
      }
    }
  }
}
