{
  "mAP": 0.6622604216982286,
  "mAP50": 0.9570377921419663,
  "mAP75": 0.7663808872295084,
  "mAP_small": null,
  "mAP_medium": 0.500688208369887,
  "mAP_large": 0.6771614674333859,
  "AR1": 0.6353233830845771,
  "AR10": 0.731094527363184,
  "AR100": 0.731094527363184,
  "AR_small": null,
  "AR_medium": 0.6138888888888888,
  "AR_large": 0.742622950819672,
  "mAP_tiny_rel": 0.4252438265756089,
  "mAP50_tiny_rel": 0.7624256305733693,
  "mAP75_tiny_rel": 0.444012258368694,
  "AR100_tiny_rel": 0.5647058823529412,
  "mAP_small_rel": 0.46320645071302347,
  "mAP50_small_rel": 0.7664243716855298,
  "mAP75_small_rel": 0.5009532308539403,
  "AR100_small_rel": 0.5792207792207792,
  "mAP_medium_rel": 0.5682549835389954,
  "mAP50_medium_rel": 0.8300178928354307,
  "mAP75_medium_rel": 0.6338939474917851,
  "AR100_medium_rel": 0.6585858585858586,
  "mAP_large_rel": 0.7035585388928794,
  "mAP50_large_rel": 0.9436063234450142,
  "mAP75_large_rel": 0.837550346057364,
  "AR100_large_rel": 0.7751196172248803,
  "mAP_tiny": 0.4252438265756089,
  "image_AUROC": 0.993185606060606,
  "image_AP": 0.9869416466882726,
  "FPR@95TPR": 0.021333333333333333,
  "threshold@95TPR": 0.7827229499816895,
  "TPR@95TPR": 0.9517045454545454,
  "Recall@FPR=1%": 0.9289772727272727,
  "Recall@FPR=5%": 0.9801136363636364,
  "in_domain_FPR@95TPR": 0.03416856492027335,
  "out_domain_FPR@95TPR": 0.003215434083601286,
  "in_domain_FPR@fixed": 0.0888382687927107,
  "out_domain_FPR@fixed": 0.028938906752411574,
  "split": "val",
  "images": 1102,
  "ground_truth_objects": 402,
  "input_predictions": 4005,
  "detections": 4005,
  "invalid_predictions_dropped": 0,
  "fppi_threshold": 0.25,
  "false_positives_on_negatives": {
    "total_negative_images": 750,
    "total_false_positives": 58,
    "fppi": 0.07733333333333334,
    "by_group": {
      "negative_in_domain": {
        "negative_images": 439,
        "false_positives": 45,
        "fppi": 0.10250569476082004
      },
      "negative_out_domain": {
        "negative_images": 311,
        "false_positives": 13,
        "fppi": 0.04180064308681672
      }
    }
  },
  "predictions_above_fppi_threshold_by_group": {
    "negative_in_domain": 45,
    "negative_out_domain": 13,
    "positive": 481
  },
  "relative_scale_metrics": {
    "tiny": {
      "mAP": 0.4252438265756089,
      "mAP50": 0.7624256305733693,
      "mAP75": 0.444012258368694,
      "mAP_small": null,
      "mAP_medium": 0.4069739775594774,
      "mAP_large": 0.7999999999999999,
      "AR1": 0.46470588235294114,
      "AR10": 0.5647058823529412,
      "AR100": 0.5647058823529412,
      "AR_small": null,
      "AR_medium": 0.55,
      "AR_large": 0.8,
      "objects": 17,
      "positive_images": 14,
      "detections": 670
    },
    "small": {
      "mAP": 0.46320645071302347,
      "mAP50": 0.7664243716855298,
      "mAP75": 0.5009532308539403,
      "mAP_small": null,
      "mAP_medium": 0.35557809829164233,
      "mAP_large": 0.5092836502032678,
      "AR1": 0.3571428571428571,
      "AR10": 0.5792207792207792,
      "AR100": 0.5792207792207792,
      "AR_small": null,
      "AR_medium": 0.495,
      "AR_large": 0.6087719298245614,
      "objects": 77,
      "positive_images": 51,
      "detections": 969
    },
    "medium": {
      "mAP": 0.5682549835389954,
      "mAP50": 0.8300178928354307,
      "mAP75": 0.6338939474917851,
      "mAP_small": null,
      "mAP_medium": null,
      "mAP_large": 0.5684388451994182,
      "AR1": 0.6060606060606062,
      "AR10": 0.6585858585858586,
      "AR100": 0.6585858585858586,
      "AR_small": null,
      "AR_medium": null,
      "AR_large": 0.6585858585858586,
      "objects": 99,
      "positive_images": 94,
      "detections": 1469
    },
    "large": {
      "mAP": 0.7035585388928794,
      "mAP50": 0.9436063234450142,
      "mAP75": 0.837550346057364,
      "mAP_small": null,
      "mAP_medium": null,
      "mAP_large": 0.7035588753295567,
      "AR1": 0.7617224880382775,
      "AR10": 0.7751196172248803,
      "AR100": 0.7751196172248803,
      "AR_small": null,
      "AR_medium": null,
      "AR_large": 0.7751196172248803,
      "objects": 209,
      "positive_images": 207,
      "detections": 897
    }
  },
  "image_level": {
    "positive_images": 352,
    "negative_images": 750,
    "auroc": 0.993185606060606,
    "average_precision": 0.9869416466882726,
    "fpr_at_target_tpr": {
      "threshold": 0.7827229499816895,
      "tp": 335,
      "fp": 16,
      "tn": 734,
      "fn": 17,
      "tpr": 0.9517045454545454,
      "fpr": 0.021333333333333333,
      "by_negative_group": {
        "negative_in_domain": {
          "negative_images": 439,
          "false_positive_images": 15,
          "fpr": 0.03416856492027335
        },
        "negative_out_domain": {
          "negative_images": 311,
          "false_positive_images": 1,
          "fpr": 0.003215434083601286
        }
      },
      "target_tpr": 0.95
    },
    "recall_at_fpr": {
      "0.01": {
        "max_fpr": 0.01,
        "threshold": 0.9343703389167786,
        "recall": 0.9289772727272727,
        "fpr": 0.006666666666666667,
        "tp": 327,
        "fp": 5,
        "tn": 745,
        "fn": 25
      },
      "0.05": {
        "max_fpr": 0.05,
        "threshold": 0.3342330753803253,
        "recall": 0.9801136363636364,
        "fpr": 0.048,
        "tp": 345,
        "fp": 36,
        "tn": 714,
        "fn": 7
      }
    },
    "fixed_threshold": {
      "threshold": 0.25,
      "tp": 345,
      "fp": 48,
      "tn": 702,
      "fn": 7,
      "tpr": 0.9801136363636364,
      "fpr": 0.064,
      "by_negative_group": {
        "negative_in_domain": {
          "negative_images": 439,
          "false_positive_images": 39,
          "fpr": 0.0888382687927107
        },
        "negative_out_domain": {
          "negative_images": 311,
          "false_positive_images": 9,
          "fpr": 0.028938906752411574
        }
      }
    }
  }
}
