{
  "mAP": 0.6240578656101332,
  "mAP50": 0.9282016805929212,
  "mAP75": 0.713463598753249,
  "mAP_small": null,
  "mAP_medium": 0.37807228544335136,
  "mAP_large": 0.6457659845111829,
  "AR1": 0.6131840796019901,
  "AR10": 0.6975124378109452,
  "AR100": 0.6990049751243781,
  "AR_small": null,
  "AR_medium": 0.5416666666666666,
  "AR_large": 0.71448087431694,
  "mAP_tiny_rel": 0.2506829283270531,
  "mAP50_tiny_rel": 0.5490096958011149,
  "mAP75_tiny_rel": 0.18526285369653717,
  "AR100_tiny_rel": 0.41764705882352937,
  "mAP_small_rel": 0.38911197561843447,
  "mAP50_small_rel": 0.689743116583124,
  "mAP75_small_rel": 0.39181565647758154,
  "AR100_small_rel": 0.538961038961039,
  "mAP_medium_rel": 0.516380508830245,
  "mAP50_medium_rel": 0.7716990794470728,
  "mAP75_medium_rel": 0.6255890315655935,
  "AR100_medium_rel": 0.6565656565656566,
  "mAP_large_rel": 0.671111773000466,
  "mAP50_large_rel": 0.931873049516838,
  "mAP75_large_rel": 0.7822499149164653,
  "AR100_large_rel": 0.7406698564593301,
  "mAP_tiny": 0.2506829283270531,
  "image_AUROC": 0.9888030303030303,
  "image_AP": 0.9717358999927139,
  "FPR@95TPR": 0.04533333333333334,
  "threshold@95TPR": 0.5557224154472351,
  "TPR@95TPR": 0.9517045454545454,
  "Recall@FPR=1%": 0.8778409090909091,
  "Recall@FPR=5%": 0.9602272727272727,
  "in_domain_FPR@95TPR": 0.06605922551252848,
  "out_domain_FPR@95TPR": 0.01607717041800643,
  "in_domain_FPR@fixed": 0.11617312072892938,
  "out_domain_FPR@fixed": 0.04501607717041801,
  "split": "val",
  "images": 1102,
  "ground_truth_objects": 402,
  "input_predictions": 8410,
  "detections": 8410,
  "invalid_predictions_dropped": 0,
  "fppi_threshold": 0.25,
  "false_positives_on_negatives": {
    "total_negative_images": 750,
    "total_false_positives": 84,
    "fppi": 0.112,
    "by_group": {
      "negative_in_domain": {
        "negative_images": 439,
        "false_positives": 65,
        "fppi": 0.1480637813211845
      },
      "negative_out_domain": {
        "negative_images": 311,
        "false_positives": 19,
        "fppi": 0.06109324758842444
      }
    }
  },
  "predictions_above_fppi_threshold_by_group": {
    "negative_in_domain": 65,
    "negative_out_domain": 19,
    "positive": 484
  },
  "relative_scale_metrics": {
    "tiny": {
      "mAP": 0.2506829283270531,
      "mAP50": 0.5490096958011149,
      "mAP75": 0.18526285369653717,
      "mAP_small": null,
      "mAP_medium": 0.26796079854550686,
      "mAP_large": 0.0046875,
      "AR1": 0.30588235294117644,
      "AR10": 0.41764705882352937,
      "AR100": 0.41764705882352937,
      "AR_small": null,
      "AR_medium": 0.425,
      "AR_large": 0.3,
      "objects": 17,
      "positive_images": 14,
      "detections": 2151
    },
    "small": {
      "mAP": 0.38911197561843447,
      "mAP50": 0.689743116583124,
      "mAP75": 0.39181565647758154,
      "mAP_small": null,
      "mAP_medium": 0.3086506844830165,
      "mAP_large": 0.4267265947369547,
      "AR1": 0.3181818181818182,
      "AR10": 0.538961038961039,
      "AR100": 0.538961038961039,
      "AR_small": null,
      "AR_medium": 0.475,
      "AR_large": 0.5614035087719298,
      "objects": 77,
      "positive_images": 51,
      "detections": 3176
    },
    "medium": {
      "mAP": 0.516380508830245,
      "mAP50": 0.7716990794470728,
      "mAP75": 0.6255890315655935,
      "mAP_small": null,
      "mAP_medium": null,
      "mAP_large": 0.5173029230704517,
      "AR1": 0.5949494949494949,
      "AR10": 0.6565656565656566,
      "AR100": 0.6565656565656566,
      "AR_small": null,
      "AR_medium": null,
      "AR_large": 0.6565656565656566,
      "objects": 99,
      "positive_images": 94,
      "detections": 2195
    },
    "large": {
      "mAP": 0.671111773000466,
      "mAP50": 0.931873049516838,
      "mAP75": 0.7822499149164653,
      "mAP_small": null,
      "mAP_medium": null,
      "mAP_large": 0.6711123737860326,
      "AR1": 0.7320574162679426,
      "AR10": 0.7406698564593301,
      "AR100": 0.7406698564593301,
      "AR_small": null,
      "AR_medium": null,
      "AR_large": 0.7406698564593301,
      "objects": 209,
      "positive_images": 207,
      "detections": 888
    }
  },
  "image_level": {
    "positive_images": 352,
    "negative_images": 750,
    "auroc": 0.9888030303030303,
    "average_precision": 0.9717358999927139,
    "fpr_at_target_tpr": {
      "threshold": 0.5557224154472351,
      "tp": 335,
      "fp": 34,
      "tn": 716,
      "fn": 17,
      "tpr": 0.9517045454545454,
      "fpr": 0.04533333333333334,
      "by_negative_group": {
        "negative_in_domain": {
          "negative_images": 439,
          "false_positive_images": 29,
          "fpr": 0.06605922551252848
        },
        "negative_out_domain": {
          "negative_images": 311,
          "false_positive_images": 5,
          "fpr": 0.01607717041800643
        }
      },
      "target_tpr": 0.95
    },
    "recall_at_fpr": {
      "0.01": {
        "max_fpr": 0.01,
        "threshold": 0.9404615163803101,
        "recall": 0.8778409090909091,
        "fpr": 0.009333333333333334,
        "tp": 309,
        "fp": 7,
        "tn": 743,
        "fn": 43
      },
      "0.05": {
        "max_fpr": 0.05,
        "threshold": 0.5313112735748291,
        "recall": 0.9602272727272727,
        "fpr": 0.04933333333333333,
        "tp": 338,
        "fp": 37,
        "tn": 713,
        "fn": 14
      }
    },
    "fixed_threshold": {
      "threshold": 0.25,
      "tp": 344,
      "fp": 65,
      "tn": 685,
      "fn": 8,
      "tpr": 0.9772727272727273,
      "fpr": 0.08666666666666667,
      "by_negative_group": {
        "negative_in_domain": {
          "negative_images": 439,
          "false_positive_images": 51,
          "fpr": 0.11617312072892938
        },
        "negative_out_domain": {
          "negative_images": 311,
          "false_positive_images": 14,
          "fpr": 0.04501607717041801
        }
      }
    }
  }
}
