{
  "mAP": 0.668022174174745,
  "mAP50": 0.9561919824587489,
  "mAP75": 0.7632933995121182,
  "mAP_small": null,
  "mAP_medium": 0.5016939953345616,
  "mAP_large": 0.6820850159633421,
  "AR1": 0.640049751243781,
  "AR10": 0.7340796019900497,
  "AR100": 0.7340796019900497,
  "AR_small": null,
  "AR_medium": 0.6166666666666666,
  "AR_large": 0.7456284153005465,
  "mAP_tiny_rel": 0.4662285352267478,
  "mAP50_tiny_rel": 0.8255627332243208,
  "mAP75_tiny_rel": 0.4964546857162497,
  "AR100_tiny_rel": 0.5999999999999999,
  "mAP_small_rel": 0.46597458486479487,
  "mAP50_small_rel": 0.769947093125658,
  "mAP75_small_rel": 0.511750508462825,
  "AR100_small_rel": 0.5571428571428572,
  "mAP_medium_rel": 0.5487818242949986,
  "mAP50_medium_rel": 0.8107755311809297,
  "mAP75_medium_rel": 0.6255493034688414,
  "AR100_medium_rel": 0.6757575757575757,
  "mAP_large_rel": 0.7030538136403965,
  "mAP50_large_rel": 0.9314470284986449,
  "mAP75_large_rel": 0.8236481035140983,
  "AR100_large_rel": 0.771291866028708,
  "mAP_tiny": 0.4662285352267478,
  "image_AUROC": 0.9927689393939394,
  "image_AP": 0.9854968970491759,
  "FPR@95TPR": 0.02666666666666667,
  "threshold@95TPR": 0.7558995485305786,
  "TPR@95TPR": 0.9517045454545454,
  "Recall@FPR=1%": 0.9318181818181818,
  "Recall@FPR=5%": 0.9801136363636364,
  "in_domain_FPR@95TPR": 0.04328018223234624,
  "out_domain_FPR@95TPR": 0.003215434083601286,
  "in_domain_FPR@fixed": 0.07517084282460136,
  "out_domain_FPR@fixed": 0.022508038585209004,
  "split": "val",
  "images": 1102,
  "ground_truth_objects": 402,
  "input_predictions": 3335,
  "detections": 3335,
  "invalid_predictions_dropped": 0,
  "fppi_threshold": 0.25,
  "false_positives_on_negatives": {
    "total_negative_images": 750,
    "total_false_positives": 50,
    "fppi": 0.06666666666666667,
    "by_group": {
      "negative_in_domain": {
        "negative_images": 439,
        "false_positives": 39,
        "fppi": 0.0888382687927107
      },
      "negative_out_domain": {
        "negative_images": 311,
        "false_positives": 11,
        "fppi": 0.03536977491961415
      }
    }
  },
  "predictions_above_fppi_threshold_by_group": {
    "negative_in_domain": 39,
    "negative_out_domain": 11,
    "positive": 461
  },
  "relative_scale_metrics": {
    "tiny": {
      "mAP": 0.4662285352267478,
      "mAP50": 0.8255627332243208,
      "mAP75": 0.4964546857162497,
      "mAP_small": null,
      "mAP_medium": 0.45345173011160195,
      "mAP_large": 0.7999999999999999,
      "AR1": 0.5,
      "AR10": 0.5999999999999999,
      "AR100": 0.5999999999999999,
      "AR_small": null,
      "AR_medium": 0.5875,
      "AR_large": 0.8,
      "objects": 17,
      "positive_images": 14,
      "detections": 446
    },
    "small": {
      "mAP": 0.46597458486479487,
      "mAP50": 0.769947093125658,
      "mAP75": 0.511750508462825,
      "mAP_small": null,
      "mAP_medium": 0.3651803985343589,
      "mAP_large": 0.5082316457994459,
      "AR1": 0.3519480519480519,
      "AR10": 0.5571428571428572,
      "AR100": 0.5571428571428572,
      "AR_small": null,
      "AR_medium": 0.44499999999999995,
      "AR_large": 0.5964912280701755,
      "objects": 77,
      "positive_images": 51,
      "detections": 750
    },
    "medium": {
      "mAP": 0.5487818242949986,
      "mAP50": 0.8107755311809297,
      "mAP75": 0.6255493034688414,
      "mAP_small": null,
      "mAP_medium": null,
      "mAP_large": 0.5490291355615898,
      "AR1": 0.6181818181818182,
      "AR10": 0.6757575757575757,
      "AR100": 0.6757575757575757,
      "AR_small": null,
      "AR_medium": null,
      "AR_large": 0.6757575757575757,
      "objects": 99,
      "positive_images": 94,
      "detections": 1294
    },
    "large": {
      "mAP": 0.7030538136403965,
      "mAP50": 0.9314470284986449,
      "mAP75": 0.8236481035140983,
      "mAP_small": null,
      "mAP_medium": null,
      "mAP_large": 0.7030538136403965,
      "AR1": 0.7598086124401914,
      "AR10": 0.771291866028708,
      "AR100": 0.771291866028708,
      "AR_small": null,
      "AR_medium": null,
      "AR_large": 0.771291866028708,
      "objects": 209,
      "positive_images": 207,
      "detections": 845
    }
  },
  "image_level": {
    "positive_images": 352,
    "negative_images": 750,
    "auroc": 0.9927689393939394,
    "average_precision": 0.9854968970491759,
    "fpr_at_target_tpr": {
      "threshold": 0.7558995485305786,
      "tp": 335,
      "fp": 20,
      "tn": 730,
      "fn": 17,
      "tpr": 0.9517045454545454,
      "fpr": 0.02666666666666667,
      "by_negative_group": {
        "negative_in_domain": {
          "negative_images": 439,
          "false_positive_images": 19,
          "fpr": 0.04328018223234624
        },
        "negative_out_domain": {
          "negative_images": 311,
          "false_positive_images": 1,
          "fpr": 0.003215434083601286
        }
      },
      "target_tpr": 0.95
    },
    "recall_at_fpr": {
      "0.01": {
        "max_fpr": 0.01,
        "threshold": 0.9361243844032288,
        "recall": 0.9318181818181818,
        "fpr": 0.009333333333333334,
        "tp": 328,
        "fp": 7,
        "tn": 743,
        "fn": 24
      },
      "0.05": {
        "max_fpr": 0.05,
        "threshold": 0.30358240008354187,
        "recall": 0.9801136363636364,
        "fpr": 0.04933333333333333,
        "tp": 345,
        "fp": 37,
        "tn": 713,
        "fn": 7
      }
    },
    "fixed_threshold": {
      "threshold": 0.25,
      "tp": 345,
      "fp": 40,
      "tn": 710,
      "fn": 7,
      "tpr": 0.9801136363636364,
      "fpr": 0.05333333333333334,
      "by_negative_group": {
        "negative_in_domain": {
          "negative_images": 439,
          "false_positive_images": 33,
          "fpr": 0.07517084282460136
        },
        "negative_out_domain": {
          "negative_images": 311,
          "false_positive_images": 7,
          "fpr": 0.022508038585209004
        }
      }
    }
  }
}
