{
  "mAP": 0.6032452738979002,
  "mAP50": 0.9375422623796236,
  "mAP75": 0.6603841073546969,
  "mAP_small": null,
  "mAP_medium": 0.4850599478034424,
  "mAP_large": 0.6124731825941058,
  "AR1": 0.5912935323383085,
  "AR10": 0.6748756218905473,
  "AR100": 0.677860696517413,
  "AR_small": null,
  "AR_medium": 0.611111111111111,
  "AR_large": 0.6844262295081969,
  "mAP_tiny_rel": 0.28016604842656095,
  "mAP50_tiny_rel": 0.6001847569158238,
  "mAP75_tiny_rel": 0.31022687314428554,
  "AR100_tiny_rel": 0.4882352941176471,
  "mAP_small_rel": 0.4640727757061445,
  "mAP50_small_rel": 0.7690971467573832,
  "mAP75_small_rel": 0.4737209204480679,
  "AR100_small_rel": 0.5753246753246752,
  "mAP_medium_rel": 0.47809670282157885,
  "mAP50_medium_rel": 0.7746772333890679,
  "mAP75_medium_rel": 0.484301938729519,
  "AR100_medium_rel": 0.5868686868686869,
  "mAP_large_rel": 0.629227667413259,
  "mAP50_large_rel": 0.9234696194732555,
  "mAP75_large_rel": 0.7379149316455028,
  "AR100_large_rel": 0.7167464114832536,
  "mAP_tiny": 0.28016604842656095,
  "image_AUROC": 0.9922272727272727,
  "image_AP": 0.9829689105161814,
  "FPR@95TPR": 0.030666666666666665,
  "threshold@95TPR": 0.7530203461647034,
  "TPR@95TPR": 0.9517045454545454,
  "Recall@FPR=1%": 0.9090909090909091,
  "Recall@FPR=5%": 0.9744318181818182,
  "in_domain_FPR@95TPR": 0.04555808656036447,
  "out_domain_FPR@95TPR": 0.00964630225080386,
  "in_domain_FPR@fixed": 0.12300683371298406,
  "out_domain_FPR@fixed": 0.03215434083601286,
  "split": "val",
  "images": 1102,
  "ground_truth_objects": 402,
  "input_predictions": 12021,
  "detections": 12021,
  "invalid_predictions_dropped": 0,
  "fppi_threshold": 0.25,
  "false_positives_on_negatives": {
    "total_negative_images": 750,
    "total_false_positives": 86,
    "fppi": 0.11466666666666667,
    "by_group": {
      "negative_in_domain": {
        "negative_images": 439,
        "false_positives": 73,
        "fppi": 0.1662870159453303
      },
      "negative_out_domain": {
        "negative_images": 311,
        "false_positives": 13,
        "fppi": 0.04180064308681672
      }
    }
  },
  "predictions_above_fppi_threshold_by_group": {
    "negative_in_domain": 73,
    "negative_out_domain": 13,
    "positive": 635
  },
  "relative_scale_metrics": {
    "tiny": {
      "mAP": 0.28016604842656095,
      "mAP50": 0.6001847569158238,
      "mAP75": 0.31022687314428554,
      "mAP_small": null,
      "mAP_medium": 0.31721614677569326,
      "mAP_large": 0.1,
      "AR1": 0.40588235294117647,
      "AR10": 0.4882352941176471,
      "AR100": 0.4882352941176471,
      "AR_small": null,
      "AR_medium": 0.50625,
      "AR_large": 0.2,
      "objects": 17,
      "positive_images": 14,
      "detections": 3156
    },
    "small": {
      "mAP": 0.4640727757061445,
      "mAP50": 0.7690971467573832,
      "mAP75": 0.4737209204480679,
      "mAP_small": null,
      "mAP_medium": 0.4772528291582296,
      "mAP_large": 0.46172353773997193,
      "AR1": 0.3883116883116883,
      "AR10": 0.5753246753246752,
      "AR100": 0.5753246753246752,
      "AR_small": null,
      "AR_medium": 0.5900000000000001,
      "AR_large": 0.5701754385964912,
      "objects": 77,
      "positive_images": 51,
      "detections": 3632
    },
    "medium": {
      "mAP": 0.47809670282157885,
      "mAP50": 0.7746772333890679,
      "mAP75": 0.484301938729519,
      "mAP_small": null,
      "mAP_medium": null,
      "mAP_large": 0.47847950382926946,
      "AR1": 0.5282828282828284,
      "AR10": 0.5868686868686869,
      "AR100": 0.5868686868686869,
      "AR_small": null,
      "AR_medium": null,
      "AR_large": 0.5868686868686869,
      "objects": 99,
      "positive_images": 94,
      "detections": 3973
    },
    "large": {
      "mAP": 0.629227667413259,
      "mAP50": 0.9234696194732555,
      "mAP75": 0.7379149316455028,
      "mAP_small": null,
      "mAP_medium": null,
      "mAP_large": 0.629227667413259,
      "AR1": 0.7043062200956938,
      "AR10": 0.7167464114832536,
      "AR100": 0.7167464114832536,
      "AR_small": null,
      "AR_medium": null,
      "AR_large": 0.7167464114832536,
      "objects": 209,
      "positive_images": 207,
      "detections": 1260
    }
  },
  "image_level": {
    "positive_images": 352,
    "negative_images": 750,
    "auroc": 0.9922272727272727,
    "average_precision": 0.9829689105161814,
    "fpr_at_target_tpr": {
      "threshold": 0.7530203461647034,
      "tp": 335,
      "fp": 23,
      "tn": 727,
      "fn": 17,
      "tpr": 0.9517045454545454,
      "fpr": 0.030666666666666665,
      "by_negative_group": {
        "negative_in_domain": {
          "negative_images": 439,
          "false_positive_images": 20,
          "fpr": 0.04555808656036447
        },
        "negative_out_domain": {
          "negative_images": 311,
          "false_positive_images": 3,
          "fpr": 0.00964630225080386
        }
      },
      "target_tpr": 0.95
    },
    "recall_at_fpr": {
      "0.01": {
        "max_fpr": 0.01,
        "threshold": 0.9279406070709229,
        "recall": 0.9090909090909091,
        "fpr": 0.009333333333333334,
        "tp": 320,
        "fp": 7,
        "tn": 743,
        "fn": 32
      },
      "0.05": {
        "max_fpr": 0.05,
        "threshold": 0.560844898223877,
        "recall": 0.9744318181818182,
        "fpr": 0.042666666666666665,
        "tp": 343,
        "fp": 32,
        "tn": 718,
        "fn": 9
      }
    },
    "fixed_threshold": {
      "threshold": 0.25,
      "tp": 345,
      "fp": 64,
      "tn": 686,
      "fn": 7,
      "tpr": 0.9801136363636364,
      "fpr": 0.08533333333333333,
      "by_negative_group": {
        "negative_in_domain": {
          "negative_images": 439,
          "false_positive_images": 54,
          "fpr": 0.12300683371298406
        },
        "negative_out_domain": {
          "negative_images": 311,
          "false_positive_images": 10,
          "fpr": 0.03215434083601286
        }
      }
    }
  }
}
