{
  "mAP": 0.6034834588958683,
  "mAP50": 0.9366865551906586,
  "mAP75": 0.695299947779629,
  "mAP_small": null,
  "mAP_medium": 0.3348157724759902,
  "mAP_large": 0.6240442491256992,
  "AR1": 0.5992537313432835,
  "AR10": 0.6840796019900497,
  "AR100": 0.6855721393034826,
  "AR_small": null,
  "AR_medium": 0.5416666666666667,
  "AR_large": 0.6997267759562841,
  "mAP_tiny_rel": 0.19849892349744905,
  "mAP50_tiny_rel": 0.49048701543480205,
  "mAP75_tiny_rel": 0.13754141371583967,
  "AR100_tiny_rel": 0.36470588235294116,
  "mAP_small_rel": 0.36268922513215895,
  "mAP50_small_rel": 0.7066955612977616,
  "mAP75_small_rel": 0.3252477120885466,
  "AR100_small_rel": 0.5246753246753246,
  "mAP_medium_rel": 0.49449768702496716,
  "mAP50_medium_rel": 0.780211786389512,
  "mAP75_medium_rel": 0.5445023092504988,
  "AR100_medium_rel": 0.6191919191919191,
  "mAP_large_rel": 0.6599993862196643,
  "mAP50_large_rel": 0.9413890396060866,
  "mAP75_large_rel": 0.8026455969128556,
  "AR100_large_rel": 0.7473684210526316,
  "mAP_tiny": 0.19849892349744905,
  "image_AUROC": 0.9908598484848485,
  "image_AP": 0.9796207416664046,
  "FPR@95TPR": 0.024,
  "threshold@95TPR": 0.6777892112731934,
  "TPR@95TPR": 0.9517045454545454,
  "Recall@FPR=1%": 0.8920454545454546,
  "Recall@FPR=5%": 0.96875,
  "in_domain_FPR@95TPR": 0.0387243735763098,
  "out_domain_FPR@95TPR": 0.003215434083601286,
  "in_domain_FPR@fixed": 0.0979498861047836,
  "out_domain_FPR@fixed": 0.022508038585209004,
  "split": "val",
  "images": 1102,
  "ground_truth_objects": 402,
  "input_predictions": 8890,
  "detections": 8890,
  "invalid_predictions_dropped": 0,
  "fppi_threshold": 0.25,
  "false_positives_on_negatives": {
    "total_negative_images": 750,
    "total_false_positives": 64,
    "fppi": 0.08533333333333333,
    "by_group": {
      "negative_in_domain": {
        "negative_images": 439,
        "false_positives": 52,
        "fppi": 0.11845102505694761
      },
      "negative_out_domain": {
        "negative_images": 311,
        "false_positives": 12,
        "fppi": 0.03858520900321544
      }
    }
  },
  "predictions_above_fppi_threshold_by_group": {
    "negative_in_domain": 52,
    "negative_out_domain": 12,
    "positive": 498
  },
  "relative_scale_metrics": {
    "tiny": {
      "mAP": 0.19849892349744905,
      "mAP50": 0.49048701543480205,
      "mAP75": 0.13754141371583967,
      "mAP_small": null,
      "mAP_medium": 0.2085982068989757,
      "mAP_large": 0.15,
      "AR1": 0.27058823529411763,
      "AR10": 0.35882352941176465,
      "AR100": 0.36470588235294116,
      "AR_small": null,
      "AR_medium": 0.36875,
      "AR_large": 0.3,
      "objects": 17,
      "positive_images": 14,
      "detections": 2276
    },
    "small": {
      "mAP": 0.36268922513215895,
      "mAP50": 0.7066955612977616,
      "mAP75": 0.3252477120885466,
      "mAP_small": null,
      "mAP_medium": 0.24717563834430625,
      "mAP_large": 0.40801613491368643,
      "AR1": 0.2987012987012987,
      "AR10": 0.5233766233766233,
      "AR100": 0.5246753246753246,
      "AR_small": null,
      "AR_medium": 0.475,
      "AR_large": 0.5421052631578946,
      "objects": 77,
      "positive_images": 51,
      "detections": 3073
    },
    "medium": {
      "mAP": 0.49449768702496716,
      "mAP50": 0.780211786389512,
      "mAP75": 0.5445023092504988,
      "mAP_small": null,
      "mAP_medium": null,
      "mAP_large": 0.494853849818403,
      "AR1": 0.5636363636363636,
      "AR10": 0.6191919191919191,
      "AR100": 0.6191919191919191,
      "AR_small": null,
      "AR_medium": null,
      "AR_large": 0.6191919191919191,
      "objects": 99,
      "positive_images": 94,
      "detections": 2348
    },
    "large": {
      "mAP": 0.6599993862196643,
      "mAP50": 0.9413890396060866,
      "mAP75": 0.8026455969128556,
      "mAP_small": null,
      "mAP_medium": null,
      "mAP_large": 0.6599996869761321,
      "AR1": 0.7382775119617225,
      "AR10": 0.7473684210526316,
      "AR100": 0.7473684210526316,
      "AR_small": null,
      "AR_medium": null,
      "AR_large": 0.7473684210526316,
      "objects": 209,
      "positive_images": 207,
      "detections": 1193
    }
  },
  "image_level": {
    "positive_images": 352,
    "negative_images": 750,
    "auroc": 0.9908598484848485,
    "average_precision": 0.9796207416664046,
    "fpr_at_target_tpr": {
      "threshold": 0.6777892112731934,
      "tp": 335,
      "fp": 18,
      "tn": 732,
      "fn": 17,
      "tpr": 0.9517045454545454,
      "fpr": 0.024,
      "by_negative_group": {
        "negative_in_domain": {
          "negative_images": 439,
          "false_positive_images": 17,
          "fpr": 0.0387243735763098
        },
        "negative_out_domain": {
          "negative_images": 311,
          "false_positive_images": 1,
          "fpr": 0.003215434083601286
        }
      },
      "target_tpr": 0.95
    },
    "recall_at_fpr": {
      "0.01": {
        "max_fpr": 0.01,
        "threshold": 0.8957106471061707,
        "recall": 0.8920454545454546,
        "fpr": 0.009333333333333334,
        "tp": 314,
        "fp": 7,
        "tn": 743,
        "fn": 38
      },
      "0.05": {
        "max_fpr": 0.05,
        "threshold": 0.3630909323692322,
        "recall": 0.96875,
        "fpr": 0.04933333333333333,
        "tp": 341,
        "fp": 37,
        "tn": 713,
        "fn": 11
      }
    },
    "fixed_threshold": {
      "threshold": 0.25,
      "tp": 343,
      "fp": 50,
      "tn": 700,
      "fn": 9,
      "tpr": 0.9744318181818182,
      "fpr": 0.06666666666666667,
      "by_negative_group": {
        "negative_in_domain": {
          "negative_images": 439,
          "false_positive_images": 43,
          "fpr": 0.0979498861047836
        },
        "negative_out_domain": {
          "negative_images": 311,
          "false_positive_images": 7,
          "fpr": 0.022508038585209004
        }
      }
    }
  }
}
