{
  "val": {
    "mAP": 0.6649226546762811,
    "mAP50": 0.9589638822857481,
    "mAP75": 0.7826378826153545,
    "mAP_small": null,
    "mAP_medium": 0.5087847406135718,
    "mAP_large": 0.6782920123169444,
    "AR1": 0.6383084577114428,
    "AR10": 0.7348258706467662,
    "AR100": 0.7353233830845771,
    "AR_small": null,
    "AR_medium": 0.6138888888888888,
    "AR_large": 0.7472677595628414,
    "mAP_tiny_rel": 0.49502025638892266,
    "mAP50_tiny_rel": 0.8547796117685461,
    "mAP75_tiny_rel": 0.49554455445544554,
    "AR100_tiny_rel": 0.6058823529411764,
    "mAP_small_rel": 0.46989904495059676,
    "mAP50_small_rel": 0.771053022386567,
    "mAP75_small_rel": 0.47983618617909857,
    "AR100_small_rel": 0.5753246753246753,
    "mAP_medium_rel": 0.5703617754369702,
    "mAP50_medium_rel": 0.8383803598980847,
    "mAP75_medium_rel": 0.6725064557736906,
    "AR100_medium_rel": 0.6666666666666666,
    "mAP_large_rel": 0.6965662106968761,
    "mAP50_large_rel": 0.9330192297514739,
    "mAP75_large_rel": 0.838815810493025,
    "AR100_large_rel": 0.7755980861244018,
    "mAP_tiny": 0.49502025638892266,
    "image_AUROC": 0.9932196969696969,
    "image_AP": 0.9878971558444382,
    "FPR@95TPR": 0.013333333333333334,
    "threshold@95TPR": 0.8611027598381042,
    "TPR@95TPR": 0.9517045454545454,
    "Recall@FPR=1%": 0.9318181818181818,
    "Recall@FPR=5%": 0.9801136363636364,
    "in_domain_FPR@95TPR": 0.02050113895216401,
    "out_domain_FPR@95TPR": 0.003215434083601286,
    "in_domain_FPR@fixed": 0.0683371298405467,
    "out_domain_FPR@fixed": 0.006430868167202572,
    "split": "val",
    "images": 1102,
    "ground_truth_objects": 402,
    "input_predictions": 3216,
    "detections": 3216,
    "invalid_predictions_dropped": 0,
    "fppi_threshold": 0.25,
    "false_positives_on_negatives": {
      "total_negative_images": 750,
      "total_false_positives": 40,
      "fppi": 0.05333333333333334,
      "by_group": {
        "negative_in_domain": {
          "negative_images": 439,
          "false_positives": 34,
          "fppi": 0.0774487471526196
        },
        "negative_out_domain": {
          "negative_images": 311,
          "false_positives": 6,
          "fppi": 0.01929260450160772
        }
      }
    },
    "predictions_above_fppi_threshold_by_group": {
      "negative_in_domain": 34,
      "negative_out_domain": 6,
      "positive": 459
    },
    "relative_scale_metrics": {
      "tiny": {
        "mAP": 0.49502025638892266,
        "mAP50": 0.8547796117685461,
        "mAP75": 0.49554455445544554,
        "mAP_small": null,
        "mAP_medium": 0.47374535803112683,
        "mAP_large": 0.7999999999999999,
        "AR1": 0.49411764705882344,
        "AR10": 0.6058823529411764,
        "AR100": 0.6058823529411764,
        "AR_small": null,
        "AR_medium": 0.59375,
        "AR_large": 0.8,
        "objects": 17,
        "positive_images": 14,
        "detections": 417
      },
      "small": {
        "mAP": 0.46989904495059676,
        "mAP50": 0.771053022386567,
        "mAP75": 0.47983618617909857,
        "mAP_small": null,
        "mAP_medium": 0.3649211357982988,
        "mAP_large": 0.5090445534244498,
        "AR1": 0.3545454545454545,
        "AR10": 0.5753246753246753,
        "AR100": 0.5753246753246753,
        "AR_small": null,
        "AR_medium": 0.45999999999999996,
        "AR_large": 0.6157894736842104,
        "objects": 77,
        "positive_images": 51,
        "detections": 682
      },
      "medium": {
        "mAP": 0.5703617754369702,
        "mAP50": 0.8383803598980847,
        "mAP75": 0.6725064557736906,
        "mAP_small": null,
        "mAP_medium": null,
        "mAP_large": 0.570540066987996,
        "AR1": 0.604040404040404,
        "AR10": 0.6666666666666666,
        "AR100": 0.6666666666666666,
        "AR_small": null,
        "AR_medium": null,
        "AR_large": 0.6666666666666666,
        "objects": 99,
        "positive_images": 94,
        "detections": 1276
      },
      "large": {
        "mAP": 0.6965662106968761,
        "mAP50": 0.9330192297514739,
        "mAP75": 0.838815810493025,
        "mAP_small": null,
        "mAP_medium": null,
        "mAP_large": 0.6965662106968761,
        "AR1": 0.7641148325358851,
        "AR10": 0.7755980861244018,
        "AR100": 0.7755980861244018,
        "AR_small": null,
        "AR_medium": null,
        "AR_large": 0.7755980861244018,
        "objects": 209,
        "positive_images": 207,
        "detections": 841
      }
    },
    "image_level": {
      "positive_images": 352,
      "negative_images": 750,
      "auroc": 0.9932196969696969,
      "average_precision": 0.9878971558444382,
      "fpr_at_target_tpr": {
        "threshold": 0.8611027598381042,
        "tp": 335,
        "fp": 10,
        "tn": 740,
        "fn": 17,
        "tpr": 0.9517045454545454,
        "fpr": 0.013333333333333334,
        "by_negative_group": {
          "negative_in_domain": {
            "negative_images": 439,
            "false_positive_images": 9,
            "fpr": 0.02050113895216401
          },
          "negative_out_domain": {
            "negative_images": 311,
            "false_positive_images": 1,
            "fpr": 0.003215434083601286
          }
        },
        "target_tpr": 0.95
      },
      "recall_at_fpr": {
        "0.01": {
          "max_fpr": 0.01,
          "threshold": 0.9352167248725891,
          "recall": 0.9318181818181818,
          "fpr": 0.009333333333333334,
          "tp": 328,
          "fp": 7,
          "tn": 743,
          "fn": 24
        },
        "0.05": {
          "max_fpr": 0.05,
          "threshold": 0.270372211933136,
          "recall": 0.9801136363636364,
          "fpr": 0.04133333333333333,
          "tp": 345,
          "fp": 31,
          "tn": 719,
          "fn": 7
        }
      },
      "fixed_threshold": {
        "threshold": 0.25,
        "tp": 345,
        "fp": 32,
        "tn": 718,
        "fn": 7,
        "tpr": 0.9801136363636364,
        "fpr": 0.042666666666666665,
        "by_negative_group": {
          "negative_in_domain": {
            "negative_images": 439,
            "false_positive_images": 30,
            "fpr": 0.0683371298405467
          },
          "negative_out_domain": {
            "negative_images": 311,
            "false_positive_images": 2,
            "fpr": 0.006430868167202572
          }
        }
      }
    }
  },
  "test": {
    "mAP": 0.6867900306400464,
    "mAP50": 0.9635296192940886,
    "mAP75": 0.7963639617171538,
    "mAP_small": 0.22499999999999998,
    "mAP_medium": 0.4899500653440245,
    "mAP_large": 0.7055759345301617,
    "AR1": 0.6644836272040302,
    "AR10": 0.7428211586901763,
    "AR100": 0.7433249370277077,
    "AR_small": 0.3,
    "AR_medium": 0.5705882352941176,
    "AR_large": 0.7607734806629834,
    "mAP_tiny_rel": 0.3350964180571957,
    "mAP50_tiny_rel": 0.6251757361971014,
    "mAP75_tiny_rel": 0.2801830183018302,
    "AR100_tiny_rel": 0.4666666666666667,
    "mAP_small_rel": 0.493861609504399,
    "mAP50_small_rel": 0.8537965986388313,
    "mAP75_small_rel": 0.49675016264377153,
    "AR100_small_rel": 0.5771428571428571,
    "mAP_medium_rel": 0.6417663642077925,
    "mAP50_medium_rel": 0.8974169939710954,
    "mAP75_medium_rel": 0.7670566964826461,
    "AR100_medium_rel": 0.7261682242990654,
    "mAP_large_rel": 0.7457056684741317,
    "mAP50_large_rel": 0.9621821811088684,
    "mAP75_large_rel": 0.8987193993989647,
    "AR100_large_rel": 0.8019512195121952,
    "mAP_tiny": 0.3350964180571957,
    "image_AUROC": 0.9953314339981006,
    "image_AP": 0.9922528576065328,
    "FPR@95TPR": 0.021333333333333333,
    "threshold@95TPR": 0.7916120290756226,
    "TPR@95TPR": 0.9515669515669516,
    "Recall@FPR=1%": 0.9430199430199431,
    "Recall@FPR=5%": 0.98005698005698,
    "in_domain_FPR@95TPR": 0.03189066059225513,
    "out_domain_FPR@95TPR": 0.006430868167202572,
    "in_domain_FPR@fixed": 0.06150341685649203,