{
  "val": {
    "mAP": 0.6266771217720485,
    "mAP50": 0.9291265442412846,
    "mAP75": 0.7256568896896359,
    "mAP_small": null,
    "mAP_medium": 0.38408184457275285,
    "mAP_large": 0.6479913052091469,
    "AR1": 0.6151741293532338,
    "AR10": 0.6975124378109453,
    "AR100": 0.6990049751243781,
    "AR_small": null,
    "AR_medium": 0.5527777777777778,
    "AR_large": 0.7133879781420764,
    "mAP_tiny_rel": 0.25910608331741214,
    "mAP50_tiny_rel": 0.5469262387973047,
    "mAP75_tiny_rel": 0.22931585579954977,
    "AR100_tiny_rel": 0.4294117647058823,
    "mAP_small_rel": 0.38456219988559714,
    "mAP50_small_rel": 0.6972708736896345,
    "mAP75_small_rel": 0.3956348841394535,
    "AR100_small_rel": 0.5324675324675325,
    "mAP_medium_rel": 0.5176705092344424,
    "mAP50_medium_rel": 0.771254876592062,
    "mAP75_medium_rel": 0.6270317305571307,
    "AR100_medium_rel": 0.6515151515151515,
    "mAP_large_rel": 0.6749542400157336,
    "mAP50_large_rel": 0.9272694934537746,
    "mAP75_large_rel": 0.7936628847195688,
    "AR100_large_rel": 0.7425837320574162,
    "mAP_tiny": 0.25910608331741214,
    "image_AUROC": 0.988905303030303,
    "image_AP": 0.9721164190817042,
    "FPR@95TPR": 0.04533333333333334,
    "threshold@95TPR": 0.558390736579895,
    "TPR@95TPR": 0.9517045454545454,
    "Recall@FPR=1%": 0.8778409090909091,
    "Recall@FPR=5%": 0.9630681818181818,
    "in_domain_FPR@95TPR": 0.06605922551252848,
    "out_domain_FPR@95TPR": 0.01607717041800643,
    "in_domain_FPR@fixed": 0.11617312072892938,
    "out_domain_FPR@fixed": 0.04501607717041801,
    "split": "val",
    "images": 1102,
    "ground_truth_objects": 402,
    "input_predictions": 8259,
    "detections": 8259,
    "invalid_predictions_dropped": 0,
    "fppi_threshold": 0.25,
    "false_positives_on_negatives": {
      "total_negative_images": 750,
      "total_false_positives": 83,
      "fppi": 0.11066666666666666,
      "by_group": {
        "negative_in_domain": {
          "negative_images": 439,
          "false_positives": 64,
          "fppi": 0.14578587699316628
        },
        "negative_out_domain": {
          "negative_images": 311,
          "false_positives": 19,
          "fppi": 0.06109324758842444
        }
      }
    },
    "predictions_above_fppi_threshold_by_group": {
      "negative_in_domain": 64,
      "negative_out_domain": 19,
      "positive": 484
    },
    "relative_scale_metrics": {
      "tiny": {
        "mAP": 0.25910608331741214,
        "mAP50": 0.5469262387973047,
        "mAP75": 0.22931585579954977,
        "mAP_small": null,
        "mAP_medium": 0.27654189817280006,
        "mAP_large": 0.0048387096774193524,
        "AR1": 0.3117647058823529,
        "AR10": 0.4,
        "AR100": 0.4294117647058823,
        "AR_small": null,
        "AR_medium": 0.4375,
        "AR_large": 0.3,
        "objects": 17,
        "positive_images": 14,
        "detections": 2104
      },
      "small": {
        "mAP": 0.38456219988559714,
        "mAP50": 0.6972708736896345,
        "mAP75": 0.3956348841394535,
        "mAP_small": null,
        "mAP_medium": 0.3187613539179942,
        "mAP_large": 0.41930639627910055,
        "AR1": 0.3155844155844156,
        "AR10": 0.5324675324675325,
        "AR100": 0.5324675324675325,
        "AR_small": null,
        "AR_medium": 0.49000000000000005,
        "AR_large": 0.5473684210526316,
        "objects": 77,
        "positive_images": 51,
        "detections": 3114
      },
      "medium": {
        "mAP": 0.5176705092344424,
        "mAP50": 0.771254876592062,
        "mAP75": 0.6270317305571307,
        "mAP_small": null,
        "mAP_medium": null,
        "mAP_large": 0.5185406551262419,
        "AR1": 0.5999999999999999,
        "AR10": 0.6515151515151515,
        "AR100": 0.6515151515151515,
        "AR_small": null,
        "AR_medium": null,
        "AR_large": 0.6515151515151515,
        "objects": 99,
        "positive_images": 94,
        "detections": 2166
      },
      "large": {
        "mAP": 0.6749542400157336,
        "mAP50": 0.9272694934537746,
        "mAP75": 0.7936628847195688,
        "mAP_small": null,
        "mAP_medium": null,
        "mAP_large": 0.6749542400157336,
        "AR1": 0.7339712918660288,
        "AR10": 0.7425837320574162,
        "AR100": 0.7425837320574162,
        "AR_small": null,
        "AR_medium": null,
        "AR_large": 0.7425837320574162,
        "objects": 209,
        "positive_images": 207,
        "detections": 875
      }
    },
    "image_level": {
      "positive_images": 352,
      "negative_images": 750,
      "auroc": 0.988905303030303,
      "average_precision": 0.9721164190817042,
      "fpr_at_target_tpr": {
        "threshold": 0.558390736579895,
        "tp": 335,
        "fp": 34,
        "tn": 716,
        "fn": 17,
        "tpr": 0.9517045454545454,
        "fpr": 0.04533333333333334,
        "by_negative_group": {
          "negative_in_domain": {
            "negative_images": 439,
            "false_positive_images": 29,
            "fpr": 0.06605922551252848
          },
          "negative_out_domain": {
            "negative_images": 311,
            "false_positive_images": 5,
            "fpr": 0.01607717041800643
          }
        },
        "target_tpr": 0.95
      },
      "recall_at_fpr": {
        "0.01": {
          "max_fpr": 0.01,
          "threshold": 0.940870463848114,
          "recall": 0.8778409090909091,
          "fpr": 0.009333333333333334,
          "tp": 309,
          "fp": 7,
          "tn": 743,
          "fn": 43
        },
        "0.05": {
          "max_fpr": 0.05,
          "threshold": 0.499426007270813,
          "recall": 0.9630681818181818,
          "fpr": 0.04933333333333333,
          "tp": 339,
          "fp": 37,
          "tn": 713,
          "fn": 13
        }
      },
      "fixed_threshold": {
        "threshold": 0.25,
        "tp": 343,
        "fp": 65,
        "tn": 685,
        "fn": 9,
        "tpr": 0.9744318181818182,
        "fpr": 0.08666666666666667,
        "by_negative_group": {
          "negative_in_domain": {
            "negative_images": 439,
            "false_positive_images": 51,
            "fpr": 0.11617312072892938
          },
          "negative_out_domain": {
            "negative_images": 311,
            "false_positive_images": 14,
            "fpr": 0.04501607717041801
          }
        }
      }
    }
  },
  "test": {
    "mAP": 0.6541621403125997,
    "mAP50": 0.9486360179766793,
    "mAP75": 0.7531511699778616,
    "mAP_small": 0.011111111111111113,
    "mAP_medium": 0.3763369316132267,
    "mAP_large": 0.6805317534773224,
    "AR1": 0.6382871536523929,
    "AR10": 0.7083123425692696,
    "AR100": 0.7136020151133502,
    "AR_small": 0.2,
    "AR_medium": 0.47352941176470587,
    "AR_large": 0.7375690607734806,
    "mAP_tiny_rel": 0.18096432414380365,
    "mAP50_tiny_rel": 0.4084126477331691,
    "mAP75_tiny_rel": 0.1338907574968023,
    "AR100_tiny_rel": 0.35333333333333333,
    "mAP_small_rel": 0.41245680378535654,
    "mAP50_small_rel": 0.7525207181318009,
    "mAP75_small_rel": 0.35117301964557973,
    "AR100_small_rel": 0.5242857142857142,
    "mAP_medium_rel": 0.621905860317842,
    "mAP50_medium_rel": 0.8634594283134465,
    "mAP75_medium_rel": 0.7596104628121464,
    "AR100_medium_rel": 0.7009345794392523,
    "mAP_large_rel": 0.7187009777425595,
    "mAP50_large_rel": 0.9561290299221641,
    "mAP75_large_rel": 0.876605738696082,
    "AR100_large_rel": 0.7731707317073171,
    "mAP_tiny": 0.18096432414380365,
    "image_AUROC": 0.9933561253561254,
    "image_AP": 0.9878824051787302,
    "FPR@95TPR": 0.030666666666666665,
    "threshold@95TPR": 0.732053816318512,
    "TPR@95TPR": 0.9515669515669516,
    "Recall@FPR=1%": 0.9031339031339032,
    "Recall@FPR=5%": 0.9572649572649573,
    "in_domain_FPR@95TPR": 0.05239179954441914,
    "out_domain_FPR@95TPR": 0.0,
    "in_domain_FPR@fixed": 0.12300683371298406,