{
  "mAP": 0.669943527638859,
  "mAP50": 0.9581049784296666,
  "mAP75": 0.7764006033803236,
  "mAP_small": null,
  "mAP_medium": 0.505505832976079,
  "mAP_large": 0.684088211190656,
  "AR1": 0.6445273631840795,
  "AR10": 0.7333333333333334,
  "AR100": 0.7350746268656716,
  "AR_small": null,
  "AR_medium": 0.6166666666666666,
  "AR_large": 0.7467213114754099,
  "mAP_tiny_rel": 0.4067292153875383,
  "mAP50_tiny_rel": 0.7478109974448353,
  "mAP75_tiny_rel": 0.42371974039509214,
  "AR100_tiny_rel": 0.5588235294117647,
  "mAP_small_rel": 0.4726654665317576,
  "mAP50_small_rel": 0.7687012209349476,
  "mAP75_small_rel": 0.5306337433499142,
  "AR100_small_rel": 0.577922077922078,
  "mAP_medium_rel": 0.5684751939874906,
  "mAP50_medium_rel": 0.8307922663791217,
  "mAP75_medium_rel": 0.646808507491556,
  "AR100_medium_rel": 0.6595959595959596,
  "mAP_large_rel": 0.7178717480618199,
  "mAP50_large_rel": 0.9438032018638045,
  "mAP75_large_rel": 0.8554611687393449,
  "AR100_large_rel": 0.7851674641148325,
  "mAP_tiny": 0.4067292153875383,
  "image_AUROC": 0.9933787878787879,
  "image_AP": 0.9871117189735759,
  "FPR@95TPR": 0.025333333333333333,
  "threshold@95TPR": 0.7720155715942383,
  "TPR@95TPR": 0.9517045454545454,
  "Recall@FPR=1%": 0.9261363636363636,
  "Recall@FPR=5%": 0.9801136363636364,
  "in_domain_FPR@95TPR": 0.04100227790432802,
  "out_domain_FPR@95TPR": 0.003215434083601286,
  "in_domain_FPR@fixed": 0.08200455580865604,
  "out_domain_FPR@fixed": 0.01929260450160772,
  "split": "val",
  "images": 1102,
  "ground_truth_objects": 402,
  "input_predictions": 3261,
  "detections": 3261,
  "invalid_predictions_dropped": 0,
  "fppi_threshold": 0.25,
  "false_positives_on_negatives": {
    "total_negative_images": 750,
    "total_false_positives": 53,
    "fppi": 0.07066666666666667,
    "by_group": {
      "negative_in_domain": {
        "negative_images": 439,
        "false_positives": 43,
        "fppi": 0.0979498861047836
      },
      "negative_out_domain": {
        "negative_images": 311,
        "false_positives": 10,
        "fppi": 0.03215434083601286
      }
    }
  },
  "predictions_above_fppi_threshold_by_group": {
    "negative_in_domain": 43,
    "negative_out_domain": 10,
    "positive": 460
  },
  "relative_scale_metrics": {
    "tiny": {
      "mAP": 0.4067292153875383,
      "mAP50": 0.7478109974448353,
      "mAP75": 0.42371974039509214,
      "mAP_small": null,
      "mAP_medium": 0.3966907286069418,
      "mAP_large": 0.7999999999999999,
      "AR1": 0.45294117647058824,
      "AR10": 0.5588235294117647,
      "AR100": 0.5588235294117647,
      "AR_small": null,
      "AR_medium": 0.54375,
      "AR_large": 0.8,
      "objects": 17,
      "positive_images": 14,
      "detections": 419
    },
    "small": {
      "mAP": 0.4726654665317576,
      "mAP50": 0.7687012209349476,
      "mAP75": 0.5306337433499142,
      "mAP_small": null,
      "mAP_medium": 0.3686515810044649,
      "mAP_large": 0.5138357768483586,
      "AR1": 0.3766233766233766,
      "AR10": 0.577922077922078,
      "AR100": 0.577922077922078,
      "AR_small": null,
      "AR_medium": 0.48999999999999994,
      "AR_large": 0.6087719298245614,
      "objects": 77,
      "positive_images": 51,
      "detections": 723
    },
    "medium": {
      "mAP": 0.5684751939874906,
      "mAP50": 0.8307922663791217,
      "mAP75": 0.646808507491556,
      "mAP_small": null,
      "mAP_medium": null,
      "mAP_large": 0.5687144470728542,
      "AR1": 0.6020202020202021,
      "AR10": 0.6595959595959596,
      "AR100": 0.6595959595959596,
      "AR_small": null,
      "AR_medium": null,
      "AR_large": 0.6595959595959596,
      "objects": 99,
      "positive_images": 94,
      "detections": 1257
    },
    "large": {
      "mAP": 0.7178717480618199,
      "mAP50": 0.9438032018638045,
      "mAP75": 0.8554611687393449,
      "mAP_small": null,
      "mAP_medium": null,
      "mAP_large": 0.7178717480618199,
      "AR1": 0.7765550239234449,
      "AR10": 0.7851674641148325,
      "AR100": 0.7851674641148325,
      "AR_small": null,
      "AR_medium": null,
      "AR_large": 0.7851674641148325,
      "objects": 209,
      "positive_images": 207,
      "detections": 862
    }
  },
  "image_level": {
    "positive_images": 352,
    "negative_images": 750,
    "auroc": 0.9933787878787879,
    "average_precision": 0.9871117189735759,
    "fpr_at_target_tpr": {
      "threshold": 0.7720155715942383,
      "tp": 335,
      "fp": 19,
      "tn": 731,
      "fn": 17,
      "tpr": 0.9517045454545454,
      "fpr": 0.025333333333333333,
      "by_negative_group": {
        "negative_in_domain": {
          "negative_images": 439,
          "false_positive_images": 18,
          "fpr": 0.04100227790432802
        },
        "negative_out_domain": {
          "negative_images": 311,
          "false_positive_images": 1,
          "fpr": 0.003215434083601286
        }
      },
      "target_tpr": 0.95
    },
    "recall_at_fpr": {
      "0.01": {
        "max_fpr": 0.01,
        "threshold": 0.9359849691390991,
        "recall": 0.9261363636363636,
        "fpr": 0.009333333333333334,
        "tp": 326,
        "fp": 7,
        "tn": 743,
        "fn": 26
      },
      "0.05": {
        "max_fpr": 0.05,
        "threshold": 0.4062844216823578,
        "recall": 0.9801136363636364,
        "fpr": 0.04133333333333333,
        "tp": 345,
        "fp": 31,
        "tn": 719,
        "fn": 7
      }
    },
    "fixed_threshold": {
      "threshold": 0.25,
      "tp": 345,
      "fp": 42,
      "tn": 708,
      "fn": 7,
      "tpr": 0.9801136363636364,
      "fpr": 0.056,
      "by_negative_group": {
        "negative_in_domain": {
          "negative_images": 439,
          "false_positive_images": 36,
          "fpr": 0.08200455580865604
        },
        "negative_out_domain": {
          "negative_images": 311,
          "false_positive_images": 6,
          "fpr": 0.01929260450160772
        }
      }
    }
  }
}
