{
  "mAP": 0.5937556016872889,
  "mAP50": 0.9095282326932178,
  "mAP75": 0.6604132504297855,
  "mAP_small": null,
  "mAP_medium": 0.1990363799674119,
  "mAP_large": 0.6245889993484615,
  "AR1": 0.5915422885572139,
  "AR10": 0.6733830845771144,
  "AR100": 0.6751243781094527,
  "AR_small": null,
  "AR_medium": 0.43611111111111106,
  "AR_large": 0.6986338797814208,
  "mAP_tiny_rel": 0.09267537497814775,
  "mAP50_tiny_rel": 0.2914143954698123,
  "mAP75_tiny_rel": 0.008620965522538031,
  "AR100_tiny_rel": 0.35882352941176465,
  "mAP_small_rel": 0.34964362538294874,
  "mAP50_small_rel": 0.6238698570733686,
  "mAP75_small_rel": 0.3330264361031059,
  "AR100_small_rel": 0.49350649350649345,
  "mAP_medium_rel": 0.4818293215735026,
  "mAP50_medium_rel": 0.7473867738507125,
  "mAP75_medium_rel": 0.5512327850681598,
  "AR100_medium_rel": 0.5989898989898991,
  "mAP_large_rel": 0.6591311357097172,
  "mAP50_large_rel": 0.9294227149963202,
  "mAP75_large_rel": 0.7799086491173539,
  "AR100_large_rel": 0.7382775119617225,
  "mAP_tiny": 0.09267537497814775,
  "image_AUROC": 0.9836931818181818,
  "image_AP": 0.9669669803027128,
  "FPR@95TPR": 0.06933333333333333,
  "threshold@95TPR": 0.3481101393699646,
  "TPR@95TPR": 0.9517045454545454,
  "Recall@FPR=1%": 0.7982954545454546,
  "Recall@FPR=5%": 0.9403409090909091,
  "in_domain_FPR@95TPR": 0.10933940774487472,
  "out_domain_FPR@95TPR": 0.012861736334405145,
  "in_domain_FPR@fixed": 0.13895216400911162,
  "out_domain_FPR@fixed": 0.01607717041800643,
  "split": "val",
  "images": 1102,
  "ground_truth_objects": 402,
  "input_predictions": 13048,
  "detections": 13048,
  "invalid_predictions_dropped": 0,
  "fppi_threshold": 0.25,
  "false_positives_on_negatives": {
    "total_negative_images": 750,
    "total_false_positives": 85,
    "fppi": 0.11333333333333333,
    "by_group": {
      "negative_in_domain": {
        "negative_images": 439,
        "false_positives": 71,
        "fppi": 0.16173120728929385
      },
      "negative_out_domain": {
        "negative_images": 311,
        "false_positives": 14,
        "fppi": 0.04501607717041801
      }
    }
  },
  "predictions_above_fppi_threshold_by_group": {
    "negative_in_domain": 71,
    "negative_out_domain": 14,
    "positive": 499
  },
  "relative_scale_metrics": {
    "tiny": {
      "mAP": 0.09267537497814775,
      "mAP50": 0.2914143954698123,
      "mAP75": 0.008620965522538031,
      "mAP_small": null,
      "mAP_medium": 0.10654494545939851,
      "mAP_large": 0.05714285714285712,
      "AR1": 0.1588235294117647,
      "AR10": 0.35882352941176465,
      "AR100": 0.35882352941176465,
      "AR_small": null,
      "AR_medium": 0.35625,
      "AR_large": 0.4,
      "objects": 17,
      "positive_images": 14,
      "detections": 3925
    },
    "small": {
      "mAP": 0.34964362538294874,
      "mAP50": 0.6238698570733686,
      "mAP75": 0.3330264361031059,
      "mAP_small": null,
      "mAP_medium": 0.16090887974885013,
      "mAP_large": 0.4221974128829708,
      "AR1": 0.30779220779220784,
      "AR10": 0.4922077922077922,
      "AR100": 0.49350649350649345,
      "AR_small": null,
      "AR_medium": 0.35,
      "AR_large": 0.543859649122807,
      "objects": 77,
      "positive_images": 51,
      "detections": 5620
    },
    "medium": {
      "mAP": 0.4818293215735026,
      "mAP50": 0.7473867738507125,
      "mAP75": 0.5512327850681598,
      "mAP_small": null,
      "mAP_medium": null,
      "mAP_large": 0.48246403394731197,
      "AR1": 0.5393939393939393,
      "AR10": 0.5989898989898991,
      "AR100": 0.5989898989898991,
      "AR_small": null,
      "AR_medium": null,
      "AR_large": 0.5989898989898991,
      "objects": 99,
      "positive_images": 94,
      "detections": 2534
    },
    "large": {
      "mAP": 0.6591311357097172,
      "mAP50": 0.9294227149963202,
      "mAP75": 0.7799086491173539,
      "mAP_small": null,
      "mAP_medium": null,
      "mAP_large": 0.6591311357097172,
      "AR1": 0.7263157894736842,
      "AR10": 0.7382775119617225,
      "AR100": 0.7382775119617225,
      "AR_small": null,
      "AR_medium": null,
      "AR_large": 0.7382775119617225,
      "objects": 209,
      "positive_images": 207,
      "detections": 969
    }
  },
  "image_level": {
    "positive_images": 352,
    "negative_images": 750,
    "auroc": 0.9836931818181818,
    "average_precision": 0.9669669803027128,
    "fpr_at_target_tpr": {
      "threshold": 0.3481101393699646,
      "tp": 335,
      "fp": 52,
      "tn": 698,
      "fn": 17,
      "tpr": 0.9517045454545454,
      "fpr": 0.06933333333333333,
      "by_negative_group": {
        "negative_in_domain": {
          "negative_images": 439,
          "false_positive_images": 48,
          "fpr": 0.10933940774487472
        },
        "negative_out_domain": {
          "negative_images": 311,
          "false_positive_images": 4,
          "fpr": 0.012861736334405145
        }
      },
      "target_tpr": 0.95
    },
    "recall_at_fpr": {
      "0.01": {
        "max_fpr": 0.01,
        "threshold": 0.9433332681655884,
        "recall": 0.7982954545454546,
        "fpr": 0.009333333333333334,
        "tp": 281,
        "fp": 7,
        "tn": 743,
        "fn": 71
      },
      "0.05": {
        "max_fpr": 0.05,
        "threshold": 0.5494014620780945,
        "recall": 0.9403409090909091,
        "fpr": 0.04533333333333334,
        "tp": 331,
        "fp": 34,
        "tn": 716,
        "fn": 21
      }
    },
    "fixed_threshold": {
      "threshold": 0.25,
      "tp": 339,
      "fp": 66,
      "tn": 684,
      "fn": 13,
      "tpr": 0.9630681818181818,
      "fpr": 0.088,
      "by_negative_group": {
        "negative_in_domain": {
          "negative_images": 439,
          "false_positive_images": 61,
          "fpr": 0.13895216400911162
        },
        "negative_out_domain": {
          "negative_images": 311,
          "false_positive_images": 5,
          "fpr": 0.01607717041800643
        }
      }
    }
  }
}
