{
  "mAP": 0.593601834775068,
  "mAP50": 0.9307182995364482,
  "mAP75": 0.6734730771361277,
  "mAP_small": null,
  "mAP_medium": 0.3471360734334,
  "mAP_large": 0.6118043962205455,
  "AR1": 0.594776119402985,
  "AR10": 0.676865671641791,
  "AR100": 0.6788557213930348,
  "AR_small": null,
  "AR_medium": 0.5638888888888889,
  "AR_large": 0.6901639344262295,
  "mAP_tiny_rel": 0.216842945915657,
  "mAP50_tiny_rel": 0.47762612549120886,
  "mAP75_tiny_rel": 0.15821124165160633,
  "AR100_tiny_rel": 0.4,
  "mAP_small_rel": 0.35359193524056304,
  "mAP50_small_rel": 0.6865050240480713,
  "mAP75_small_rel": 0.297695669004438,
  "AR100_small_rel": 0.5246753246753246,
  "mAP_medium_rel": 0.4927211876804572,
  "mAP50_medium_rel": 0.7697105031402219,
  "mAP75_medium_rel": 0.5150534586132773,
  "AR100_medium_rel": 0.6181818181818182,
  "mAP_large_rel": 0.6391555368944495,
  "mAP50_large_rel": 0.9356009892889804,
  "mAP75_large_rel": 0.7765630318830627,
  "AR100_large_rel": 0.7272727272727273,
  "mAP_tiny": 0.216842945915657,
  "image_AUROC": 0.9899886363636363,
  "image_AP": 0.9800748464070695,
  "FPR@95TPR": 0.025333333333333333,
  "threshold@95TPR": 0.6383185982704163,
  "TPR@95TPR": 0.9517045454545454,
  "Recall@FPR=1%": 0.8778409090909091,
  "Recall@FPR=5%": 0.9659090909090909,
  "in_domain_FPR@95TPR": 0.04100227790432802,
  "out_domain_FPR@95TPR": 0.003215434083601286,
  "in_domain_FPR@fixed": 0.09111617312072894,
  "out_domain_FPR@fixed": 0.02572347266881029,
  "split": "val",
  "images": 1102,
  "ground_truth_objects": 402,
  "input_predictions": 11104,
  "detections": 11104,
  "invalid_predictions_dropped": 0,
  "fppi_threshold": 0.25,
  "false_positives_on_negatives": {
    "total_negative_images": 750,
    "total_false_positives": 66,
    "fppi": 0.088,
    "by_group": {
      "negative_in_domain": {
        "negative_images": 439,
        "false_positives": 53,
        "fppi": 0.12072892938496584
      },
      "negative_out_domain": {
        "negative_images": 311,
        "false_positives": 13,
        "fppi": 0.04180064308681672
      }
    }
  },
  "predictions_above_fppi_threshold_by_group": {
    "negative_in_domain": 53,
    "negative_out_domain": 13,
    "positive": 512
  },
  "relative_scale_metrics": {
    "tiny": {
      "mAP": 0.216842945915657,
      "mAP50": 0.47762612549120886,
      "mAP75": 0.15821124165160633,
      "mAP_small": null,
      "mAP_medium": 0.20903084818243395,
      "mAP_large": 0.5,
      "AR1": 0.18235294117647055,
      "AR10": 0.4,
      "AR100": 0.4,
      "AR_small": null,
      "AR_medium": 0.3875,
      "AR_large": 0.6,
      "objects": 17,
      "positive_images": 14,
      "detections": 3210
    },
    "small": {
      "mAP": 0.35359193524056304,
      "mAP50": 0.6865050240480713,
      "mAP75": 0.297695669004438,
      "mAP_small": null,
      "mAP_medium": 0.25614755258836114,
      "mAP_large": 0.39351057445682697,
      "AR1": 0.3103896103896103,
      "AR10": 0.5233766233766233,
      "AR100": 0.5246753246753246,
      "AR_small": null,
      "AR_medium": 0.48,
      "AR_large": 0.5403508771929825,
      "objects": 77,
      "positive_images": 51,
      "detections": 4069
    },
    "medium": {
      "mAP": 0.4927211876804572,
      "mAP50": 0.7697105031402219,
      "mAP75": 0.5150534586132773,
      "mAP_small": null,
      "mAP_medium": null,
      "mAP_large": 0.49295624856243,
      "AR1": 0.5646464646464647,
      "AR10": 0.6181818181818182,
      "AR100": 0.6181818181818182,
      "AR_small": null,
      "AR_medium": null,
      "AR_large": 0.6181818181818182,
      "objects": 99,
      "positive_images": 94,
      "detections": 2603
    },
    "large": {
      "mAP": 0.6391555368944495,
      "mAP50": 0.9356009892889804,
      "mAP75": 0.7765630318830627,
      "mAP_small": null,
      "mAP_medium": null,
      "mAP_large": 0.6391555368944495,
      "AR1": 0.7157894736842104,
      "AR10": 0.7272727272727273,
      "AR100": 0.7272727272727273,
      "AR_small": null,
      "AR_medium": null,
      "AR_large": 0.7272727272727273,
      "objects": 209,
      "positive_images": 207,
      "detections": 1222
    }
  },
  "image_level": {
    "positive_images": 352,
    "negative_images": 750,
    "auroc": 0.9899886363636363,
    "average_precision": 0.9800748464070695,
    "fpr_at_target_tpr": {
      "threshold": 0.6383185982704163,
      "tp": 335,
      "fp": 19,
      "tn": 731,
      "fn": 17,
      "tpr": 0.9517045454545454,
      "fpr": 0.025333333333333333,
      "by_negative_group": {
        "negative_in_domain": {
          "negative_images": 439,
          "false_positive_images": 18,
          "fpr": 0.04100227790432802
        },
        "negative_out_domain": {
          "negative_images": 311,
          "false_positive_images": 1,
          "fpr": 0.003215434083601286
        }
      },
      "target_tpr": 0.95
    },
    "recall_at_fpr": {
      "0.01": {
        "max_fpr": 0.01,
        "threshold": 0.8791728019714355,
        "recall": 0.8778409090909091,
        "fpr": 0.009333333333333334,
        "tp": 309,
        "fp": 7,
        "tn": 743,
        "fn": 43
      },
      "0.05": {
        "max_fpr": 0.05,
        "threshold": 0.3304683268070221,
        "recall": 0.9659090909090909,
        "fpr": 0.04933333333333333,
        "tp": 340,
        "fp": 37,
        "tn": 713,
        "fn": 12
      }
    },
    "fixed_threshold": {
      "threshold": 0.25,
      "tp": 343,
      "fp": 48,
      "tn": 702,
      "fn": 9,
      "tpr": 0.9744318181818182,
      "fpr": 0.064,
      "by_negative_group": {
        "negative_in_domain": {
          "negative_images": 439,
          "false_positive_images": 40,
          "fpr": 0.09111617312072894
        },
        "negative_out_domain": {
          "negative_images": 311,
          "false_positive_images": 8,
          "fpr": 0.02572347266881029
        }
      }
    }
  }
}
