{
  "mAP": 0.4643581494631182,
  "mAP50": 0.8564709746571745,
  "mAP75": 0.4605830236504935,
  "mAP_small": null,
  "mAP_medium": 0.09043637922055388,
  "mAP_large": 0.4933592413093781,
  "AR1": 0.5064676616915423,
  "AR10": 0.5810945273631841,
  "AR100": 0.5825870646766169,
  "AR_small": null,
  "AR_medium": 0.3861111111111111,
  "AR_large": 0.6019125683060109,
  "mAP_tiny_rel": 0.09500203138970703,
  "mAP50_tiny_rel": 0.28611447735931794,
  "mAP75_tiny_rel": 0.010134871754892024,
  "AR100_tiny_rel": 0.32352941176470584,
  "mAP_small_rel": 0.17680823282758332,
  "mAP50_small_rel": 0.4532631184019485,
  "mAP75_small_rel": 0.07325607479461897,
  "AR100_small_rel": 0.4051948051948052,
  "mAP_medium_rel": 0.3804526244636581,
  "mAP50_medium_rel": 0.6488730576153389,
  "mAP75_medium_rel": 0.46214637551278354,
  "AR100_medium_rel": 0.604040404040404,
  "mAP_large_rel": 0.49908838031579944,
  "mAP50_large_rel": 0.8580589846018816,
  "mAP75_large_rel": 0.5268002389633968,
  "AR100_large_rel": 0.5808612440191389,
  "mAP_tiny": 0.09500203138970703,
  "image_AUROC": 0.9715530303030303,
  "image_AP": 0.9476309809096074,
  "FPR@95TPR": 0.15466666666666667,
  "threshold@95TPR": 0.3544192612171173,
  "TPR@95TPR": 0.9517045454545454,
  "Recall@FPR=1%": 0.7414772727272727,
  "Recall@FPR=5%": 0.84375,
  "in_domain_FPR@95TPR": 0.1867881548974943,
  "out_domain_FPR@95TPR": 0.10932475884244373,
  "in_domain_FPR@fixed": 0.2528473804100228,
  "out_domain_FPR@fixed": 0.1382636655948553,
  "split": "val",
  "images": 1102,
  "ground_truth_objects": 402,
  "input_predictions": 20407,
  "detections": 20407,
  "invalid_predictions_dropped": 0,
  "fppi_threshold": 0.25,
  "false_positives_on_negatives": {
    "total_negative_images": 750,
    "total_false_positives": 203,
    "fppi": 0.27066666666666667,
    "by_group": {
      "negative_in_domain": {
        "negative_images": 439,
        "false_positives": 141,
        "fppi": 0.3211845102505695
      },
      "negative_out_domain": {
        "negative_images": 311,
        "false_positives": 62,
        "fppi": 0.19935691318327975
      }
    }
  },
  "predictions_above_fppi_threshold_by_group": {
    "negative_in_domain": 141,
    "negative_out_domain": 62,
    "positive": 526
  },
  "relative_scale_metrics": {
    "tiny": {
      "mAP": 0.09500203138970703,
      "mAP50": 0.28611447735931794,
      "mAP75": 0.010134871754892024,
      "mAP_small": null,
      "mAP_medium": 0.13544900976187443,
      "mAP_large": 0.07666666666666667,
      "AR1": 0.1764705882352941,
      "AR10": 0.32352941176470584,
      "AR100": 0.32352941176470584,
      "AR_small": null,
      "AR_medium": 0.31875,
      "AR_large": 0.4,
      "objects": 17,
      "positive_images": 14,
      "detections": 5036
    },
    "small": {
      "mAP": 0.17680823282758332,
      "mAP50": 0.4532631184019485,
      "mAP75": 0.07325607479461897,
      "mAP_small": null,
      "mAP_medium": 0.07608340777475353,
      "mAP_large": 0.21836203403507687,
      "AR1": 0.2207792207792208,
      "AR10": 0.4051948051948052,
      "AR100": 0.4051948051948052,
      "AR_small": null,
      "AR_medium": 0.36,
      "AR_large": 0.42105263157894735,
      "objects": 77,
      "positive_images": 51,
      "detections": 8903
    },
    "medium": {
      "mAP": 0.3804526244636581,
      "mAP50": 0.6488730576153389,
      "mAP75": 0.46214637551278354,
      "mAP_small": null,
      "mAP_medium": null,
      "mAP_large": 0.38100525393104584,
      "AR1": 0.5555555555555556,
      "AR10": 0.604040404040404,
      "AR100": 0.604040404040404,
      "AR_small": null,
      "AR_medium": null,
      "AR_large": 0.604040404040404,
      "objects": 99,
      "positive_images": 94,
      "detections": 4684
    },
    "large": {
      "mAP": 0.49908838031579944,
      "mAP50": 0.8580589846018816,
      "mAP75": 0.5268002389633968,
      "mAP_small": null,
      "mAP_medium": null,
      "mAP_large": 0.49908962992609157,
      "AR1": 0.5717703349282297,
      "AR10": 0.5808612440191389,
      "AR100": 0.5808612440191389,
      "AR_small": null,
      "AR_medium": null,
      "AR_large": 0.5808612440191389,
      "objects": 209,
      "positive_images": 207,
      "detections": 1784
    }
  },
  "image_level": {
    "positive_images": 352,
    "negative_images": 750,
    "auroc": 0.9715530303030303,
    "average_precision": 0.9476309809096074,
    "fpr_at_target_tpr": {
      "threshold": 0.3544192612171173,
      "tp": 335,
      "fp": 116,
      "tn": 634,
      "fn": 17,
      "tpr": 0.9517045454545454,
      "fpr": 0.15466666666666667,
      "by_negative_group": {
        "negative_in_domain": {
          "negative_images": 439,
          "false_positive_images": 82,
          "fpr": 0.1867881548974943
        },
        "negative_out_domain": {
          "negative_images": 311,
          "false_positive_images": 34,
          "fpr": 0.10932475884244373
        }
      },
      "target_tpr": 0.95
    },
    "recall_at_fpr": {
      "0.01": {
        "max_fpr": 0.01,
        "threshold": 0.9438187479972839,
        "recall": 0.7414772727272727,
        "fpr": 0.009333333333333334,
        "tp": 261,
        "fp": 7,
        "tn": 743,
        "fn": 91
      },
      "0.05": {
        "max_fpr": 0.05,
        "threshold": 0.7839831113815308,
        "recall": 0.84375,
        "fpr": 0.048,
        "tp": 297,
        "fp": 36,
        "tn": 714,
        "fn": 55
      }
    },
    "fixed_threshold": {
      "threshold": 0.25,
      "tp": 343,
      "fp": 154,
      "tn": 596,
      "fn": 9,
      "tpr": 0.9744318181818182,
      "fpr": 0.20533333333333334,
      "by_negative_group": {
        "negative_in_domain": {
          "negative_images": 439,
          "false_positive_images": 111,
          "fpr": 0.2528473804100228
        },
        "negative_out_domain": {
          "negative_images": 311,
          "false_positive_images": 43,
          "fpr": 0.1382636655948553
        }
      }
    }
  }
}
