{
  "mAP": 0.6709325198423441,
  "mAP50": 0.9579096798886938,
  "mAP75": 0.7703119749613729,
  "mAP_small": null,
  "mAP_medium": 0.5088432181292133,
  "mAP_large": 0.6848818354446965,
  "AR1": 0.645273631840796,
  "AR10": 0.736318407960199,
  "AR100": 0.737313432835821,
  "AR_small": null,
  "AR_medium": 0.6194444444444445,
  "AR_large": 0.7489071038251367,
  "mAP_tiny_rel": 0.4119238391333232,
  "mAP50_tiny_rel": 0.7495285371783548,
  "mAP75_tiny_rel": 0.42371974039509214,
  "AR100_tiny_rel": 0.5647058823529412,
  "mAP_small_rel": 0.47574680896685223,
  "mAP50_small_rel": 0.7682357745564524,
  "mAP75_small_rel": 0.5290241698802177,
  "AR100_small_rel": 0.5792207792207792,
  "mAP_medium_rel": 0.5703677450352503,
  "mAP50_medium_rel": 0.8328969626981023,
  "mAP75_medium_rel": 0.648649289907677,
  "AR100_medium_rel": 0.6666666666666667,
  "mAP_large_rel": 0.7175321338705114,
  "mAP50_large_rel": 0.9435830034271474,
  "mAP75_large_rel": 0.8445515221230981,
  "AR100_large_rel": 0.7875598086124402,
  "mAP_tiny": 0.4119238391333232,
  "image_AUROC": 0.9934242424242424,
  "image_AP": 0.9871684136532783,
  "FPR@95TPR": 0.025333333333333333,
  "threshold@95TPR": 0.7586426734924316,
  "TPR@95TPR": 0.9517045454545454,
  "Recall@FPR=1%": 0.9232954545454546,
  "Recall@FPR=5%": 0.9801136363636364,
  "in_domain_FPR@95TPR": 0.04100227790432802,
  "out_domain_FPR@95TPR": 0.003215434083601286,
  "in_domain_FPR@fixed": 0.08200455580865604,
  "out_domain_FPR@fixed": 0.01929260450160772,
  "split": "val",
  "images": 1102,
  "ground_truth_objects": 402,
  "input_predictions": 3307,
  "detections": 3307,
  "invalid_predictions_dropped": 0,
  "fppi_threshold": 0.25,
  "false_positives_on_negatives": {
    "total_negative_images": 750,
    "total_false_positives": 54,
    "fppi": 0.072,
    "by_group": {
      "negative_in_domain": {
        "negative_images": 439,
        "false_positives": 44,
        "fppi": 0.10022779043280182
      },
      "negative_out_domain": {
        "negative_images": 311,
        "false_positives": 10,
        "fppi": 0.03215434083601286
      }
    }
  },
  "predictions_above_fppi_threshold_by_group": {
    "negative_in_domain": 44,
    "negative_out_domain": 10,
    "positive": 466
  },
  "relative_scale_metrics": {
    "tiny": {
      "mAP": 0.4119238391333232,
      "mAP50": 0.7495285371783548,
      "mAP75": 0.42371974039509214,
      "mAP_small": null,
      "mAP_medium": 0.401733554180501,
      "mAP_large": 0.7999999999999999,
      "AR1": 0.4588235294117647,
      "AR10": 0.5647058823529412,
      "AR100": 0.5647058823529412,
      "AR_small": null,
      "AR_medium": 0.55,
      "AR_large": 0.8,
      "objects": 17,
      "positive_images": 14,
      "detections": 432
    },
    "small": {
      "mAP": 0.47574680896685223,
      "mAP50": 0.7682357745564524,
      "mAP75": 0.5290241698802177,
      "mAP_small": null,
      "mAP_medium": 0.36816925699907055,
      "mAP_large": 0.517928861908679,
      "AR1": 0.3766233766233766,
      "AR10": 0.5792207792207792,
      "AR100": 0.5792207792207792,
      "AR_small": null,
      "AR_medium": 0.48999999999999994,
      "AR_large": 0.6105263157894737,
      "objects": 77,
      "positive_images": 51,
      "detections": 731
    },
    "medium": {
      "mAP": 0.5703677450352503,
      "mAP50": 0.8328969626981023,
      "mAP75": 0.648649289907677,
      "mAP_small": null,
      "mAP_medium": null,
      "mAP_large": 0.5707092020430007,
      "AR1": 0.6050505050505051,
      "AR10": 0.6666666666666667,
      "AR100": 0.6666666666666667,
      "AR_small": null,
      "AR_medium": null,
      "AR_large": 0.6666666666666667,
      "objects": 99,
      "positive_images": 94,
      "detections": 1270
    },
    "large": {
      "mAP": 0.7175321338705114,
      "mAP50": 0.9435830034271474,
      "mAP75": 0.8445515221230981,
      "mAP_small": null,
      "mAP_medium": null,
      "mAP_large": 0.7175321338705114,
      "AR1": 0.7779904306220095,
      "AR10": 0.7875598086124402,
      "AR100": 0.7875598086124402,
      "AR_small": null,
      "AR_medium": null,
      "AR_large": 0.7875598086124402,
      "objects": 209,
      "positive_images": 207,
      "detections": 874
    }
  },
  "image_level": {
    "positive_images": 352,
    "negative_images": 750,
    "auroc": 0.9934242424242424,
    "average_precision": 0.9871684136532783,
    "fpr_at_target_tpr": {
      "threshold": 0.7586426734924316,
      "tp": 335,
      "fp": 19,
      "tn": 731,
      "fn": 17,
      "tpr": 0.9517045454545454,
      "fpr": 0.025333333333333333,
      "by_negative_group": {
        "negative_in_domain": {
          "negative_images": 439,
          "false_positive_images": 18,
          "fpr": 0.04100227790432802
        },
        "negative_out_domain": {
          "negative_images": 311,
          "false_positive_images": 1,
          "fpr": 0.003215434083601286
        }
      },
      "target_tpr": 0.95
    },
    "recall_at_fpr": {
      "0.01": {
        "max_fpr": 0.01,
        "threshold": 0.9387157559394836,
        "recall": 0.9232954545454546,
        "fpr": 0.008,
        "tp": 325,
        "fp": 6,
        "tn": 744,
        "fn": 27
      },
      "0.05": {
        "max_fpr": 0.05,
        "threshold": 0.39893844723701477,
        "recall": 0.9801136363636364,
        "fpr": 0.042666666666666665,
        "tp": 345,
        "fp": 32,
        "tn": 718,
        "fn": 7
      }
    },
    "fixed_threshold": {
      "threshold": 0.25,
      "tp": 345,
      "fp": 42,
      "tn": 708,
      "fn": 7,
      "tpr": 0.9801136363636364,
      "fpr": 0.056,
      "by_negative_group": {
        "negative_in_domain": {
          "negative_images": 439,
          "false_positive_images": 36,
          "fpr": 0.08200455580865604
        },
        "negative_out_domain": {
          "negative_images": 311,
          "false_positive_images": 6,
          "fpr": 0.01929260450160772
        }
      }
    }
  }
}
