{
  "mAP": 0.6025646692302776,
  "mAP50": 0.9366428085131058,
  "mAP75": 0.6952943832878766,
  "mAP_small": null,
  "mAP_medium": 0.3348148880944465,
  "mAP_large": 0.6233049314617373,
  "AR1": 0.5987562189054726,
  "AR10": 0.6835820895522388,
  "AR100": 0.6850746268656717,
  "AR_small": null,
  "AR_medium": 0.5416666666666667,
  "AR_large": 0.6991803278688524,
  "mAP_tiny_rel": 0.19842378599896132,
  "mAP50_tiny_rel": 0.4900938031097515,
  "mAP75_tiny_rel": 0.13754141371583967,
  "AR100_tiny_rel": 0.36470588235294116,
  "mAP_small_rel": 0.3626791959002958,
  "mAP50_small_rel": 0.7065886372019593,
  "mAP75_small_rel": 0.3252477120885466,
  "AR100_small_rel": 0.5246753246753246,
  "mAP_medium_rel": 0.4944896418241218,
  "mAP50_medium_rel": 0.7801853207367869,
  "mAP75_medium_rel": 0.5445023092504988,
  "AR100_medium_rel": 0.6191919191919191,
  "mAP_large_rel": 0.6584263250829063,
  "mAP50_large_rel": 0.941480629789346,
  "mAP75_large_rel": 0.8029369487216729,
  "AR100_large_rel": 0.7464114832535885,
  "mAP_tiny": 0.19842378599896132,
  "image_AUROC": 0.9908598484848485,
  "image_AP": 0.9796207416664046,
  "FPR@95TPR": 0.024,
  "threshold@95TPR": 0.6777964234352112,
  "TPR@95TPR": 0.9517045454545454,
  "Recall@FPR=1%": 0.8920454545454546,
  "Recall@FPR=5%": 0.96875,
  "in_domain_FPR@95TPR": 0.0387243735763098,
  "out_domain_FPR@95TPR": 0.003215434083601286,
  "in_domain_FPR@fixed": 0.10022779043280182,
  "out_domain_FPR@fixed": 0.022508038585209004,
  "split": "val",
  "images": 1102,
  "ground_truth_objects": 402,
  "input_predictions": 8890,
  "detections": 8890,
  "invalid_predictions_dropped": 0,
  "fppi_threshold": 0.25,
  "false_positives_on_negatives": {
    "total_negative_images": 750,
    "total_false_positives": 65,
    "fppi": 0.08666666666666667,
    "by_group": {
      "negative_in_domain": {
        "negative_images": 439,
        "false_positives": 53,
        "fppi": 0.12072892938496584
      },
      "negative_out_domain": {
        "negative_images": 311,
        "false_positives": 12,
        "fppi": 0.03858520900321544
      }
    }
  },
  "predictions_above_fppi_threshold_by_group": {
    "negative_in_domain": 53,
    "negative_out_domain": 12,
    "positive": 498
  },
  "relative_scale_metrics": {
    "tiny": {
      "mAP": 0.19842378599896132,
      "mAP50": 0.4900938031097515,
      "mAP75": 0.13754141371583967,
      "mAP_small": null,
      "mAP_medium": 0.20860639131199366,
      "mAP_large": 0.15,
      "AR1": 0.27058823529411763,
      "AR10": 0.35882352941176465,
      "AR100": 0.36470588235294116,
      "AR_small": null,
      "AR_medium": 0.36875,
      "AR_large": 0.3,
      "objects": 17,
      "positive_images": 14,
      "detections": 2276
    },
    "small": {
      "mAP": 0.3626791959002958,
      "mAP50": 0.7065886372019593,
      "mAP75": 0.3252477120885466,
      "mAP_small": null,
      "mAP_medium": 0.24717557555787278,
      "mAP_large": 0.40799593095049014,
      "AR1": 0.2987012987012987,
      "AR10": 0.5233766233766233,
      "AR100": 0.5246753246753246,
      "AR_small": null,
      "AR_medium": 0.475,
      "AR_large": 0.5421052631578946,
      "objects": 77,
      "positive_images": 51,
      "detections": 3075
    },
    "medium": {
      "mAP": 0.4944896418241218,
      "mAP50": 0.7801853207367869,
      "mAP75": 0.5445023092504988,
      "mAP_small": null,
      "mAP_medium": null,
      "mAP_large": 0.4948453665228,
      "AR1": 0.5636363636363636,
      "AR10": 0.6191919191919191,
      "AR100": 0.6191919191919191,
      "AR_small": null,
      "AR_medium": null,
      "AR_large": 0.6191919191919191,
      "objects": 99,
      "positive_images": 94,
      "detections": 2346
    },
    "large": {
      "mAP": 0.6584263250829063,
      "mAP50": 0.941480629789346,
      "mAP75": 0.8029369487216729,
      "mAP_small": null,
      "mAP_medium": null,
      "mAP_large": 0.658426625112031,
      "AR1": 0.7373205741626794,
      "AR10": 0.7464114832535885,
      "AR100": 0.7464114832535885,
      "AR_small": null,
      "AR_medium": null,
      "AR_large": 0.7464114832535885,
      "objects": 209,
      "positive_images": 207,
      "detections": 1193
    }
  },
  "image_level": {
    "positive_images": 352,
    "negative_images": 750,
    "auroc": 0.9908598484848485,
    "average_precision": 0.9796207416664046,
    "fpr_at_target_tpr": {
      "threshold": 0.6777964234352112,
      "tp": 335,
      "fp": 18,
      "tn": 732,
      "fn": 17,
      "tpr": 0.9517045454545454,
      "fpr": 0.024,
      "by_negative_group": {
        "negative_in_domain": {
          "negative_images": 439,
          "false_positive_images": 17,
          "fpr": 0.0387243735763098
        },
        "negative_out_domain": {
          "negative_images": 311,
          "false_positive_images": 1,
          "fpr": 0.003215434083601286
        }
      },
      "target_tpr": 0.95
    },
    "recall_at_fpr": {
      "0.01": {
        "max_fpr": 0.01,
        "threshold": 0.8957096338272095,
        "recall": 0.8920454545454546,
        "fpr": 0.009333333333333334,
        "tp": 314,
        "fp": 7,
        "tn": 743,
        "fn": 38
      },
      "0.05": {
        "max_fpr": 0.05,
        "threshold": 0.363063246011734,
        "recall": 0.96875,
        "fpr": 0.04933333333333333,
        "tp": 341,
        "fp": 37,
        "tn": 713,
        "fn": 11
      }
    },
    "fixed_threshold": {
      "threshold": 0.25,
      "tp": 343,
      "fp": 51,
      "tn": 699,
      "fn": 9,
      "tpr": 0.9744318181818182,
      "fpr": 0.068,
      "by_negative_group": {
        "negative_in_domain": {
          "negative_images": 439,
          "false_positive_images": 44,
          "fpr": 0.10022779043280182
        },
        "negative_out_domain": {
          "negative_images": 311,
          "false_positive_images": 7,
          "fpr": 0.022508038585209004
        }
      }
    }
  }
}
