{
  "mAP": 0.5783864226735731,
  "mAP50": 0.9058018808443218,
  "mAP75": 0.6432654014916381,
  "mAP_small": null,
  "mAP_medium": 0.17787904317946146,
  "mAP_large": 0.6101969426862873,
  "AR1": 0.5808457711442786,
  "AR10": 0.657960199004975,
  "AR100": 0.6601990049751244,
  "AR_small": null,
  "AR_medium": 0.40555555555555556,
  "AR_large": 0.6852459016393443,
  "mAP_tiny_rel": 0.09414322141201932,
  "mAP50_tiny_rel": 0.3163227772299904,
  "mAP75_tiny_rel": 6.659858810993207e-05,
  "AR100_tiny_rel": 0.3352941176470588,
  "mAP_small_rel": 0.3360206471959528,
  "mAP50_small_rel": 0.6274812240960428,
  "mAP75_small_rel": 0.347048979794369,
  "AR100_small_rel": 0.48701298701298706,
  "mAP_medium_rel": 0.4495703399147918,
  "mAP50_medium_rel": 0.7018528216787441,
  "mAP75_medium_rel": 0.49984707949617146,
  "AR100_medium_rel": 0.5888888888888888,
  "mAP_large_rel": 0.6375391722723587,
  "mAP50_large_rel": 0.9218357545958363,
  "mAP75_large_rel": 0.7691367629337039,
  "AR100_large_rel": 0.7181818181818181,
  "mAP_tiny": 0.09414322141201932,
  "image_AUROC": 0.983564393939394,
  "image_AP": 0.9679983064970056,
  "FPR@95TPR": 0.07866666666666666,
  "threshold@95TPR": 0.33007150888442993,
  "TPR@95TPR": 0.9517045454545454,
  "Recall@FPR=1%": 0.7784090909090909,
  "Recall@FPR=5%": 0.9346590909090909,
  "in_domain_FPR@95TPR": 0.12072892938496584,
  "out_domain_FPR@95TPR": 0.01929260450160772,
  "in_domain_FPR@fixed": 0.13211845102505695,
  "out_domain_FPR@fixed": 0.03215434083601286,
  "split": "val",
  "images": 1102,
  "ground_truth_objects": 402,
  "input_predictions": 14086,
  "detections": 14086,
  "invalid_predictions_dropped": 0,
  "fppi_threshold": 0.25,
  "false_positives_on_negatives": {
    "total_negative_images": 750,
    "total_false_positives": 81,
    "fppi": 0.108,
    "by_group": {
      "negative_in_domain": {
        "negative_images": 439,
        "false_positives": 63,
        "fppi": 0.14350797266514806
      },
      "negative_out_domain": {
        "negative_images": 311,
        "false_positives": 18,
        "fppi": 0.05787781350482315
      }
    }
  },
  "predictions_above_fppi_threshold_by_group": {
    "negative_in_domain": 63,
    "negative_out_domain": 18,
    "positive": 494
  },
  "relative_scale_metrics": {
    "tiny": {
      "mAP": 0.09414322141201932,
      "mAP50": 0.3163227772299904,
      "mAP75": 6.659858810993207e-05,
      "mAP_small": null,
      "mAP_medium": 0.10966271195966348,
      "mAP_large": 0.06000000000000001,
      "AR1": 0.1588235294117647,
      "AR10": 0.3352941176470588,
      "AR100": 0.3352941176470588,
      "AR_small": null,
      "AR_medium": 0.3375,
      "AR_large": 0.3,
      "objects": 17,
      "positive_images": 14,
      "detections": 4004
    },
    "small": {
      "mAP": 0.3360206471959528,
      "mAP50": 0.6274812240960428,
      "mAP75": 0.347048979794369,
      "mAP_small": null,
      "mAP_medium": 0.18242001813521308,
      "mAP_large": 0.3927584970606468,
      "AR1": 0.28961038961038954,
      "AR10": 0.4818181818181818,
      "AR100": 0.48701298701298706,
      "AR_small": null,
      "AR_medium": 0.365,
      "AR_large": 0.5298245614035088,
      "objects": 77,
      "positive_images": 51,
      "detections": 6112
    },
    "medium": {
      "mAP": 0.4495703399147918,
      "mAP50": 0.7018528216787441,
      "mAP75": 0.49984707949617146,
      "mAP_small": null,
      "mAP_medium": null,
      "mAP_large": 0.45001822495875127,
      "AR1": 0.5363636363636364,
      "AR10": 0.5888888888888888,
      "AR100": 0.5888888888888888,
      "AR_small": null,
      "AR_medium": null,
      "AR_large": 0.5888888888888888,
      "objects": 99,
      "positive_images": 94,
      "detections": 2874
    },
    "large": {
      "mAP": 0.6375391722723587,
      "mAP50": 0.9218357545958363,
      "mAP75": 0.7691367629337039,
      "mAP_small": null,
      "mAP_medium": null,
      "mAP_large": 0.6375391722723587,
      "AR1": 0.7086124401913875,
      "AR10": 0.7181818181818181,
      "AR100": 0.7181818181818181,
      "AR_small": null,
      "AR_medium": null,
      "AR_large": 0.7181818181818181,
      "objects": 209,
      "positive_images": 207,
      "detections": 1096
    }
  },
  "image_level": {
    "positive_images": 352,
    "negative_images": 750,
    "auroc": 0.983564393939394,
    "average_precision": 0.9679983064970056,
    "fpr_at_target_tpr": {
      "threshold": 0.33007150888442993,
      "tp": 335,
      "fp": 59,
      "tn": 691,
      "fn": 17,
      "tpr": 0.9517045454545454,
      "fpr": 0.07866666666666666,
      "by_negative_group": {
        "negative_in_domain": {
          "negative_images": 439,
          "false_positive_images": 53,
          "fpr": 0.12072892938496584
        },
        "negative_out_domain": {
          "negative_images": 311,
          "false_positive_images": 6,
          "fpr": 0.01929260450160772
        }
      },
      "target_tpr": 0.95
    },
    "recall_at_fpr": {
      "0.01": {
        "max_fpr": 0.01,
        "threshold": 0.9467971920967102,
        "recall": 0.7784090909090909,
        "fpr": 0.009333333333333334,
        "tp": 274,
        "fp": 7,
        "tn": 743,
        "fn": 78
      },
      "0.05": {
        "max_fpr": 0.05,
        "threshold": 0.5281495451927185,
        "recall": 0.9346590909090909,
        "fpr": 0.04666666666666667,
        "tp": 329,
        "fp": 35,
        "tn": 715,
        "fn": 23
      }
    },
    "fixed_threshold": {
      "threshold": 0.25,
      "tp": 340,
      "fp": 68,
      "tn": 682,
      "fn": 12,
      "tpr": 0.9659090909090909,
      "fpr": 0.09066666666666667,
      "by_negative_group": {
        "negative_in_domain": {
          "negative_images": 439,
          "false_positive_images": 58,
          "fpr": 0.13211845102505695
        },
        "negative_out_domain": {
          "negative_images": 311,
          "false_positive_images": 10,
          "fpr": 0.03215434083601286
        }
      }
    }
  }
}
