{
  "mAP": 0.5962679260557187,
  "mAP50": 0.9293661497419099,
  "mAP75": 0.6711755114510966,
  "mAP_small": null,
  "mAP_medium": 0.2589603591789608,
  "mAP_large": 0.6210314169288281,
  "AR1": 0.5915422885572139,
  "AR10": 0.6753731343283582,
  "AR100": 0.6756218905472637,
  "AR_small": null,
  "AR_medium": 0.48888888888888893,
  "AR_large": 0.6939890710382514,
  "mAP_tiny_rel": 0.29163604209942706,
  "mAP50_tiny_rel": 0.6865596371842272,
  "mAP75_tiny_rel": 0.169287752019754,
  "AR100_tiny_rel": 0.40588235294117647,
  "mAP_small_rel": 0.3789798673564433,
  "mAP50_small_rel": 0.71214440780135,
  "mAP75_small_rel": 0.35860163944479917,
  "AR100_small_rel": 0.5207792207792209,
  "mAP_medium_rel": 0.47724180099626834,
  "mAP50_medium_rel": 0.7574996430675015,
  "mAP75_medium_rel": 0.5161576141721794,
  "AR100_medium_rel": 0.6121212121212121,
  "mAP_large_rel": 0.6480063369173631,
  "mAP50_large_rel": 0.9328480805805643,
  "mAP75_large_rel": 0.7743585402935165,
  "AR100_large_rel": 0.7315789473684211,
  "mAP_tiny": 0.29163604209942706,
  "image_AUROC": 0.9883333333333333,
  "image_AP": 0.9744146756996179,
  "FPR@95TPR": 0.04533333333333334,
  "threshold@95TPR": 0.45895642042160034,
  "TPR@95TPR": 0.9517045454545454,
  "Recall@FPR=1%": 0.8210227272727273,
  "Recall@FPR=5%": 0.9545454545454546,
  "in_domain_FPR@95TPR": 0.07517084282460136,
  "out_domain_FPR@95TPR": 0.003215434083601286,
  "in_domain_FPR@fixed": 0.11389521640091116,
  "out_domain_FPR@fixed": 0.01607717041800643,
  "split": "val",
  "images": 1102,
  "ground_truth_objects": 402,
  "input_predictions": 9356,
  "detections": 9356,
  "invalid_predictions_dropped": 0,
  "fppi_threshold": 0.25,
  "false_positives_on_negatives": {
    "total_negative_images": 750,
    "total_false_positives": 69,
    "fppi": 0.092,
    "by_group": {
      "negative_in_domain": {
        "negative_images": 439,
        "false_positives": 60,
        "fppi": 0.1366742596810934
      },
      "negative_out_domain": {
        "negative_images": 311,
        "false_positives": 9,
        "fppi": 0.028938906752411574
      }
    }
  },
  "predictions_above_fppi_threshold_by_group": {
    "negative_in_domain": 60,
    "negative_out_domain": 9,
    "positive": 475
  },
  "relative_scale_metrics": {
    "tiny": {
      "mAP": 0.29163604209942706,
      "mAP50": 0.6865596371842272,
      "mAP75": 0.169287752019754,
      "mAP_small": null,
      "mAP_medium": 0.26539493786608775,
      "mAP_large": 0.6999999999999998,
      "AR1": 0.2588235294117647,
      "AR10": 0.4,
      "AR100": 0.40588235294117647,
      "AR_small": null,
      "AR_medium": 0.3875,
      "AR_large": 0.7,
      "objects": 17,
      "positive_images": 14,
      "detections": 2395
    },
    "small": {
      "mAP": 0.3789798673564433,
      "mAP50": 0.71214440780135,
      "mAP75": 0.35860163944479917,
      "mAP_small": null,
      "mAP_medium": 0.19853180846934612,
      "mAP_large": 0.44777100766776995,
      "AR1": 0.3363636363636363,
      "AR10": 0.5207792207792209,
      "AR100": 0.5207792207792209,
      "AR_small": null,
      "AR_medium": 0.41,
      "AR_large": 0.5596491228070175,
      "objects": 77,
      "positive_images": 51,
      "detections": 3336
    },
    "medium": {
      "mAP": 0.47724180099626834,
      "mAP50": 0.7574996430675015,
      "mAP75": 0.5161576141721794,
      "mAP_small": null,
      "mAP_medium": null,
      "mAP_large": 0.4776971010547318,
      "AR1": 0.5535353535353535,
      "AR10": 0.6121212121212121,
      "AR100": 0.6121212121212121,
      "AR_small": null,
      "AR_medium": null,
      "AR_large": 0.6121212121212121,
      "objects": 99,
      "positive_images": 94,
      "detections": 2366
    },
    "large": {
      "mAP": 0.6480063369173631,
      "mAP50": 0.9328480805805643,
      "mAP75": 0.7743585402935165,
      "mAP_small": null,
      "mAP_medium": null,
      "mAP_large": 0.6480063369173631,
      "AR1": 0.7239234449760765,
      "AR10": 0.7315789473684211,
      "AR100": 0.7315789473684211,
      "AR_small": null,
      "AR_medium": null,
      "AR_large": 0.7315789473684211,
      "objects": 209,
      "positive_images": 207,
      "detections": 1259
    }
  },
  "image_level": {
    "positive_images": 352,
    "negative_images": 750,
    "auroc": 0.9883333333333333,
    "average_precision": 0.9744146756996179,
    "fpr_at_target_tpr": {
      "threshold": 0.45895642042160034,
      "tp": 335,
      "fp": 34,
      "tn": 716,
      "fn": 17,
      "tpr": 0.9517045454545454,
      "fpr": 0.04533333333333334,
      "by_negative_group": {
        "negative_in_domain": {
          "negative_images": 439,
          "false_positive_images": 33,
          "fpr": 0.07517084282460136
        },
        "negative_out_domain": {
          "negative_images": 311,
          "false_positive_images": 1,
          "fpr": 0.003215434083601286
        }
      },
      "target_tpr": 0.95
    },
    "recall_at_fpr": {
      "0.01": {
        "max_fpr": 0.01,
        "threshold": 0.9442786574363708,
        "recall": 0.8210227272727273,
        "fpr": 0.009333333333333334,
        "tp": 289,
        "fp": 7,
        "tn": 743,
        "fn": 63
      },
      "0.05": {
        "max_fpr": 0.05,
        "threshold": 0.4556705355644226,
        "recall": 0.9545454545454546,
        "fpr": 0.04533333333333334,
        "tp": 336,
        "fp": 34,
        "tn": 716,
        "fn": 16
      }
    },
    "fixed_threshold": {
      "threshold": 0.25,
      "tp": 339,
      "fp": 55,
      "tn": 695,
      "fn": 13,
      "tpr": 0.9630681818181818,
      "fpr": 0.07333333333333333,
      "by_negative_group": {
        "negative_in_domain": {
          "negative_images": 439,
          "false_positive_images": 50,
          "fpr": 0.11389521640091116
        },
        "negative_out_domain": {
          "negative_images": 311,
          "false_positive_images": 5,
          "fpr": 0.01607717041800643
        }
      }
    }
  }
}
