{
  "mAP": 0.5671876671915037,
  "mAP50": 0.9262208469238469,
  "mAP75": 0.6306374859824015,
  "mAP_small": null,
  "mAP_medium": 0.2874406084030629,
  "mAP_large": 0.5899247460256669,
  "AR1": 0.5649253731343282,
  "AR10": 0.6497512437810945,
  "AR100": 0.6509950248756219,
  "AR_small": null,
  "AR_medium": 0.4805555555555555,
  "AR_large": 0.6677595628415302,
  "mAP_tiny_rel": 0.25991878830693665,
  "mAP50_tiny_rel": 0.6089555223519216,
  "mAP75_tiny_rel": 0.27490125889990324,
  "AR100_tiny_rel": 0.44117647058823534,
  "mAP_small_rel": 0.3115477728961466,
  "mAP50_small_rel": 0.6943503605975473,
  "mAP75_small_rel": 0.21426491338409773,
  "AR100_small_rel": 0.47402597402597396,
  "mAP_medium_rel": 0.47733233974261674,
  "mAP50_medium_rel": 0.7612990220426129,
  "mAP75_medium_rel": 0.5162535222033342,
  "AR100_medium_rel": 0.592929292929293,
  "mAP_large_rel": 0.6249712513628707,
  "mAP50_large_rel": 0.9327649983615057,
  "mAP75_large_rel": 0.7620780158349773,
  "AR100_large_rel": 0.7138755980861243,
  "mAP_tiny": 0.25991878830693665,
  "image_AUROC": 0.9894507575757576,
  "image_AP": 0.9776915715056044,
  "FPR@95TPR": 0.048,
  "threshold@95TPR": 0.3169461488723755,
  "TPR@95TPR": 0.9517045454545454,
  "Recall@FPR=1%": 0.8494318181818182,
  "Recall@FPR=5%": 0.9517045454545454,
  "in_domain_FPR@95TPR": 0.07289293849658314,
  "out_domain_FPR@95TPR": 0.012861736334405145,
  "in_domain_FPR@fixed": 0.08428246013667426,
  "out_domain_FPR@fixed": 0.02572347266881029,
  "split": "val",
  "images": 1102,
  "ground_truth_objects": 402,
  "input_predictions": 9055,
  "detections": 9055,
  "invalid_predictions_dropped": 0,
  "fppi_threshold": 0.25,
  "false_positives_on_negatives": {
    "total_negative_images": 750,
    "total_false_positives": 55,
    "fppi": 0.07333333333333333,
    "by_group": {
      "negative_in_domain": {
        "negative_images": 439,
        "false_positives": 44,
        "fppi": 0.10022779043280182
      },
      "negative_out_domain": {
        "negative_images": 311,
        "false_positives": 11,
        "fppi": 0.03536977491961415
      }
    }
  },
  "predictions_above_fppi_threshold_by_group": {
    "negative_in_domain": 44,
    "negative_out_domain": 11,
    "positive": 466
  },
  "relative_scale_metrics": {
    "tiny": {
      "mAP": 0.25991878830693665,
      "mAP50": 0.6089555223519216,
      "mAP75": 0.27490125889990324,
      "mAP_small": null,
      "mAP_medium": 0.24396162780226652,
      "mAP_large": 0.6,
      "AR1": 0.20588235294117646,
      "AR10": 0.44117647058823534,
      "AR100": 0.44117647058823534,
      "AR_small": null,
      "AR_medium": 0.4125,
      "AR_large": 0.9,
      "objects": 17,
      "positive_images": 14,
      "detections": 2068
    },
    "small": {
      "mAP": 0.3115477728961466,
      "mAP50": 0.6943503605975473,
      "mAP75": 0.21426491338409773,
      "mAP_small": null,
      "mAP_medium": 0.2149588292097074,
      "mAP_large": 0.3475319358749972,
      "AR1": 0.2584415584415584,
      "AR10": 0.47402597402597396,
      "AR100": 0.47402597402597396,
      "AR_small": null,
      "AR_medium": 0.425,
      "AR_large": 0.4912280701754386,
      "objects": 77,
      "positive_images": 51,
      "detections": 3349
    },
    "medium": {
      "mAP": 0.47733233974261674,
      "mAP50": 0.7612990220426129,
      "mAP75": 0.5162535222033342,
      "mAP_small": null,
      "mAP_medium": null,
      "mAP_large": 0.4778024890682647,
      "AR1": 0.5444444444444444,
      "AR10": 0.592929292929293,
      "AR100": 0.592929292929293,
      "AR_small": null,
      "AR_medium": null,
      "AR_large": 0.592929292929293,
      "objects": 99,
      "positive_images": 94,
      "detections": 2293
    },
    "large": {
      "mAP": 0.6249712513628707,
      "mAP50": 0.9327649983615057,
      "mAP75": 0.7620780158349773,
      "mAP_small": null,
      "mAP_medium": null,
      "mAP_large": 0.6249712513628707,
      "AR1": 0.7047846889952154,
      "AR10": 0.7138755980861243,
      "AR100": 0.7138755980861243,
      "AR_small": null,
      "AR_medium": null,
      "AR_large": 0.7138755980861243,
      "objects": 209,
      "positive_images": 207,
      "detections": 1345
    }
  },
  "image_level": {
    "positive_images": 352,
    "negative_images": 750,
    "auroc": 0.9894507575757576,
    "average_precision": 0.9776915715056044,
    "fpr_at_target_tpr": {
      "threshold": 0.3169461488723755,
      "tp": 335,
      "fp": 36,
      "tn": 714,
      "fn": 17,
      "tpr": 0.9517045454545454,
      "fpr": 0.048,
      "by_negative_group": {
        "negative_in_domain": {
          "negative_images": 439,
          "false_positive_images": 32,
          "fpr": 0.07289293849658314
        },
        "negative_out_domain": {
          "negative_images": 311,
          "false_positive_images": 4,
          "fpr": 0.012861736334405145
        }
      },
      "target_tpr": 0.95
    },
    "recall_at_fpr": {
      "0.01": {
        "max_fpr": 0.01,
        "threshold": 0.8223984241485596,
        "recall": 0.8494318181818182,
        "fpr": 0.009333333333333334,
        "tp": 299,
        "fp": 7,
        "tn": 743,
        "fn": 53
      },
      "0.05": {
        "max_fpr": 0.05,
        "threshold": 0.3169461488723755,
        "recall": 0.9517045454545454,
        "fpr": 0.048,
        "tp": 335,
        "fp": 36,
        "tn": 714,
        "fn": 17
      }
    },
    "fixed_threshold": {
      "threshold": 0.25,
      "tp": 336,
      "fp": 45,
      "tn": 705,
      "fn": 16,
      "tpr": 0.9545454545454546,
      "fpr": 0.06,
      "by_negative_group": {
        "negative_in_domain": {
          "negative_images": 439,
          "false_positive_images": 37,
          "fpr": 0.08428246013667426
        },
        "negative_out_domain": {
          "negative_images": 311,
          "false_positive_images": 8,
          "fpr": 0.02572347266881029
        }
      }
    }
  }
}
