{
  "mAP": 0.634138192765452,
  "mAP50": 0.9555771636455928,
  "mAP75": 0.7391495770438832,
  "mAP_small": null,
  "mAP_medium": 0.4580409687043633,
  "mAP_large": 0.6482149574906064,
  "AR1": 0.614179104477612,
  "AR10": 0.7126865671641791,
  "AR100": 0.713681592039801,
  "AR_small": null,
  "AR_medium": 0.611111111111111,
  "AR_large": 0.7237704918032786,
  "mAP_tiny_rel": 0.41903778899309546,
  "mAP50_tiny_rel": 0.7052523339652051,
  "mAP75_tiny_rel": 0.4470747074707472,
  "AR100_tiny_rel": 0.5705882352941176,
  "mAP_small_rel": 0.4411753344577751,
  "mAP50_small_rel": 0.7569933748323089,
  "mAP75_small_rel": 0.47525737509675403,
  "AR100_small_rel": 0.583116883116883,
  "mAP_medium_rel": 0.5335120506625977,
  "mAP50_medium_rel": 0.822283288543864,
  "mAP75_medium_rel": 0.5997969272502882,
  "AR100_medium_rel": 0.6444444444444445,
  "mAP_large_rel": 0.6719808782022514,
  "mAP50_large_rel": 0.9326212711450051,
  "mAP75_large_rel": 0.8083716136902925,
  "AR100_large_rel": 0.7535885167464115,
  "mAP_tiny": 0.41903778899309546,
  "image_AUROC": 0.9928106060606061,
  "image_AP": 0.9864109155519104,
  "FPR@95TPR": 0.02,
  "threshold@95TPR": 0.8937920928001404,
  "TPR@95TPR": 0.9517045454545454,
  "Recall@FPR=1%": 0.9119318181818182,
  "Recall@FPR=5%": 0.9744318181818182,
  "in_domain_FPR@95TPR": 0.03189066059225513,
  "out_domain_FPR@95TPR": 0.003215434083601286,
  "in_domain_FPR@fixed": 0.16173120728929385,
  "out_domain_FPR@fixed": 0.0707395498392283,
  "split": "val",
  "images": 1102,
  "ground_truth_objects": 402,
  "input_predictions": 7521,
  "detections": 7521,
  "invalid_predictions_dropped": 0,
  "fppi_threshold": 0.25,
  "false_positives_on_negatives": {
    "total_negative_images": 750,
    "total_false_positives": 131,
    "fppi": 0.17466666666666666,
    "by_group": {
      "negative_in_domain": {
        "negative_images": 439,
        "false_positives": 94,
        "fppi": 0.214123006833713
      },
      "negative_out_domain": {
        "negative_images": 311,
        "false_positives": 37,
        "fppi": 0.1189710610932476
      }
    }
  },
  "predictions_above_fppi_threshold_by_group": {
    "negative_in_domain": 94,
    "negative_out_domain": 37,
    "positive": 576
  },
  "relative_scale_metrics": {
    "tiny": {
      "mAP": 0.41903778899309546,
      "mAP50": 0.7052523339652051,
      "mAP75": 0.4470747074707472,
      "mAP_small": null,
      "mAP_medium": 0.40267699316827515,
      "mAP_large": 0.8999999999999999,
      "AR1": 0.4352941176470588,
      "AR10": 0.5705882352941176,
      "AR100": 0.5705882352941176,
      "AR_small": null,
      "AR_medium": 0.55,
      "AR_large": 0.9,
      "objects": 17,
      "positive_images": 14,
      "detections": 1030
    },
    "small": {
      "mAP": 0.4411753344577751,
      "mAP50": 0.7569933748323089,
      "mAP75": 0.47525737509675403,
      "mAP_small": null,
      "mAP_medium": 0.3008664941567811,
      "mAP_large": 0.4979071606519556,
      "AR1": 0.34545454545454546,
      "AR10": 0.583116883116883,
      "AR100": 0.583116883116883,
      "AR_small": null,
      "AR_medium": 0.495,
      "AR_large": 0.6140350877192983,
      "objects": 77,
      "positive_images": 51,
      "detections": 2051
    },
    "medium": {
      "mAP": 0.5335120506625977,
      "mAP50": 0.822283288543864,
      "mAP75": 0.5997969272502882,
      "mAP_small": null,
      "mAP_medium": null,
      "mAP_large": 0.5340036338231514,
      "AR1": 0.5626262626262626,
      "AR10": 0.6444444444444445,
      "AR100": 0.6444444444444445,
      "AR_small": null,
      "AR_medium": null,
      "AR_large": 0.6444444444444445,
      "objects": 99,
      "positive_images": 94,
      "detections": 3063
    },
    "large": {
      "mAP": 0.6719808782022514,
      "mAP50": 0.9326212711450051,
      "mAP75": 0.8083716136902925,
      "mAP_small": null,
      "mAP_medium": null,
      "mAP_large": 0.6719808782022514,
      "AR1": 0.7411483253588517,
      "AR10": 0.7535885167464115,
      "AR100": 0.7535885167464115,
      "AR_small": null,
      "AR_medium": null,
      "AR_large": 0.7535885167464115,
      "objects": 209,
      "positive_images": 207,
      "detections": 1377
    }
  },
  "image_level": {
    "positive_images": 352,
    "negative_images": 750,
    "auroc": 0.9928106060606061,
    "average_precision": 0.9864109155519104,
    "fpr_at_target_tpr": {
      "threshold": 0.8937920928001404,
      "tp": 335,
      "fp": 15,
      "tn": 735,
      "fn": 17,
      "tpr": 0.9517045454545454,
      "fpr": 0.02,
      "by_negative_group": {
        "negative_in_domain": {
          "negative_images": 439,
          "false_positive_images": 14,
          "fpr": 0.03189066059225513
        },
        "negative_out_domain": {
          "negative_images": 311,
          "false_positive_images": 1,
          "fpr": 0.003215434083601286
        }
      },
      "target_tpr": 0.95
    },
    "recall_at_fpr": {
      "0.01": {
        "max_fpr": 0.01,
        "threshold": 0.9621413350105286,
        "recall": 0.9119318181818182,
        "fpr": 0.009333333333333334,
        "tp": 321,
        "fp": 7,
        "tn": 743,
        "fn": 31
      },
      "0.05": {
        "max_fpr": 0.05,
        "threshold": 0.7072349786758423,
        "recall": 0.9744318181818182,
        "fpr": 0.04133333333333333,
        "tp": 343,
        "fp": 31,
        "tn": 719,
        "fn": 9
      }
    },
    "fixed_threshold": {
      "threshold": 0.25,
      "tp": 345,
      "fp": 93,
      "tn": 657,
      "fn": 7,
      "tpr": 0.9801136363636364,
      "fpr": 0.124,
      "by_negative_group": {
        "negative_in_domain": {
          "negative_images": 439,
          "false_positive_images": 71,
          "fpr": 0.16173120728929385
        },
        "negative_out_domain": {
          "negative_images": 311,
          "false_positive_images": 22,
          "fpr": 0.0707395498392283
        }
      }
    }
  }
}
