{
  "mAP": 0.625446847377362,
  "mAP50": 0.9290876171654177,
  "mAP75": 0.7132753967797646,
  "mAP_small": null,
  "mAP_medium": 0.3829920994796071,
  "mAP_large": 0.6464353720002489,
  "AR1": 0.613681592039801,
  "AR10": 0.6972636815920398,
  "AR100": 0.6987562189054726,
  "AR_small": null,
  "AR_medium": 0.5527777777777778,
  "AR_large": 0.7131147540983606,
  "mAP_tiny_rel": 0.25910356676978974,
  "mAP50_tiny_rel": 0.5469140419590359,
  "mAP75_tiny_rel": 0.2293176273038217,
  "AR100_tiny_rel": 0.4294117647058823,
  "mAP_small_rel": 0.3822273224790069,
  "mAP50_small_rel": 0.6969061088867358,
  "mAP75_small_rel": 0.3931153461505962,
  "AR100_small_rel": 0.5298701298701298,
  "mAP_medium_rel": 0.5171439164187231,
  "mAP50_medium_rel": 0.7708174578596267,
  "mAP75_medium_rel": 0.6136164319387917,
  "AR100_medium_rel": 0.6515151515151515,
  "mAP_large_rel": 0.6730336459549855,
  "mAP50_large_rel": 0.9269167613755178,
  "mAP75_large_rel": 0.7742002858252264,
  "AR100_large_rel": 0.7421052631578947,
  "mAP_tiny": 0.25910356676978974,
  "image_AUROC": 0.9889166666666667,
  "image_AP": 0.9718721789687012,
  "FPR@95TPR": 0.04533333333333334,
  "threshold@95TPR": 0.5558987855911255,
  "TPR@95TPR": 0.9517045454545454,
  "Recall@FPR=1%": 0.8778409090909091,
  "Recall@FPR=5%": 0.9630681818181818,
  "in_domain_FPR@95TPR": 0.06605922551252848,
  "out_domain_FPR@95TPR": 0.01607717041800643,
  "in_domain_FPR@fixed": 0.11617312072892938,
  "out_domain_FPR@fixed": 0.04501607717041801,
  "split": "val",
  "images": 1102,
  "ground_truth_objects": 402,
  "input_predictions": 8222,
  "detections": 8222,
  "invalid_predictions_dropped": 0,
  "fppi_threshold": 0.25,
  "false_positives_on_negatives": {
    "total_negative_images": 750,
    "total_false_positives": 83,
    "fppi": 0.11066666666666666,
    "by_group": {
      "negative_in_domain": {
        "negative_images": 439,
        "false_positives": 64,
        "fppi": 0.14578587699316628
      },
      "negative_out_domain": {
        "negative_images": 311,
        "false_positives": 19,
        "fppi": 0.06109324758842444
      }
    }
  },
  "predictions_above_fppi_threshold_by_group": {
    "negative_in_domain": 64,
    "negative_out_domain": 19,
    "positive": 484
  },
  "relative_scale_metrics": {
    "tiny": {
      "mAP": 0.25910356676978974,
      "mAP50": 0.5469140419590359,
      "mAP75": 0.2293176273038217,
      "mAP_small": null,
      "mAP_medium": 0.27653988485265524,
      "mAP_large": 0.0047619047619047615,
      "AR1": 0.3117647058823529,
      "AR10": 0.4,
      "AR100": 0.4294117647058823,
      "AR_small": null,
      "AR_medium": 0.4375,
      "AR_large": 0.3,
      "objects": 17,
      "positive_images": 14,
      "detections": 2102
    },
    "small": {
      "mAP": 0.3822273224790069,
      "mAP50": 0.6969061088867358,
      "mAP75": 0.3931153461505962,
      "mAP_small": null,
      "mAP_medium": 0.31582922322064855,
      "mAP_large": 0.41564783034681124,
      "AR1": 0.31298701298701304,
      "AR10": 0.5298701298701298,
      "AR100": 0.5298701298701298,
      "AR_small": null,
      "AR_medium": 0.49000000000000005,
      "AR_large": 0.543859649122807,
      "objects": 77,
      "positive_images": 51,
      "detections": 3094
    },
    "medium": {
      "mAP": 0.5171439164187231,
      "mAP50": 0.7708174578596267,
      "mAP75": 0.6136164319387917,
      "mAP_small": null,
      "mAP_medium": null,
      "mAP_large": 0.5180438875551658,
      "AR1": 0.5969696969696969,
      "AR10": 0.6515151515151515,
      "AR100": 0.6515151515151515,
      "AR_small": null,
      "AR_medium": null,
      "AR_large": 0.6515151515151515,
      "objects": 99,
      "positive_images": 94,
      "detections": 2159
    },
    "large": {
      "mAP": 0.6730336459549855,
      "mAP50": 0.9269167613755178,
      "mAP75": 0.7742002858252264,
      "mAP_small": null,
      "mAP_medium": null,
      "mAP_large": 0.6730336459549855,
      "AR1": 0.7334928229665072,
      "AR10": 0.7421052631578947,
      "AR100": 0.7421052631578947,
      "AR_small": null,
      "AR_medium": null,
      "AR_large": 0.7421052631578947,
      "objects": 209,
      "positive_images": 207,
      "detections": 867
    }
  },
  "image_level": {
    "positive_images": 352,
    "negative_images": 750,
    "auroc": 0.9889166666666667,
    "average_precision": 0.9718721789687012,
    "fpr_at_target_tpr": {
      "threshold": 0.5558987855911255,
      "tp": 335,
      "fp": 34,
      "tn": 716,
      "fn": 17,
      "tpr": 0.9517045454545454,
      "fpr": 0.04533333333333334,
      "by_negative_group": {
        "negative_in_domain": {
          "negative_images": 439,
          "false_positive_images": 29,
          "fpr": 0.06605922551252848
        },
        "negative_out_domain": {
          "negative_images": 311,
          "false_positive_images": 5,
          "fpr": 0.01607717041800643
        }
      },
      "target_tpr": 0.95
    },
    "recall_at_fpr": {
      "0.01": {
        "max_fpr": 0.01,
        "threshold": 0.9399701952934265,
        "recall": 0.8778409090909091,
        "fpr": 0.009333333333333334,
        "tp": 309,
        "fp": 7,
        "tn": 743,
        "fn": 43
      },
      "0.05": {
        "max_fpr": 0.05,
        "threshold": 0.4958159029483795,
        "recall": 0.9630681818181818,
        "fpr": 0.04933333333333333,
        "tp": 339,
        "fp": 37,
        "tn": 713,
        "fn": 13
      }
    },
    "fixed_threshold": {
      "threshold": 0.25,
      "tp": 343,
      "fp": 65,
      "tn": 685,
      "fn": 9,
      "tpr": 0.9744318181818182,
      "fpr": 0.08666666666666667,
      "by_negative_group": {
        "negative_in_domain": {
          "negative_images": 439,
          "false_positive_images": 51,
          "fpr": 0.11617312072892938
        },
        "negative_out_domain": {
          "negative_images": 311,
          "false_positive_images": 14,
          "fpr": 0.04501607717041801
        }
      }
    }
  }
}
