{
  "mAP": 0.5833954214834491,
  "mAP50": 0.9436880458908072,
  "mAP75": 0.6583924423818794,
  "mAP_small": null,
  "mAP_medium": 0.4400748220616093,
  "mAP_large": 0.5960079773782948,
  "AR1": 0.5738805970149254,
  "AR10": 0.6716417910447762,
  "AR100": 0.6728855721393036,
  "AR_small": null,
  "AR_medium": 0.5722222222222222,
  "AR_large": 0.6827868852459017,
  "mAP_tiny_rel": 0.38716979433264853,
  "mAP50_tiny_rel": 0.7139643694099141,
  "mAP75_tiny_rel": 0.3076507650765076,
  "AR100_tiny_rel": 0.5470588235294118,
  "mAP_small_rel": 0.4157689506025609,
  "mAP50_small_rel": 0.7124398522430105,
  "mAP75_small_rel": 0.4737822723036839,
  "AR100_small_rel": 0.5662337662337662,
  "mAP_medium_rel": 0.455235907657804,
  "mAP50_medium_rel": 0.7728139880516619,
  "mAP75_medium_rel": 0.48313628109816,
  "AR100_medium_rel": 0.6212121212121213,
  "mAP_large_rel": 0.5950597596911457,
  "mAP50_large_rel": 0.9068143102830031,
  "mAP75_large_rel": 0.7146391267432558,
  "AR100_large_rel": 0.6775119617224881,
  "mAP_tiny": 0.38716979433264853,
  "image_AUROC": 0.9935037878787879,
  "image_AP": 0.9869457095144979,
  "FPR@95TPR": 0.024,
  "threshold@95TPR": 0.706527829170227,
  "TPR@95TPR": 0.9517045454545454,
  "Recall@FPR=1%": 0.8892045454545454,
  "Recall@FPR=5%": 0.9744318181818182,
  "in_domain_FPR@95TPR": 0.0387243735763098,
  "out_domain_FPR@95TPR": 0.003215434083601286,
  "in_domain_FPR@fixed": 0.0774487471526196,
  "out_domain_FPR@fixed": 0.03215434083601286,
  "split": "val",
  "images": 1102,
  "ground_truth_objects": 402,
  "input_predictions": 5091,
  "detections": 5091,
  "invalid_predictions_dropped": 0,
  "fppi_threshold": 0.25,
  "false_positives_on_negatives": {
    "total_negative_images": 750,
    "total_false_positives": 53,
    "fppi": 0.07066666666666667,
    "by_group": {
      "negative_in_domain": {
        "negative_images": 439,
        "false_positives": 40,
        "fppi": 0.09111617312072894
      },
      "negative_out_domain": {
        "negative_images": 311,
        "false_positives": 13,
        "fppi": 0.04180064308681672
      }
    }
  },
  "predictions_above_fppi_threshold_by_group": {
    "negative_in_domain": 40,
    "negative_out_domain": 13,
    "positive": 482
  },
  "relative_scale_metrics": {
    "tiny": {
      "mAP": 0.38716979433264853,
      "mAP50": 0.7139643694099141,
      "mAP75": 0.3076507650765076,
      "mAP_small": null,
      "mAP_medium": 0.36408788667455866,
      "mAP_large": 0.7999999999999999,
      "AR1": 0.4235294117647059,
      "AR10": 0.5411764705882354,
      "AR100": 0.5470588235294118,
      "AR_small": null,
      "AR_medium": 0.53125,
      "AR_large": 0.8,
      "objects": 17,
      "positive_images": 14,
      "detections": 807
    },
    "small": {
      "mAP": 0.4157689506025609,
      "mAP50": 0.7124398522430105,
      "mAP75": 0.4737822723036839,
      "mAP_small": null,
      "mAP_medium": 0.33768237890669395,
      "mAP_large": 0.44877562222236816,
      "AR1": 0.35324675324675325,
      "AR10": 0.5662337662337662,
      "AR100": 0.5662337662337662,
      "AR_small": null,
      "AR_medium": 0.45999999999999996,
      "AR_large": 0.6035087719298244,
      "objects": 77,
      "positive_images": 51,
      "detections": 1111
    },
    "medium": {
      "mAP": 0.455235907657804,
      "mAP50": 0.7728139880516619,
      "mAP75": 0.48313628109816,
      "mAP_small": null,
      "mAP_medium": null,
      "mAP_large": 0.4553696778082695,
      "AR1": 0.5666666666666667,
      "AR10": 0.6212121212121213,
      "AR100": 0.6212121212121213,
      "AR_small": null,
      "AR_medium": null,
      "AR_large": 0.6212121212121213,
      "objects": 99,
      "positive_images": 94,
      "detections": 1964
    },
    "large": {
      "mAP": 0.5950597596911457,
      "mAP50": 0.9068143102830031,
      "mAP75": 0.7146391267432558,
      "mAP_small": null,
      "mAP_medium": null,
      "mAP_large": 0.5950597596911457,
      "AR1": 0.6641148325358852,
      "AR10": 0.6775119617224881,
      "AR100": 0.6775119617224881,
      "AR_small": null,
      "AR_medium": null,
      "AR_large": 0.6775119617224881,
      "objects": 209,
      "positive_images": 207,
      "detections": 1209
    }
  },
  "image_level": {
    "positive_images": 352,
    "negative_images": 750,
    "auroc": 0.9935037878787879,
    "average_precision": 0.9869457095144979,
    "fpr_at_target_tpr": {
      "threshold": 0.706527829170227,
      "tp": 335,
      "fp": 18,
      "tn": 732,
      "fn": 17,
      "tpr": 0.9517045454545454,
      "fpr": 0.024,
      "by_negative_group": {
        "negative_in_domain": {
          "negative_images": 439,
          "false_positive_images": 17,
          "fpr": 0.0387243735763098
        },
        "negative_out_domain": {
          "negative_images": 311,
          "false_positive_images": 1,
          "fpr": 0.003215434083601286
        }
      },
      "target_tpr": 0.95
    },
    "recall_at_fpr": {
      "0.01": {
        "max_fpr": 0.01,
        "threshold": 0.9500331282615662,
        "recall": 0.8892045454545454,
        "fpr": 0.006666666666666667,
        "tp": 313,
        "fp": 5,
        "tn": 745,
        "fn": 39
      },
      "0.05": {
        "max_fpr": 0.05,
        "threshold": 0.4142798185348511,
        "recall": 0.9744318181818182,
        "fpr": 0.044,
        "tp": 343,
        "fp": 33,
        "tn": 717,
        "fn": 9
      }
    },
    "fixed_threshold": {
      "threshold": 0.25,
      "tp": 343,
      "fp": 44,
      "tn": 706,
      "fn": 9,
      "tpr": 0.9744318181818182,
      "fpr": 0.058666666666666666,
      "by_negative_group": {
        "negative_in_domain": {
          "negative_images": 439,
          "false_positive_images": 34,
          "fpr": 0.0774487471526196
        },
        "negative_out_domain": {
          "negative_images": 311,
          "false_positive_images": 10,
          "fpr": 0.03215434083601286
        }
      }
    }
  }
}
