{
  "mAP": 0.6025522743749792,
  "mAP50": 0.936641464238193,
  "mAP75": 0.6956095969748864,
  "mAP_small": null,
  "mAP_medium": 0.334770884453819,
  "mAP_large": 0.6231425795325286,
  "AR1": 0.5987562189054726,
  "AR10": 0.6835820895522388,
  "AR100": 0.6850746268656717,
  "AR_small": null,
  "AR_medium": 0.5416666666666667,
  "AR_large": 0.6991803278688524,
  "mAP_tiny_rel": 0.19828818816464241,
  "mAP50_tiny_rel": 0.4895764289136458,
  "mAP75_tiny_rel": 0.13751480411199013,
  "AR100_tiny_rel": 0.36470588235294116,
  "mAP_small_rel": 0.36264722269139343,
  "mAP50_small_rel": 0.7066147861522396,
  "mAP75_small_rel": 0.3251928534472717,
  "AR100_small_rel": 0.5246753246753246,
  "mAP_medium_rel": 0.49355320878333014,
  "mAP50_medium_rel": 0.7802130958349158,
  "mAP75_medium_rel": 0.5445023092504988,
  "AR100_medium_rel": 0.6181818181818182,
  "mAP_large_rel": 0.6591296982822135,
  "mAP50_large_rel": 0.941480629789346,
  "mAP75_large_rel": 0.8029369487216729,
  "AR100_large_rel": 0.74688995215311,
  "mAP_tiny": 0.19828818816464241,
  "image_AUROC": 0.9908522727272727,
  "image_AP": 0.9796006001541678,
  "FPR@95TPR": 0.024,
  "threshold@95TPR": 0.6771199107170105,
  "TPR@95TPR": 0.9517045454545454,
  "Recall@FPR=1%": 0.8920454545454546,
  "Recall@FPR=5%": 0.96875,
  "in_domain_FPR@95TPR": 0.0387243735763098,
  "out_domain_FPR@95TPR": 0.003215434083601286,
  "in_domain_FPR@fixed": 0.0979498861047836,
  "out_domain_FPR@fixed": 0.022508038585209004,
  "split": "val",
  "images": 1102,
  "ground_truth_objects": 402,
  "input_predictions": 8885,
  "detections": 8885,
  "invalid_predictions_dropped": 0,
  "fppi_threshold": 0.25,
  "false_positives_on_negatives": {
    "total_negative_images": 750,
    "total_false_positives": 64,
    "fppi": 0.08533333333333333,
    "by_group": {
      "negative_in_domain": {
        "negative_images": 439,
        "false_positives": 52,
        "fppi": 0.11845102505694761
      },
      "negative_out_domain": {
        "negative_images": 311,
        "false_positives": 12,
        "fppi": 0.03858520900321544
      }
    }
  },
  "predictions_above_fppi_threshold_by_group": {
    "negative_in_domain": 52,
    "negative_out_domain": 12,
    "positive": 497
  },
  "relative_scale_metrics": {
    "tiny": {
      "mAP": 0.19828818816464241,
      "mAP50": 0.4895764289136458,
      "mAP75": 0.13751480411199013,
      "mAP_small": null,
      "mAP_medium": 0.20837954877561946,
      "mAP_large": 0.15,
      "AR1": 0.24705882352941178,
      "AR10": 0.35882352941176465,
      "AR100": 0.36470588235294116,
      "AR_small": null,
      "AR_medium": 0.36875,
      "AR_large": 0.3,
      "objects": 17,
      "positive_images": 14,
      "detections": 2274
    },
    "small": {
      "mAP": 0.36264722269139343,
      "mAP50": 0.7066147861522396,
      "mAP75": 0.3251928534472717,
      "mAP_small": null,
      "mAP_medium": 0.24728719911960975,
      "mAP_large": 0.40794581800986424,
      "AR1": 0.2987012987012987,
      "AR10": 0.5233766233766233,
      "AR100": 0.5246753246753246,
      "AR_small": null,
      "AR_medium": 0.475,
      "AR_large": 0.5421052631578946,
      "objects": 77,
      "positive_images": 51,
      "detections": 3075
    },
    "medium": {
      "mAP": 0.49355320878333014,
      "mAP50": 0.7802130958349158,
      "mAP75": 0.5445023092504988,
      "mAP_small": null,
      "mAP_medium": null,
      "mAP_large": 0.49390904823895715,
      "AR1": 0.5626262626262626,
      "AR10": 0.6181818181818182,
      "AR100": 0.6181818181818182,
      "AR_small": null,
      "AR_medium": null,
      "AR_large": 0.6181818181818182,
      "objects": 99,
      "positive_images": 94,
      "detections": 2345
    },
    "large": {
      "mAP": 0.6591296982822135,
      "mAP50": 0.941480629789346,
      "mAP75": 0.8029369487216729,
      "mAP_small": null,
      "mAP_medium": null,
      "mAP_large": 0.6591299983113381,
      "AR1": 0.737799043062201,
      "AR10": 0.74688995215311,
      "AR100": 0.74688995215311,
      "AR_small": null,
      "AR_medium": null,
      "AR_large": 0.74688995215311,
      "objects": 209,
      "positive_images": 207,
      "detections": 1191
    }
  },
  "image_level": {
    "positive_images": 352,
    "negative_images": 750,
    "auroc": 0.9908522727272727,
    "average_precision": 0.9796006001541678,
    "fpr_at_target_tpr": {
      "threshold": 0.6771199107170105,
      "tp": 335,
      "fp": 18,
      "tn": 732,
      "fn": 17,
      "tpr": 0.9517045454545454,
      "fpr": 0.024,
      "by_negative_group": {
        "negative_in_domain": {
          "negative_images": 439,
          "false_positive_images": 17,
          "fpr": 0.0387243735763098
        },
        "negative_out_domain": {
          "negative_images": 311,
          "false_positive_images": 1,
          "fpr": 0.003215434083601286
        }
      },
      "target_tpr": 0.95
    },
    "recall_at_fpr": {
      "0.01": {
        "max_fpr": 0.01,
        "threshold": 0.89546138048172,
        "recall": 0.8920454545454546,
        "fpr": 0.009333333333333334,
        "tp": 314,
        "fp": 7,
        "tn": 743,
        "fn": 38
      },
      "0.05": {
        "max_fpr": 0.05,
        "threshold": 0.36220696568489075,
        "recall": 0.96875,
        "fpr": 0.04933333333333333,
        "tp": 341,
        "fp": 37,
        "tn": 713,
        "fn": 11
      }
    },
    "fixed_threshold": {
      "threshold": 0.25,
      "tp": 343,
      "fp": 50,
      "tn": 700,
      "fn": 9,
      "tpr": 0.9744318181818182,
      "fpr": 0.06666666666666667,
      "by_negative_group": {
        "negative_in_domain": {
          "negative_images": 439,
          "false_positive_images": 43,
          "fpr": 0.0979498861047836
        },
        "negative_out_domain": {
          "negative_images": 311,
          "false_positive_images": 7,
          "fpr": 0.022508038585209004
        }
      }
    }
  }
}
