{
  "mAP": 0.5945736307418322,
  "mAP50": 0.9293829074119461,
  "mAP75": 0.6729901602302221,
  "mAP_small": null,
  "mAP_medium": 0.25787836438205497,
  "mAP_large": 0.6188429449791444,
  "AR1": 0.590547263681592,
  "AR10": 0.6743781094527364,
  "AR100": 0.6751243781094527,
  "AR_small": null,
  "AR_medium": 0.48888888888888893,
  "AR_large": 0.6934426229508197,
  "mAP_tiny_rel": 0.289365878674772,
  "mAP50_tiny_rel": 0.6776242430610778,
  "mAP75_tiny_rel": 0.16927832430112993,
  "AR100_tiny_rel": 0.40588235294117647,
  "mAP_small_rel": 0.37858962265797924,
  "mAP50_small_rel": 0.7124959295397179,
  "mAP75_small_rel": 0.35851775234108374,
  "AR100_small_rel": 0.5207792207792209,
  "mAP_medium_rel": 0.47896178244645177,
  "mAP50_medium_rel": 0.7641684261678511,
  "mAP75_medium_rel": 0.5237299101731865,
  "AR100_medium_rel": 0.6141414141414141,
  "mAP_large_rel": 0.6459170286596182,
  "mAP50_large_rel": 0.9328467713131917,
  "mAP75_large_rel": 0.7749210333758053,
  "AR100_large_rel": 0.730622009569378,
  "mAP_tiny": 0.289365878674772,
  "image_AUROC": 0.988375,
  "image_AP": 0.9745897657890334,
  "FPR@95TPR": 0.04533333333333334,
  "threshold@95TPR": 0.45714542269706726,
  "TPR@95TPR": 0.9517045454545454,
  "Recall@FPR=1%": 0.8210227272727273,
  "Recall@FPR=5%": 0.9545454545454546,
  "in_domain_FPR@95TPR": 0.07517084282460136,
  "out_domain_FPR@95TPR": 0.003215434083601286,
  "in_domain_FPR@fixed": 0.11389521640091116,
  "out_domain_FPR@fixed": 0.01607717041800643,
  "split": "val",
  "images": 1102,
  "ground_truth_objects": 402,
  "input_predictions": 9273,
  "detections": 9273,
  "invalid_predictions_dropped": 0,
  "fppi_threshold": 0.25,
  "false_positives_on_negatives": {
    "total_negative_images": 750,
    "total_false_positives": 68,
    "fppi": 0.09066666666666667,
    "by_group": {
      "negative_in_domain": {
        "negative_images": 439,
        "false_positives": 59,
        "fppi": 0.13439635535307518
      },
      "negative_out_domain": {
        "negative_images": 311,
        "false_positives": 9,
        "fppi": 0.028938906752411574
      }
    }
  },
  "predictions_above_fppi_threshold_by_group": {
    "negative_in_domain": 59,
    "negative_out_domain": 9,
    "positive": 473
  },
  "relative_scale_metrics": {
    "tiny": {
      "mAP": 0.289365878674772,
      "mAP50": 0.6776242430610778,
      "mAP75": 0.16927832430112993,
      "mAP_small": null,
      "mAP_medium": 0.262851562975319,
      "mAP_large": 0.6999999999999998,
      "AR1": 0.2588235294117647,
      "AR10": 0.4,
      "AR100": 0.40588235294117647,
      "AR_small": null,
      "AR_medium": 0.3875,
      "AR_large": 0.7,
      "objects": 17,
      "positive_images": 14,
      "detections": 2355
    },
    "small": {
      "mAP": 0.37858962265797924,
      "mAP50": 0.7124959295397179,
      "mAP75": 0.35851775234108374,
      "mAP_small": null,
      "mAP_medium": 0.19870622379906108,
      "mAP_large": 0.4474846605628362,
      "AR1": 0.3363636363636363,
      "AR10": 0.5207792207792209,
      "AR100": 0.5207792207792209,
      "AR_small": null,
      "AR_medium": 0.41,
      "AR_large": 0.5596491228070175,
      "objects": 77,
      "positive_images": 51,
      "detections": 3306
    },
    "medium": {
      "mAP": 0.47896178244645177,
      "mAP50": 0.7641684261678511,
      "mAP75": 0.5237299101731865,
      "mAP_small": null,
      "mAP_medium": null,
      "mAP_large": 0.4794088243216487,
      "AR1": 0.5545454545454546,
      "AR10": 0.6141414141414141,
      "AR100": 0.6141414141414141,
      "AR_small": null,
      "AR_medium": null,
      "AR_large": 0.6141414141414141,
      "objects": 99,
      "positive_images": 94,
      "detections": 2352
    },
    "large": {
      "mAP": 0.6459170286596182,
      "mAP50": 0.9328467713131917,
      "mAP75": 0.7749210333758053,
      "mAP_small": null,
      "mAP_medium": null,
      "mAP_large": 0.6459170286596182,
      "AR1": 0.7229665071770335,
      "AR10": 0.730622009569378,
      "AR100": 0.730622009569378,
      "AR_small": null,
      "AR_medium": null,
      "AR_large": 0.730622009569378,
      "objects": 209,
      "positive_images": 207,
      "detections": 1260
    }
  },
  "image_level": {
    "positive_images": 352,
    "negative_images": 750,
    "auroc": 0.988375,
    "average_precision": 0.9745897657890334,
    "fpr_at_target_tpr": {
      "threshold": 0.45714542269706726,
      "tp": 335,
      "fp": 34,
      "tn": 716,
      "fn": 17,
      "tpr": 0.9517045454545454,
      "fpr": 0.04533333333333334,
      "by_negative_group": {
        "negative_in_domain": {
          "negative_images": 439,
          "false_positive_images": 33,
          "fpr": 0.07517084282460136
        },
        "negative_out_domain": {
          "negative_images": 311,
          "false_positive_images": 1,
          "fpr": 0.003215434083601286
        }
      },
      "target_tpr": 0.95
    },
    "recall_at_fpr": {
      "0.01": {
        "max_fpr": 0.01,
        "threshold": 0.9438839554786682,
        "recall": 0.8210227272727273,
        "fpr": 0.009333333333333334,
        "tp": 289,
        "fp": 7,
        "tn": 743,
        "fn": 63
      },
      "0.05": {
        "max_fpr": 0.05,
        "threshold": 0.4512909948825836,
        "recall": 0.9545454545454546,
        "fpr": 0.04533333333333334,
        "tp": 336,
        "fp": 34,
        "tn": 716,
        "fn": 16
      }
    },
    "fixed_threshold": {
      "threshold": 0.25,
      "tp": 339,
      "fp": 55,
      "tn": 695,
      "fn": 13,
      "tpr": 0.9630681818181818,
      "fpr": 0.07333333333333333,
      "by_negative_group": {
        "negative_in_domain": {
          "negative_images": 439,
          "false_positive_images": 50,
          "fpr": 0.11389521640091116
        },
        "negative_out_domain": {
          "negative_images": 311,
          "false_positive_images": 5,
          "fpr": 0.01607717041800643
        }
      }
    }
  }
}
