{
  "mAP": 0.6234715580257668,
  "mAP50": 0.9250167651402802,
  "mAP75": 0.7062334370379727,
  "mAP_small": null,
  "mAP_medium": 0.3537070812208446,
  "mAP_large": 0.6463986605150752,
  "AR1": 0.6134328358208955,
  "AR10": 0.6962686567164179,
  "AR100": 0.6977611940298507,
  "AR_small": null,
  "AR_medium": 0.5249999999999999,
  "AR_large": 0.7147540983606557,
  "mAP_tiny_rel": 0.22818707391994664,
  "mAP50_tiny_rel": 0.540910181404528,
  "mAP75_tiny_rel": 0.15976132777501167,
  "AR100_tiny_rel": 0.4,
  "mAP_small_rel": 0.3852291293537586,
  "mAP50_small_rel": 0.6908731859296687,
  "mAP75_small_rel": 0.36588723694005415,
  "AR100_small_rel": 0.5311688311688312,
  "mAP_medium_rel": 0.5114730515066122,
  "mAP50_medium_rel": 0.7661372881908302,
  "mAP75_medium_rel": 0.6166735619333266,
  "AR100_medium_rel": 0.6424242424242425,
  "mAP_large_rel": 0.6730331988336121,
  "mAP50_large_rel": 0.9225613123650677,
  "mAP75_large_rel": 0.7720812432896824,
  "AR100_large_rel": 0.7454545454545454,
  "mAP_tiny": 0.22818707391994664,
  "image_AUROC": 0.9887537878787879,
  "image_AP": 0.9714972489335624,
  "FPR@95TPR": 0.04666666666666667,
  "threshold@95TPR": 0.5860911011695862,
  "TPR@95TPR": 0.9517045454545454,
  "Recall@FPR=1%": 0.8721590909090909,
  "Recall@FPR=5%": 0.9602272727272727,
  "in_domain_FPR@95TPR": 0.0683371298405467,
  "out_domain_FPR@95TPR": 0.01607717041800643,
  "in_domain_FPR@fixed": 0.11617312072892938,
  "out_domain_FPR@fixed": 0.04823151125401929,
  "split": "val",
  "images": 1102,
  "ground_truth_objects": 402,
  "input_predictions": 8731,
  "detections": 8731,
  "invalid_predictions_dropped": 0,
  "fppi_threshold": 0.25,
  "false_positives_on_negatives": {
    "total_negative_images": 750,
    "total_false_positives": 89,
    "fppi": 0.11866666666666667,
    "by_group": {
      "negative_in_domain": {
        "negative_images": 439,
        "false_positives": 68,
        "fppi": 0.1548974943052392
      },
      "negative_out_domain": {
        "negative_images": 311,
        "false_positives": 21,
        "fppi": 0.06752411575562701
      }
    }
  },
  "predictions_above_fppi_threshold_by_group": {
    "negative_in_domain": 68,
    "negative_out_domain": 21,
    "positive": 491
  },
  "relative_scale_metrics": {
    "tiny": {
      "mAP": 0.22818707391994664,
      "mAP50": 0.540910181404528,
      "mAP75": 0.15976132777501167,
      "mAP_small": null,
      "mAP_medium": 0.24488291168103551,
      "mAP_large": 0.0046875,
      "AR1": 0.28823529411764703,
      "AR10": 0.4,
      "AR100": 0.4,
      "AR_small": null,
      "AR_medium": 0.40625,
      "AR_large": 0.3,
      "objects": 17,
      "positive_images": 14,
      "detections": 2214
    },
    "small": {
      "mAP": 0.3852291293537586,
      "mAP50": 0.6908731859296687,
      "mAP75": 0.36588723694005415,
      "mAP_small": null,
      "mAP_medium": 0.2919035052086273,
      "mAP_large": 0.42832101155925995,
      "AR1": 0.3155844155844156,
      "AR10": 0.5311688311688312,
      "AR100": 0.5311688311688312,
      "AR_small": null,
      "AR_medium": 0.46499999999999997,
      "AR_large": 0.5543859649122808,
      "objects": 77,
      "positive_images": 51,
      "detections": 3284
    },
    "medium": {
      "mAP": 0.5114730515066122,
      "mAP50": 0.7661372881908302,
      "mAP75": 0.6166735619333266,
      "mAP_small": null,
      "mAP_medium": null,
      "mAP_large": 0.5121334628781817,
      "AR1": 0.592929292929293,
      "AR10": 0.6424242424242425,
      "AR100": 0.6424242424242425,
      "AR_small": null,
      "AR_medium": null,
      "AR_large": 0.6424242424242425,
      "objects": 99,
      "positive_images": 94,
      "detections": 2312
    },
    "large": {
      "mAP": 0.6730331988336121,
      "mAP50": 0.9225613123650677,
      "mAP75": 0.7720812432896824,
      "mAP_small": null,
      "mAP_medium": null,
      "mAP_large": 0.6730338561763416,
      "AR1": 0.7373205741626794,
      "AR10": 0.7454545454545454,
      "AR100": 0.7454545454545454,
      "AR_small": null,
      "AR_medium": null,
      "AR_large": 0.7454545454545454,
      "objects": 209,
      "positive_images": 207,
      "detections": 921
    }
  },
  "image_level": {
    "positive_images": 352,
    "negative_images": 750,
    "auroc": 0.9887537878787879,
    "average_precision": 0.9714972489335624,
    "fpr_at_target_tpr": {
      "threshold": 0.5860911011695862,
      "tp": 335,
      "fp": 35,
      "tn": 715,
      "fn": 17,
      "tpr": 0.9517045454545454,
      "fpr": 0.04666666666666667,
      "by_negative_group": {
        "negative_in_domain": {
          "negative_images": 439,
          "false_positive_images": 30,
          "fpr": 0.0683371298405467
        },
        "negative_out_domain": {
          "negative_images": 311,
          "false_positive_images": 5,
          "fpr": 0.01607717041800643
        }
      },
      "target_tpr": 0.95
    },
    "recall_at_fpr": {
      "0.01": {
        "max_fpr": 0.01,
        "threshold": 0.9480124115943909,
        "recall": 0.8721590909090909,
        "fpr": 0.009333333333333334,
        "tp": 307,
        "fp": 7,
        "tn": 743,
        "fn": 45
      },
      "0.05": {
        "max_fpr": 0.05,
        "threshold": 0.5573135018348694,
        "recall": 0.9602272727272727,
        "fpr": 0.04933333333333333,
        "tp": 338,
        "fp": 37,
        "tn": 713,
        "fn": 14
      }
    },
    "fixed_threshold": {
      "threshold": 0.25,
      "tp": 344,
      "fp": 66,
      "tn": 684,
      "fn": 8,
      "tpr": 0.9772727272727273,
      "fpr": 0.088,
      "by_negative_group": {
        "negative_in_domain": {
          "negative_images": 439,
          "false_positive_images": 51,
          "fpr": 0.11617312072892938
        },
        "negative_out_domain": {
          "negative_images": 311,
          "false_positive_images": 15,
          "fpr": 0.04823151125401929
        }
      }
    }
  }
}
