{
  "mAP": 0.5989159971199699,
  "mAP50": 0.9361484918757248,
  "mAP75": 0.6534309639968614,
  "mAP_small": null,
  "mAP_medium": 0.49893891338682445,
  "mAP_large": 0.6076686810352039,
  "AR1": 0.5870646766169154,
  "AR10": 0.6733830845771144,
  "AR100": 0.6761194029850747,
  "AR_small": null,
  "AR_medium": 0.6166666666666667,
  "AR_large": 0.6819672131147541,
  "mAP_tiny_rel": 0.3233256092152966,
  "mAP50_tiny_rel": 0.6480559097336408,
  "mAP75_tiny_rel": 0.3493400145023447,
  "AR100_tiny_rel": 0.5117647058823529,
  "mAP_small_rel": 0.4696955329575833,
  "mAP50_small_rel": 0.796657856592745,
  "mAP75_small_rel": 0.46209491259389257,
  "AR100_small_rel": 0.5701298701298702,
  "mAP_medium_rel": 0.48484512836124366,
  "mAP50_medium_rel": 0.8067877510077339,
  "mAP75_medium_rel": 0.503594824896032,
  "AR100_medium_rel": 0.5909090909090909,
  "mAP_large_rel": 0.6429921629280603,
  "mAP50_large_rel": 0.9385671169203491,
  "mAP75_large_rel": 0.7511168572414267,
  "AR100_large_rel": 0.7282296650717703,
  "mAP_tiny": 0.3233256092152966,
  "image_AUROC": 0.9922727272727273,
  "image_AP": 0.9831226022526438,
  "FPR@95TPR": 0.029333333333333333,
  "threshold@95TPR": 0.7869130373001099,
  "TPR@95TPR": 0.9517045454545454,
  "Recall@FPR=1%": 0.8977272727272727,
  "Recall@FPR=5%": 0.9715909090909091,
  "in_domain_FPR@95TPR": 0.04328018223234624,
  "out_domain_FPR@95TPR": 0.00964630225080386,
  "in_domain_FPR@fixed": 0.13439635535307518,
  "out_domain_FPR@fixed": 0.03536977491961415,
  "split": "val",
  "images": 1102,
  "ground_truth_objects": 402,
  "input_predictions": 12181,
  "detections": 12181,
  "invalid_predictions_dropped": 0,
  "fppi_threshold": 0.25,
  "false_positives_on_negatives": {
    "total_negative_images": 750,
    "total_false_positives": 96,
    "fppi": 0.128,
    "by_group": {
      "negative_in_domain": {
        "negative_images": 439,
        "false_positives": 80,
        "fppi": 0.18223234624145787
      },
      "negative_out_domain": {
        "negative_images": 311,
        "false_positives": 16,
        "fppi": 0.05144694533762058
      }
    }
  },
  "predictions_above_fppi_threshold_by_group": {
    "negative_in_domain": 80,
    "negative_out_domain": 16,
    "positive": 646
  },
  "relative_scale_metrics": {
    "tiny": {
      "mAP": 0.3233256092152966,
      "mAP50": 0.6480559097336408,
      "mAP75": 0.3493400145023447,
      "mAP_small": null,
      "mAP_medium": 0.3648297803400278,
      "mAP_large": 0.1125,
      "AR1": 0.38235294117647056,
      "AR10": 0.5117647058823529,
      "AR100": 0.5117647058823529,
      "AR_small": null,
      "AR_medium": 0.525,
      "AR_large": 0.3,
      "objects": 17,
      "positive_images": 14,
      "detections": 2836
    },
    "small": {
      "mAP": 0.4696955329575833,
      "mAP50": 0.796657856592745,
      "mAP75": 0.46209491259389257,
      "mAP_small": null,
      "mAP_medium": 0.5270727965088898,
      "mAP_large": 0.45471381640728253,
      "AR1": 0.39610389610389607,
      "AR10": 0.5675324675324676,
      "AR100": 0.5701298701298702,
      "AR_small": null,
      "AR_medium": 0.62,
      "AR_large": 0.5526315789473684,
      "objects": 77,
      "positive_images": 51,
      "detections": 3825
    },
    "medium": {
      "mAP": 0.48484512836124366,
      "mAP50": 0.8067877510077339,
      "mAP75": 0.503594824896032,
      "mAP_small": null,
      "mAP_medium": null,
      "mAP_large": 0.4852218867107359,
      "AR1": 0.5262626262626262,
      "AR10": 0.5909090909090909,
      "AR100": 0.5909090909090909,
      "AR_small": null,
      "AR_medium": null,
      "AR_large": 0.5909090909090909,
      "objects": 99,
      "positive_images": 94,
      "detections": 4102
    },
    "large": {
      "mAP": 0.6429921629280603,
      "mAP50": 0.9385671169203491,
      "mAP75": 0.7511168572414267,
      "mAP_small": null,
      "mAP_medium": null,
      "mAP_large": 0.6429921629280603,
      "AR1": 0.7114832535885167,
      "AR10": 0.7282296650717703,
      "AR100": 0.7282296650717703,
      "AR_small": null,
      "AR_medium": null,
      "AR_large": 0.7282296650717703,
      "objects": 209,
      "positive_images": 207,
      "detections": 1418
    }
  },
  "image_level": {
    "positive_images": 352,
    "negative_images": 750,
    "auroc": 0.9922727272727273,
    "average_precision": 0.9831226022526438,
    "fpr_at_target_tpr": {
      "threshold": 0.7869130373001099,
      "tp": 335,
      "fp": 22,
      "tn": 728,
      "fn": 17,
      "tpr": 0.9517045454545454,
      "fpr": 0.029333333333333333,
      "by_negative_group": {
        "negative_in_domain": {
          "negative_images": 439,
          "false_positive_images": 19,
          "fpr": 0.04328018223234624
        },
        "negative_out_domain": {
          "negative_images": 311,
          "false_positive_images": 3,
          "fpr": 0.00964630225080386
        }
      },
      "target_tpr": 0.95
    },
    "recall_at_fpr": {
      "0.01": {
        "max_fpr": 0.01,
        "threshold": 0.9431565403938293,
        "recall": 0.8977272727272727,
        "fpr": 0.009333333333333334,
        "tp": 316,
        "fp": 7,
        "tn": 743,
        "fn": 36
      },
      "0.05": {
        "max_fpr": 0.05,
        "threshold": 0.6473188996315002,
        "recall": 0.9715909090909091,
        "fpr": 0.03866666666666667,
        "tp": 342,
        "fp": 29,
        "tn": 721,
        "fn": 10
      }
    },
    "fixed_threshold": {
      "threshold": 0.25,
      "tp": 345,
      "fp": 70,
      "tn": 680,
      "fn": 7,
      "tpr": 0.9801136363636364,
      "fpr": 0.09333333333333334,
      "by_negative_group": {
        "negative_in_domain": {
          "negative_images": 439,
          "false_positive_images": 59,
          "fpr": 0.13439635535307518
        },
        "negative_out_domain": {
          "negative_images": 311,
          "false_positive_images": 11,
          "fpr": 0.03536977491961415
        }
      }
    }
  }
}
