{
  "mAP": 0.5685349512919284,
  "mAP50": 0.9362870336902004,
  "mAP75": 0.6358440310794241,
  "mAP_small": null,
  "mAP_medium": 0.4571199079943477,
  "mAP_large": 0.5792231270923889,
  "AR1": 0.5689054726368159,
  "AR10": 0.6587064676616916,
  "AR100": 0.6601990049751245,
  "AR_small": null,
  "AR_medium": 0.611111111111111,
  "AR_large": 0.6650273224043717,
  "mAP_tiny_rel": 0.3524618606198375,
  "mAP50_tiny_rel": 0.686858866571499,
  "mAP75_tiny_rel": 0.2820334665045452,
  "AR100_tiny_rel": 0.5823529411764705,
  "mAP_small_rel": 0.4477790956739243,
  "mAP50_small_rel": 0.7672696613064603,
  "mAP75_small_rel": 0.47332044273756313,
  "AR100_small_rel": 0.5909090909090909,
  "mAP_medium_rel": 0.44665373543904213,
  "mAP50_medium_rel": 0.7353839084793277,
  "mAP75_medium_rel": 0.5267607427028649,
  "AR100_medium_rel": 0.611111111111111,
  "mAP_large_rel": 0.5589383044567707,
  "mAP50_large_rel": 0.8857694336874966,
  "mAP75_large_rel": 0.620413952209574,
  "AR100_large_rel": 0.6483253588516746,
  "mAP_tiny": 0.3524618606198375,
  "image_AUROC": 0.9874431818181818,
  "image_AP": 0.9797107898942141,
  "FPR@95TPR": 0.042666666666666665,
  "threshold@95TPR": 0.7599727511405945,
  "TPR@95TPR": 0.9517045454545454,
  "Recall@FPR=1%": 0.8125,
  "Recall@FPR=5%": 0.9630681818181818,
  "in_domain_FPR@95TPR": 0.0683371298405467,
  "out_domain_FPR@95TPR": 0.006430868167202572,
  "in_domain_FPR@fixed": 0.2164009111617312,
  "out_domain_FPR@fixed": 0.11254019292604502,
  "split": "val",
  "images": 1102,
  "ground_truth_objects": 402,
  "input_predictions": 18163,
  "detections": 18163,
  "invalid_predictions_dropped": 0,
  "fppi_threshold": 0.25,
  "false_positives_on_negatives": {
    "total_negative_images": 750,
    "total_false_positives": 202,
    "fppi": 0.2693333333333333,
    "by_group": {
      "negative_in_domain": {
        "negative_images": 439,
        "false_positives": 143,
        "fppi": 0.32574031890660593
      },
      "negative_out_domain": {
        "negative_images": 311,
        "false_positives": 59,
        "fppi": 0.18971061093247588
      }
    }
  },
  "predictions_above_fppi_threshold_by_group": {
    "negative_in_domain": 143,
    "negative_out_domain": 59,
    "positive": 694
  },
  "relative_scale_metrics": {
    "tiny": {
      "mAP": 0.3524618606198375,
      "mAP50": 0.686858866571499,
      "mAP75": 0.2820334665045452,
      "mAP_small": null,
      "mAP_medium": 0.3722622751715723,
      "mAP_large": 0.8999999999999999,
      "AR1": 0.4235294117647059,
      "AR10": 0.5823529411764705,
      "AR100": 0.5823529411764705,
      "AR_small": null,
      "AR_medium": 0.5625,
      "AR_large": 0.9,
      "objects": 17,
      "positive_images": 14,
      "detections": 5763
    },
    "small": {
      "mAP": 0.4477790956739243,
      "mAP50": 0.7672696613064603,
      "mAP75": 0.47332044273756313,
      "mAP_small": null,
      "mAP_medium": 0.41210825497035103,
      "mAP_large": 0.46480952376234885,
      "AR1": 0.3909090909090909,
      "AR10": 0.5896103896103896,
      "AR100": 0.5909090909090909,
      "AR_small": null,
      "AR_medium": 0.59,
      "AR_large": 0.5912280701754385,
      "objects": 77,
      "positive_images": 51,
      "detections": 5857
    },
    "medium": {
      "mAP": 0.44665373543904213,
      "mAP50": 0.7353839084793277,
      "mAP75": 0.5267607427028649,
      "mAP_small": null,
      "mAP_medium": null,
      "mAP_large": 0.44704944342755726,
      "AR1": 0.5434343434343434,
      "AR10": 0.611111111111111,
      "AR100": 0.611111111111111,
      "AR_small": null,
      "AR_medium": null,
      "AR_large": 0.611111111111111,
      "objects": 99,
      "positive_images": 94,
      "detections": 5185
    },
    "large": {
      "mAP": 0.5589383044567707,
      "mAP50": 0.8857694336874966,
      "mAP75": 0.620413952209574,
      "mAP_small": null,
      "mAP_medium": null,
      "mAP_large": 0.5589384785425214,
      "AR1": 0.638755980861244,
      "AR10": 0.6483253588516746,
      "AR100": 0.6483253588516746,
      "AR_small": null,
      "AR_medium": null,
      "AR_large": 0.6483253588516746,
      "objects": 209,
      "positive_images": 207,
      "detections": 1358
    }
  },
  "image_level": {
    "positive_images": 352,
    "negative_images": 750,
    "auroc": 0.9874431818181818,
    "average_precision": 0.9797107898942141,
    "fpr_at_target_tpr": {
      "threshold": 0.7599727511405945,
      "tp": 335,
      "fp": 32,
      "tn": 718,
      "fn": 17,
      "tpr": 0.9517045454545454,
      "fpr": 0.042666666666666665,
      "by_negative_group": {
        "negative_in_domain": {
          "negative_images": 439,
          "false_positive_images": 30,
          "fpr": 0.0683371298405467
        },
        "negative_out_domain": {
          "negative_images": 311,
          "false_positive_images": 2,
          "fpr": 0.006430868167202572
        }
      },
      "target_tpr": 0.95
    },
    "recall_at_fpr": {
      "0.01": {
        "max_fpr": 0.01,
        "threshold": 0.9477103352546692,
        "recall": 0.8125,
        "fpr": 0.009333333333333334,
        "tp": 286,
        "fp": 7,
        "tn": 743,
        "fn": 66
      },
      "0.05": {
        "max_fpr": 0.05,
        "threshold": 0.6782309412956238,
        "recall": 0.9630681818181818,
        "fpr": 0.04933333333333333,
        "tp": 339,
        "fp": 37,
        "tn": 713,
        "fn": 13
      }
    },
    "fixed_threshold": {
      "threshold": 0.25,
      "tp": 347,
      "fp": 130,
      "tn": 620,
      "fn": 5,
      "tpr": 0.9857954545454546,
      "fpr": 0.17333333333333334,
      "by_negative_group": {
        "negative_in_domain": {
          "negative_images": 439,
          "false_positive_images": 95,
          "fpr": 0.2164009111617312
        },
        "negative_out_domain": {
          "negative_images": 311,
          "false_positive_images": 35,
          "fpr": 0.11254019292604502
        }
      }
    }
  }
}
