{
  "mAP": 4.3298254503874157e-05,
  "mAP50": 0.00023931084972406613,
  "mAP75": 3.672065459707711e-07,
  "mAP_small": null,
  "mAP_medium": 0.0,
  "mAP_large": 5.952831434979633e-05,
  "AR1": 0.0,
  "AR10": 0.0007462686567164179,
  "AR100": 0.06467661691542288,
  "AR_small": null,
  "AR_medium": 0.0,
  "AR_large": 0.07103825136612021,
  "mAP_tiny_rel": 0.0,
  "mAP50_tiny_rel": 0.0,
  "mAP75_tiny_rel": 0.0,
  "AR100_tiny_rel": 0.0,
  "mAP_small_rel": 1.677849533809507e-07,
  "mAP50_small_rel": 8.389247669047535e-07,
  "mAP75_small_rel": 0.0,
  "AR100_small_rel": 0.0025974025974025974,
  "mAP_medium_rel": 5.0472979060141716e-05,
  "mAP50_medium_rel": 0.0002566412348911493,
  "mAP75_medium_rel": 6.785915560816902e-07,
  "AR100_medium_rel": 0.07878787878787878,
  "mAP_large_rel": 0.0007787359859435679,
  "mAP50_large_rel": 0.004330763598261784,
  "mAP75_large_rel": 1.5745014734709623e-05,
  "AR100_large_rel": 0.0708133971291866,
  "mAP_tiny": 0.0,
  "image_AUROC": 0.5002878787878788,
  "image_AP": 0.30753171205898594,
  "FPR@95TPR": 0.9213333333333333,
  "threshold@95TPR": 0.06777258217334747,
  "TPR@95TPR": 0.9517045454545454,
  "Recall@FPR=1%": 0.008522727272727272,
  "Recall@FPR=5%": 0.02556818181818182,
  "in_domain_FPR@95TPR": 0.9886104783599089,
  "out_domain_FPR@95TPR": 0.8263665594855305,
  "in_domain_FPR@fixed": 0.0,
  "out_domain_FPR@fixed": 0.0,
  "split": "val",
  "images": 1102,
  "ground_truth_objects": 402,
  "input_predictions": 110200,
  "detections": 110200,
  "invalid_predictions_dropped": 0,
  "fppi_threshold": 0.25,
  "false_positives_on_negatives": {
    "total_negative_images": 750,
    "total_false_positives": 0,
    "fppi": 0.0,
    "by_group": {
      "negative_in_domain": {
        "negative_images": 439,
        "false_positives": 0,
        "fppi": 0.0
      },
      "negative_out_domain": {
        "negative_images": 311,
        "false_positives": 0,
        "fppi": 0.0
      }
    }
  },
  "predictions_above_fppi_threshold_by_group": {},
  "relative_scale_metrics": {
    "tiny": {
      "mAP": 0.0,
      "mAP50": 0.0,
      "mAP75": 0.0,
      "mAP_small": null,
      "mAP_medium": 0.0,
      "mAP_large": 0.0,
      "AR1": 0.0,
      "AR10": 0.0,
      "AR100": 0.0,
      "AR_small": null,
      "AR_medium": 0.0,
      "AR_large": 0.0,
      "objects": 17,
      "positive_images": 14,
      "detections": 8187
    },
    "small": {
      "mAP": 1.677849533809507e-07,
      "mAP50": 8.389247669047535e-07,
      "mAP75": 0.0,
      "mAP_small": null,
      "mAP_medium": 0.0,
      "mAP_large": 2.1504023671629257e-07,
      "AR1": 0.0,
      "AR10": 0.0,
      "AR100": 0.0025974025974025974,
      "AR_small": null,
      "AR_medium": 0.0,
      "AR_large": 0.003508771929824561,
      "objects": 77,
      "positive_images": 51,
      "detections": 55543
    },
    "medium": {
      "mAP": 5.0472979060141716e-05,
      "mAP50": 0.0002566412348911493,
      "mAP75": 6.785915560816902e-07,
      "mAP_small": null,
      "mAP_medium": null,
      "mAP_large": 5.312550950107307e-05,
      "AR1": 0.0,
      "AR10": 0.01111111111111111,
      "AR100": 0.07878787878787878,
      "AR_small": null,
      "AR_medium": null,
      "AR_large": 0.07878787878787878,
      "objects": 99,
      "positive_images": 94,
      "detections": 42345
    },
    "large": {
      "mAP": 0.0007787359859435679,
      "mAP50": 0.004330763598261784,
      "mAP75": 1.5745014734709623e-05,
      "mAP_small": null,
      "mAP_medium": null,
      "mAP_large": 0.0007826010122032939,
      "AR1": 0.010047846889952153,
      "AR10": 0.06985645933014353,
      "AR100": 0.0708133971291866,
      "AR_small": null,
      "AR_medium": null,
      "AR_large": 0.0708133971291866,
      "objects": 209,
      "positive_images": 207,
      "detections": 4125
    }
  },
  "image_level": {
    "positive_images": 352,
    "negative_images": 750,
    "auroc": 0.5002878787878788,
    "average_precision": 0.30753171205898594,
    "fpr_at_target_tpr": {
      "threshold": 0.06777258217334747,
      "tp": 335,
      "fp": 691,
      "tn": 59,
      "fn": 17,
      "tpr": 0.9517045454545454,
      "fpr": 0.9213333333333333,
      "by_negative_group": {
        "negative_in_domain": {
          "negative_images": 439,
          "false_positive_images": 434,
          "fpr": 0.9886104783599089
        },
        "negative_out_domain": {
          "negative_images": 311,
          "false_positive_images": 257,
          "fpr": 0.8263665594855305
        }
      },
      "target_tpr": 0.95
    },
    "recall_at_fpr": {
      "0.01": {
        "max_fpr": 0.01,
        "threshold": 0.11011447012424469,
        "recall": 0.008522727272727272,
        "fpr": 0.009333333333333334,
        "tp": 3,
        "fp": 7,
        "tn": 743,
        "fn": 349
      },
      "0.05": {
        "max_fpr": 0.05,
        "threshold": 0.1048320010304451,
        "recall": 0.02556818181818182,
        "fpr": 0.044,
        "tp": 9,
        "fp": 33,
        "tn": 717,
        "fn": 343
      }
    },
    "fixed_threshold": {
      "threshold": 0.25,
      "tp": 0,
      "fp": 0,
      "tn": 750,
      "fn": 352,
      "tpr": 0.0,
      "fpr": 0.0,
      "by_negative_group": {
        "negative_in_domain": {
          "negative_images": 439,
          "false_positive_images": 0,
          "fpr": 0.0
        },
        "negative_out_domain": {
          "negative_images": 311,
          "false_positive_images": 0,
          "fpr": 0.0
        }
      }
    }
  }
}
