{
  "mAP": 0.6170026656663331,
  "mAP50": 0.9394686608597069,
  "mAP75": 0.707077372570775,
  "mAP_small": 0.025000000000000005,
  "mAP_medium": 0.43251963564707513,
  "mAP_large": 0.6354174276681471,
  "AR1": 0.6083123425692696,
  "AR10": 0.6841309823677582,
  "AR100": 0.6909319899244333,
  "AR_small": 0.5,
  "AR_medium": 0.5352941176470589,
  "AR_large": 0.7060773480662983,
  "mAP_tiny_rel": 0.2545328231062997,
  "mAP50_tiny_rel": 0.4021891553297957,
  "mAP75_tiny_rel": 0.35115511551155115,
  "AR100_tiny_rel": 0.4333333333333333,
  "mAP_small_rel": 0.41062741965325633,
  "mAP50_small_rel": 0.717043335784044,
  "mAP75_small_rel": 0.45045342024297935,
  "AR100_small_rel": 0.5257142857142857,
  "mAP_medium_rel": 0.5244160302940161,
  "mAP50_medium_rel": 0.8185674654529156,
  "mAP75_medium_rel": 0.5456741109207446,
  "AR100_medium_rel": 0.6635514018691588,
  "mAP_large_rel": 0.675661521122592,
  "mAP50_large_rel": 0.9543855843810424,
  "mAP75_large_rel": 0.8286027248298397,
  "AR100_large_rel": 0.7429268292682927,
  "mAP_tiny": 0.2545328231062997,
  "image_AUROC": 0.9927027540360873,
  "image_AP": 0.9866725111214211,
  "FPR@95TPR": 0.032,
  "threshold@95TPR": 0.7725095152854919,
  "TPR@95TPR": 0.9515669515669516,
  "Recall@FPR=1%": 0.886039886039886,
  "Recall@FPR=5%": 0.9743589743589743,
  "in_domain_FPR@95TPR": 0.05011389521640091,
  "out_domain_FPR@95TPR": 0.006430868167202572,
  "in_domain_FPR@fixed": 0.12984054669703873,
  "out_domain_FPR@fixed": 0.028938906752411574,
  "split": "test",
  "images": 1101,
  "ground_truth_objects": 397,
  "input_predictions": 11528,
  "detections": 11528,
  "invalid_predictions_dropped": 0,
  "fppi_threshold": 0.25,
  "false_positives_on_negatives": {
    "total_negative_images": 750,
    "total_false_positives": 90,
    "fppi": 0.12,
    "by_group": {
      "negative_in_domain": {
        "negative_images": 439,
        "false_positives": 75,
        "fppi": 0.17084282460136674
      },
      "negative_out_domain": {
        "negative_images": 311,
        "false_positives": 15,
        "fppi": 0.04823151125401929
      }
    }
  },
  "predictions_above_fppi_threshold_by_group": {
    "negative_in_domain": 75,
    "negative_out_domain": 15,
    "positive": 643
  },
  "relative_scale_metrics": {
    "tiny": {
      "mAP": 0.2545328231062997,
      "mAP50": 0.4021891553297957,
      "mAP75": 0.35115511551155115,
      "mAP_small": 0.026315789473684206,
      "mAP_medium": 0.2902115874150408,
      "mAP_large": 0.0,
      "AR1": 0.2533333333333333,
      "AR10": 0.4066666666666666,
      "AR100": 0.4333333333333333,
      "AR_small": 0.5,
      "AR_medium": 0.46153846153846156,
      "AR_large": 0.0,
      "objects": 15,
      "positive_images": 14,
      "detections": 2613
    },
    "small": {
      "mAP": 0.41062741965325633,
      "mAP50": 0.717043335784044,
      "mAP75": 0.45045342024297935,
      "mAP_small": null,
      "mAP_medium": 0.44600654132964596,
      "mAP_large": 0.41506222987325536,
      "AR1": 0.3142857142857142,
      "AR10": 0.5257142857142857,
      "AR100": 0.5257142857142857,
      "AR_small": null,
      "AR_medium": 0.545,
      "AR_large": 0.518,
      "objects": 70,
      "positive_images": 51,
      "detections": 3467
    },
    "medium": {
      "mAP": 0.5244160302940161,
      "mAP50": 0.8185674654529156,
      "mAP75": 0.5456741109207446,
      "mAP_small": null,
      "mAP_medium": 0.25,
      "mAP_large": 0.5312089903078733,
      "AR1": 0.5878504672897196,
      "AR10": 0.6560747663551403,
      "AR100": 0.6635514018691588,
      "AR_small": null,
      "AR_medium": 0.5,
      "AR_large": 0.6650943396226415,
      "objects": 107,
      "positive_images": 97,
      "detections": 4147
    },
    "large": {
      "mAP": 0.675661521122592,
      "mAP50": 0.9543855843810424,
      "mAP75": 0.8286027248298397,
      "mAP_small": null,
      "mAP_medium": null,
      "mAP_large": 0.675661521122592,
      "AR1": 0.7346341463414634,
      "AR10": 0.7429268292682927,
      "AR100": 0.7429268292682927,
      "AR_small": null,
      "AR_medium": null,
      "AR_large": 0.7429268292682927,
      "objects": 205,
      "positive_images": 204,
      "detections": 1301
    }
  },
  "image_level": {
    "positive_images": 351,
    "negative_images": 750,
    "auroc": 0.9927027540360873,
    "average_precision": 0.9866725111214211,
    "fpr_at_target_tpr": {
      "threshold": 0.7725095152854919,
      "tp": 334,
      "fp": 24,
      "tn": 726,
      "fn": 17,
      "tpr": 0.9515669515669516,
      "fpr": 0.032,
      "by_negative_group": {
        "negative_in_domain": {
          "negative_images": 439,
          "false_positive_images": 22,
          "fpr": 0.05011389521640091
        },
        "negative_out_domain": {
          "negative_images": 311,
          "false_positive_images": 2,
          "fpr": 0.006430868167202572
        }
      },
      "target_tpr": 0.95
    },
    "recall_at_fpr": {
      "0.01": {
        "max_fpr": 0.01,
        "threshold": 0.9426161646842957,
        "recall": 0.886039886039886,
        "fpr": 0.009333333333333334,
        "tp": 311,
        "fp": 7,
        "tn": 743,
        "fn": 40
      },
      "0.05": {
        "max_fpr": 0.05,
        "threshold": 0.6390479207038879,
        "recall": 0.9743589743589743,
        "fpr": 0.048,
        "tp": 342,
        "fp": 36,
        "tn": 714,
        "fn": 9
      }
    },
    "fixed_threshold": {
      "threshold": 0.25,
      "tp": 345,
      "fp": 66,
      "tn": 684,
      "fn": 6,
      "tpr": 0.9829059829059829,
      "fpr": 0.088,
      "by_negative_group": {
        "negative_in_domain": {
          "negative_images": 439,
          "false_positive_images": 57,
          "fpr": 0.12984054669703873
        },
        "negative_out_domain": {
          "negative_images": 311,
          "false_positive_images": 9,
          "fpr": 0.028938906752411574
        }
      }
    }
  }
}
