variant,method,split,protocol_name,anchor_preset,AP,AP50,AP75,AP_tiny,AP_small,FPR_in_domain,FPR_out_domain,FPR@95TPR,image_AUROC,image_AP,negative_fppi,detections,lambda_pos,lambda_con,scale_aware,contrastive_warmup_epochs,metrics_path
baseline,Baseline Faster R-CNN,test,canonical_v2,default,0.6885192526971959,0.9651576896554819,0.7904856563182228,0.3249917936347904,0.49095904390964495,0.03189066059225513,0.006430868167202572,0.021333333333333333,0.9940968660968661,0.990570170817987,0.06133333333333333,2966,0.0,0.0,False,0,results/hnsard_loss_ablation_lowloss_default/runs/baseline/final_metrics.json
l_pos,+ L_pos,test,canonical_v2,default,0.6816311507902243,0.9618132593246402,0.7831242126093342,0.33597556284932906,0.46224402277932686,0.03189066059225513,0.003215434083601286,0.02,0.9945413105413106,0.9909859140413125,0.07333333333333333,3094,0.05,0.0,False,0,results/hnsard_loss_ablation_lowloss_default/runs/l_pos/final_metrics.json
l_pos_scale,+ L_pos + scale-aware,test,canonical_v2,default,0.6895664666662044,0.9627239701037582,0.7934235475687332,0.3412894604677859,0.4816032032518268,0.03189066059225513,0.006430868167202572,0.021333333333333333,0.9939335232668566,0.9901937208620906,0.07866666666666666,3038,0.05,0.0,True,0,results/hnsard_loss_ablation_lowloss_default/runs/l_pos_scale/final_metrics.json
l_pos_scale_l_con,+ L_pos + scale-aware + L_con,test,canonical_v2,default,0.6917216181513776,0.9652544565447218,0.8111579848605114,0.3289272873811039,0.5110522916884591,0.02733485193621868,0.003215434083601286,0.017333333333333333,0.9937113010446343,0.9906858177639277,0.06133333333333333,2856,0.05,0.05,True,0,results/hnsard_loss_ablation_lowloss_default/runs/l_pos_scale_l_con/final_metrics.json
full_hnsard,Full HN-SARD,test,canonical_v2,default,0.6867900306400464,0.9635296192940886,0.7963639617171538,0.3350964180571957,0.493861609504399,0.03189066059225513,0.006430868167202572,0.021333333333333333,0.9953314339981006,0.9922528576065328,0.050666666666666665,2940,0.05,0.05,True,3,results/hnsard_loss_ablation_lowloss_default/runs/full_hnsard/final_metrics.json
