{
  "mAP": 0.5009185969407223,
  "mAP50": 0.8685616788937047,
  "mAP75": 0.5394141137258448,
  "mAP_small": null,
  "mAP_medium": 0.4273576390282657,
  "mAP_large": 0.5127018192118463,
  "AR1": 0.5308457711442787,
  "AR10": 0.6271144278606966,
  "AR100": 0.6348258706467662,
  "AR_small": null,
  "AR_medium": 0.5999999999999999,
  "AR_large": 0.6382513661202186,
  "mAP_tiny_rel": 0.2671165070597993,
  "mAP50_tiny_rel": 0.5732688119600983,
  "mAP75_tiny_rel": 0.2409434899533909,
  "AR100_tiny_rel": 0.49411764705882355,
  "mAP_small_rel": 0.4196123024717042,
  "mAP50_small_rel": 0.6984690395369191,
  "mAP75_small_rel": 0.4628657074903899,
  "AR100_small_rel": 0.5909090909090909,
  "mAP_medium_rel": 0.365532418555612,
  "mAP50_medium_rel": 0.6331355777891764,
  "mAP75_medium_rel": 0.37616884588909855,
  "AR100_medium_rel": 0.5666666666666667,
  "mAP_large_rel": 0.5282552486833894,
  "mAP50_large_rel": 0.878017469371866,
  "mAP75_large_rel": 0.6123575514631323,
  "AR100_large_rel": 0.6492822966507177,
  "mAP_tiny": 0.2671165070597993,
  "image_AUROC": 0.9613219696969697,
  "image_AP": 0.9343433688639307,
  "FPR@95TPR": 0.212,
  "threshold@95TPR": 0.8177172541618347,
  "TPR@95TPR": 0.9517045454545454,
  "Recall@FPR=1%": 0.6079545454545454,
  "Recall@FPR=5%": 0.8267045454545454,
  "in_domain_FPR@95TPR": 0.30296127562642367,
  "out_domain_FPR@95TPR": 0.08360128617363344,
  "in_domain_FPR@fixed": 0.8018223234624146,
  "out_domain_FPR@fixed": 0.35691318327974275,
  "split": "val",
  "images": 1102,
  "ground_truth_objects": 402,
  "input_predictions": 46946,
  "detections": 46946,
  "invalid_predictions_dropped": 0,
  "fppi_threshold": 0.25,
  "false_positives_on_negatives": {
    "total_negative_images": 750,
    "total_false_positives": 1447,
    "fppi": 1.9293333333333333,
    "by_group": {
      "negative_in_domain": {
        "negative_images": 439,
        "false_positives": 1235,
        "fppi": 2.8132118451025057
      },
      "negative_out_domain": {
        "negative_images": 311,
        "false_positives": 212,
        "fppi": 0.6816720257234726
      }
    }
  },
  "predictions_above_fppi_threshold_by_group": {
    "negative_in_domain": 1235,
    "negative_out_domain": 212,
    "positive": 1209
  },
  "relative_scale_metrics": {
    "tiny": {
      "mAP": 0.2671165070597993,
      "mAP50": 0.5732688119600983,
      "mAP75": 0.2409434899533909,
      "mAP_small": null,
      "mAP_medium": 0.2935199784681879,
      "mAP_large": 0.0,
      "AR1": 0.32941176470588235,
      "AR10": 0.49411764705882355,
      "AR100": 0.49411764705882355,
      "AR_small": null,
      "AR_medium": 0.525,
      "AR_large": 0.0,
      "objects": 17,
      "positive_images": 14,
      "detections": 10419
    },
    "small": {
      "mAP": 0.4196123024717042,
      "mAP50": 0.6984690395369191,
      "mAP75": 0.4628657074903899,
      "mAP_small": null,
      "mAP_medium": 0.4469627519563129,
      "mAP_large": 0.424574791157119,
      "AR1": 0.38961038961038963,
      "AR10": 0.5844155844155844,
      "AR100": 0.5909090909090909,
      "AR_small": null,
      "AR_medium": 0.595,
      "AR_large": 0.5894736842105261,
      "objects": 77,
      "positive_images": 51,
      "detections": 16058
    },
    "medium": {
      "mAP": 0.365532418555612,
      "mAP50": 0.6331355777891764,
      "mAP75": 0.37616884588909855,
      "mAP_small": null,
      "mAP_medium": null,
      "mAP_large": 0.36623681049472545,
      "AR1": 0.4555555555555556,
      "AR10": 0.5646464646464647,
      "AR100": 0.5666666666666667,
      "AR_small": null,
      "AR_medium": null,
      "AR_large": 0.5666666666666667,
      "objects": 99,
      "positive_images": 94,
      "detections": 16021
    },
    "large": {
      "mAP": 0.5282552486833894,
      "mAP50": 0.878017469371866,
      "mAP75": 0.6123575514631323,
      "mAP_small": null,
      "mAP_medium": null,
      "mAP_large": 0.5282555256784075,
      "AR1": 0.6301435406698565,
      "AR10": 0.6492822966507177,
      "AR100": 0.6492822966507177,
      "AR_small": null,
      "AR_medium": null,
      "AR_large": 0.6492822966507177,
      "objects": 209,
      "positive_images": 207,
      "detections": 4448
    }
  },
  "image_level": {
    "positive_images": 352,
    "negative_images": 750,
    "auroc": 0.9613219696969697,
    "average_precision": 0.9343433688639307,
    "fpr_at_target_tpr": {
      "threshold": 0.8177172541618347,
      "tp": 335,
      "fp": 159,
      "tn": 591,
      "fn": 17,
      "tpr": 0.9517045454545454,
      "fpr": 0.212,
      "by_negative_group": {
        "negative_in_domain": {
          "negative_images": 439,
          "false_positive_images": 133,
          "fpr": 0.30296127562642367
        },
        "negative_out_domain": {
          "negative_images": 311,
          "false_positive_images": 26,
          "fpr": 0.08360128617363344
        }
      },
      "target_tpr": 0.95
    },
    "recall_at_fpr": {
      "0.01": {
        "max_fpr": 0.01,
        "threshold": 0.9819976687431335,
        "recall": 0.6079545454545454,
        "fpr": 0.009333333333333334,
        "tp": 214,
        "fp": 7,
        "tn": 743,
        "fn": 138
      },
      "0.05": {
        "max_fpr": 0.05,
        "threshold": 0.9476127028465271,
        "recall": 0.8267045454545454,
        "fpr": 0.04933333333333333,
        "tp": 291,
        "fp": 37,
        "tn": 713,
        "fn": 61
      }
    },
    "fixed_threshold": {
      "threshold": 0.25,
      "tp": 351,
      "fp": 463,
      "tn": 287,
      "fn": 1,
      "tpr": 0.9971590909090909,
      "fpr": 0.6173333333333333,
      "by_negative_group": {
        "negative_in_domain": {
          "negative_images": 439,
          "false_positive_images": 352,
          "fpr": 0.8018223234624146
        },
        "negative_out_domain": {
          "negative_images": 311,
          "false_positive_images": 111,
          "fpr": 0.35691318327974275
        }
      }
    }
  }
}
