{
  "mAP": 0.6227532536516601,
  "mAP50": 0.935072114459537,
  "mAP75": 0.7114731654839996,
  "mAP_small": null,
  "mAP_medium": 0.46540936957177925,
  "mAP_large": 0.637522332730915,
  "AR1": 0.6136815920398011,
  "AR10": 0.7064676616915424,
  "AR100": 0.7072139303482589,
  "AR_small": null,
  "AR_medium": 0.5972222222222222,
  "AR_large": 0.718032786885246,
  "mAP_tiny_rel": 0.30293305328287545,
  "mAP50_tiny_rel": 0.5916225334675888,
  "mAP75_tiny_rel": 0.3275032480623628,
  "AR100_tiny_rel": 0.4882352941176471,
  "mAP_small_rel": 0.41655286804002495,
  "mAP50_small_rel": 0.7050698901464287,
  "mAP75_small_rel": 0.394151721058318,
  "AR100_small_rel": 0.5766233766233767,
  "mAP_medium_rel": 0.5337833921771424,
  "mAP50_medium_rel": 0.8091070863438852,
  "mAP75_medium_rel": 0.5979100691341269,
  "AR100_medium_rel": 0.6373737373737375,
  "mAP_large_rel": 0.6660929434840013,
  "mAP50_large_rel": 0.9313018861802393,
  "mAP75_large_rel": 0.8014485151645528,
  "AR100_large_rel": 0.7492822966507177,
  "mAP_tiny": 0.30293305328287545,
  "image_AUROC": 0.9792045454545455,
  "image_AP": 0.9665469161868916,
  "FPR@95TPR": 0.116,
  "threshold@95TPR": 0.9135791659355164,
  "TPR@95TPR": 0.9517045454545454,
  "Recall@FPR=1%": 0.7784090909090909,
  "Recall@FPR=5%": 0.9232954545454546,
  "in_domain_FPR@95TPR": 0.10250569476082004,
  "out_domain_FPR@95TPR": 0.13504823151125403,
  "in_domain_FPR@fixed": 0.43735763097949887,
  "out_domain_FPR@fixed": 0.4855305466237942,
  "split": "val",
  "images": 1102,
  "ground_truth_objects": 402,
  "input_predictions": 9366,
  "detections": 9366,
  "invalid_predictions_dropped": 0,
  "fppi_threshold": 0.25,
  "false_positives_on_negatives": {
    "total_negative_images": 750,
    "total_false_positives": 520,
    "fppi": 0.6933333333333334,
    "by_group": {
      "negative_in_domain": {
        "negative_images": 439,
        "false_positives": 262,
        "fppi": 0.5968109339407744
      },
      "negative_out_domain": {
        "negative_images": 311,
        "false_positives": 258,
        "fppi": 0.8295819935691319
      }
    }
  },
  "predictions_above_fppi_threshold_by_group": {
    "negative_in_domain": 262,
    "negative_out_domain": 258,
    "positive": 512
  },
  "relative_scale_metrics": {
    "tiny": {
      "mAP": 0.30293305328287545,
      "mAP50": 0.5916225334675888,
      "mAP75": 0.3275032480623628,
      "mAP_small": null,
      "mAP_medium": 0.2965186963272498,
      "mAP_large": 0.6999999999999998,
      "AR1": 0.3588235294117647,
      "AR10": 0.4882352941176471,
      "AR100": 0.4882352941176471,
      "AR_small": null,
      "AR_medium": 0.475,
      "AR_large": 0.7,
      "objects": 17,
      "positive_images": 14,
      "detections": 1294
    },
    "small": {
      "mAP": 0.41655286804002495,
      "mAP50": 0.7050698901464287,
      "mAP75": 0.394151721058318,
      "mAP_small": null,
      "mAP_medium": 0.2961546265520008,
      "mAP_large": 0.46510094235564414,
      "AR1": 0.35584415584415585,
      "AR10": 0.5766233766233767,
      "AR100": 0.5766233766233767,
      "AR_small": null,
      "AR_medium": 0.48,
      "AR_large": 0.6105263157894736,
      "objects": 77,
      "positive_images": 51,
      "detections": 1980
    },
    "medium": {
      "mAP": 0.5337833921771424,
      "mAP50": 0.8091070863438852,
      "mAP75": 0.5979100691341269,
      "mAP_small": null,
      "mAP_medium": null,
      "mAP_large": 0.5339716133500931,
      "AR1": 0.5717171717171717,
      "AR10": 0.6373737373737375,
      "AR100": 0.6373737373737375,
      "AR_small": null,
      "AR_medium": null,
      "AR_large": 0.6373737373737375,
      "objects": 99,
      "positive_images": 94,
      "detections": 3749
    },
    "large": {
      "mAP": 0.6660929434840013,
      "mAP50": 0.9313018861802393,
      "mAP75": 0.8014485151645528,
      "mAP_small": null,
      "mAP_medium": null,
      "mAP_large": 0.6660929965901653,
      "AR1": 0.7392344497607655,
      "AR10": 0.7492822966507177,
      "AR100": 0.7492822966507177,
      "AR_small": null,
      "AR_medium": null,
      "AR_large": 0.7492822966507177,
      "objects": 209,
      "positive_images": 207,
      "detections": 2343
    }
  },
  "image_level": {
    "positive_images": 352,
    "negative_images": 750,
    "auroc": 0.9792045454545455,
    "average_precision": 0.9665469161868916,
    "fpr_at_target_tpr": {
      "threshold": 0.9135791659355164,
      "tp": 335,
      "fp": 87,
      "tn": 663,
      "fn": 17,
      "tpr": 0.9517045454545454,
      "fpr": 0.116,
      "by_negative_group": {
        "negative_in_domain": {
          "negative_images": 439,
          "false_positive_images": 45,
          "fpr": 0.10250569476082004
        },
        "negative_out_domain": {
          "negative_images": 311,
          "false_positive_images": 42,
          "fpr": 0.13504823151125403
        }
      },
      "target_tpr": 0.95
    },
    "recall_at_fpr": {
      "0.01": {
        "max_fpr": 0.01,
        "threshold": 0.9925587177276611,
        "recall": 0.7784090909090909,
        "fpr": 0.009333333333333334,
        "tp": 274,
        "fp": 7,
        "tn": 743,
        "fn": 78
      },
      "0.05": {
        "max_fpr": 0.05,
        "threshold": 0.9704013466835022,
        "recall": 0.9232954545454546,
        "fpr": 0.048,
        "tp": 325,
        "fp": 36,
        "tn": 714,
        "fn": 27
      }
    },
    "fixed_threshold": {
      "threshold": 0.25,
      "tp": 349,
      "fp": 343,
      "tn": 407,
      "fn": 3,
      "tpr": 0.9914772727272727,
      "fpr": 0.4573333333333333,
      "by_negative_group": {
        "negative_in_domain": {
          "negative_images": 439,
          "false_positive_images": 192,
          "fpr": 0.43735763097949887
        },
        "negative_out_domain": {
          "negative_images": 311,
          "false_positive_images": 151,
          "fpr": 0.4855305466237942
        }
      }
    }
  }
}
