{
  "mAP": 0.6257976883859353,
  "mAP50": 0.9289948419744664,
  "mAP75": 0.713817765278083,
  "mAP_small": null,
  "mAP_medium": 0.3828880273879761,
  "mAP_large": 0.6467135380727627,
  "AR1": 0.6144278606965174,
  "AR10": 0.6975124378109452,
  "AR100": 0.6990049751243781,
  "AR_small": null,
  "AR_medium": 0.5527777777777778,
  "AR_large": 0.7133879781420764,
  "mAP_tiny_rel": 0.2591118543864481,
  "mAP50_tiny_rel": 0.5469360558078269,
  "mAP75_tiny_rel": 0.22931807247220887,
  "AR100_tiny_rel": 0.4294117647058823,
  "mAP_small_rel": 0.3813957919556369,
  "mAP50_small_rel": 0.69432552910116,
  "mAP75_small_rel": 0.39363598915671894,
  "AR100_small_rel": 0.5311688311688311,
  "mAP_medium_rel": 0.5171916046714844,
  "mAP50_medium_rel": 0.7711302153228391,
  "mAP75_medium_rel": 0.613911916061483,
  "AR100_medium_rel": 0.6494949494949495,
  "mAP_large_rel": 0.6750039162388762,
  "mAP50_large_rel": 0.927400514842789,
  "mAP75_large_rel": 0.775231323399316,
  "AR100_large_rel": 0.7440191387559809,
  "mAP_tiny": 0.2591118543864481,
  "image_AUROC": 0.9889507575757576,
  "image_AP": 0.9719546714605227,
  "FPR@95TPR": 0.04533333333333334,
  "threshold@95TPR": 0.5588718056678772,
  "TPR@95TPR": 0.9517045454545454,
  "Recall@FPR=1%": 0.8778409090909091,
  "Recall@FPR=5%": 0.9630681818181818,
  "in_domain_FPR@95TPR": 0.06605922551252848,
  "out_domain_FPR@95TPR": 0.01607717041800643,
  "in_domain_FPR@fixed": 0.11617312072892938,
  "out_domain_FPR@fixed": 0.04501607717041801,
  "split": "val",
  "images": 1102,
  "ground_truth_objects": 402,
  "input_predictions": 8212,
  "detections": 8212,
  "invalid_predictions_dropped": 0,
  "fppi_threshold": 0.25,
  "false_positives_on_negatives": {
    "total_negative_images": 750,
    "total_false_positives": 82,
    "fppi": 0.10933333333333334,
    "by_group": {
      "negative_in_domain": {
        "negative_images": 439,
        "false_positives": 64,
        "fppi": 0.14578587699316628
      },
      "negative_out_domain": {
        "negative_images": 311,
        "false_positives": 18,
        "fppi": 0.05787781350482315
      }
    }
  },
  "predictions_above_fppi_threshold_by_group": {
    "negative_in_domain": 64,
    "negative_out_domain": 18,
    "positive": 481
  },
  "relative_scale_metrics": {
    "tiny": {
      "mAP": 0.2591118543864481,
      "mAP50": 0.5469360558078269,
      "mAP75": 0.22931807247220887,
      "mAP_small": null,
      "mAP_medium": 0.2765493945165436,
      "mAP_large": 0.0047619047619047615,
      "AR1": 0.3117647058823529,
      "AR10": 0.4294117647058823,
      "AR100": 0.4294117647058823,
      "AR_small": null,
      "AR_medium": 0.4375,
      "AR_large": 0.3,
      "objects": 17,
      "positive_images": 14,
      "detections": 2092
    },
    "small": {
      "mAP": 0.3813957919556369,
      "mAP50": 0.69432552910116,
      "mAP75": 0.39363598915671894,
      "mAP_small": null,
      "mAP_medium": 0.31583176465126217,
      "mAP_large": 0.4142482743926614,
      "AR1": 0.31298701298701304,
      "AR10": 0.5311688311688311,
      "AR100": 0.5311688311688311,
      "AR_small": null,
      "AR_medium": 0.49000000000000005,
      "AR_large": 0.5456140350877192,
      "objects": 77,
      "positive_images": 51,
      "detections": 3100
    },
    "medium": {
      "mAP": 0.5171916046714844,
      "mAP50": 0.7711302153228391,
      "mAP75": 0.613911916061483,
      "mAP_small": null,
      "mAP_medium": null,
      "mAP_large": 0.5180957661786545,
      "AR1": 0.5959595959595959,
      "AR10": 0.6494949494949495,
      "AR100": 0.6494949494949495,
      "AR_small": null,
      "AR_medium": null,
      "AR_large": 0.6494949494949495,
      "objects": 99,
      "positive_images": 94,
      "detections": 2149
    },
    "large": {
      "mAP": 0.6750039162388762,
      "mAP50": 0.927400514842789,
      "mAP75": 0.775231323399316,
      "mAP_small": null,
      "mAP_medium": null,
      "mAP_large": 0.6750039162388762,
      "AR1": 0.7354066985645933,
      "AR10": 0.7440191387559809,
      "AR100": 0.7440191387559809,
      "AR_small": null,
      "AR_medium": null,
      "AR_large": 0.7440191387559809,
      "objects": 209,
      "positive_images": 207,
      "detections": 871
    }
  },
  "image_level": {
    "positive_images": 352,
    "negative_images": 750,
    "auroc": 0.9889507575757576,
    "average_precision": 0.9719546714605227,
    "fpr_at_target_tpr": {
      "threshold": 0.5588718056678772,
      "tp": 335,
      "fp": 34,
      "tn": 716,
      "fn": 17,
      "tpr": 0.9517045454545454,
      "fpr": 0.04533333333333334,
      "by_negative_group": {
        "negative_in_domain": {
          "negative_images": 439,
          "false_positive_images": 29,
          "fpr": 0.06605922551252848
        },
        "negative_out_domain": {
          "negative_images": 311,
          "false_positive_images": 5,
          "fpr": 0.01607717041800643
        }
      },
      "target_tpr": 0.95
    },
    "recall_at_fpr": {
      "0.01": {
        "max_fpr": 0.01,
        "threshold": 0.9407410025596619,
        "recall": 0.8778409090909091,
        "fpr": 0.009333333333333334,
        "tp": 309,
        "fp": 7,
        "tn": 743,
        "fn": 43
      },
      "0.05": {
        "max_fpr": 0.05,
        "threshold": 0.4950038492679596,
        "recall": 0.9630681818181818,
        "fpr": 0.04933333333333333,
        "tp": 339,
        "fp": 37,
        "tn": 713,
        "fn": 13
      }
    },
    "fixed_threshold": {
      "threshold": 0.25,
      "tp": 343,
      "fp": 65,
      "tn": 685,
      "fn": 9,
      "tpr": 0.9744318181818182,
      "fpr": 0.08666666666666667,
      "by_negative_group": {
        "negative_in_domain": {
          "negative_images": 439,
          "false_positive_images": 51,
          "fpr": 0.11617312072892938
        },
        "negative_out_domain": {
          "negative_images": 311,
          "false_positive_images": 14,
          "fpr": 0.04501607717041801
        }
      }
    }
  }
}
