{
  "mAP": 0.6259448721284385,
  "mAP50": 0.9290488128789204,
  "mAP75": 0.7134328016134981,
  "mAP_small": null,
  "mAP_medium": 0.38349512552943044,
  "mAP_large": 0.6470383829397401,
  "AR1": 0.6136815920398011,
  "AR10": 0.6975124378109452,
  "AR100": 0.6990049751243781,
  "AR_small": null,
  "AR_medium": 0.5527777777777778,
  "AR_large": 0.7133879781420766,
  "mAP_tiny_rel": 0.2591054185686379,
  "mAP50_tiny_rel": 0.5469193748622502,
  "mAP75_tiny_rel": 0.22931718305520393,
  "AR100_tiny_rel": 0.4294117647058823,
  "mAP_small_rel": 0.3818190865017913,
  "mAP50_small_rel": 0.6952616845258719,
  "mAP75_small_rel": 0.3910848433679361,
  "AR100_small_rel": 0.5324675324675324,
  "mAP_medium_rel": 0.5164776609287302,
  "mAP50_medium_rel": 0.7699897732474744,
  "mAP75_medium_rel": 0.6134907881456672,
  "AR100_medium_rel": 0.6505050505050505,
  "mAP_large_rel": 0.674296500096296,
  "mAP50_large_rel": 0.9270967136951203,
  "mAP75_large_rel": 0.7745402039120955,
  "AR100_large_rel": 0.7425837320574163,
  "mAP_tiny": 0.2591054185686379,
  "image_AUROC": 0.9889696969696969,
  "image_AP": 0.9719560918873389,
  "FPR@95TPR": 0.04533333333333334,
  "threshold@95TPR": 0.5564265847206116,
  "TPR@95TPR": 0.9517045454545454,
  "Recall@FPR=1%": 0.8778409090909091,
  "Recall@FPR=5%": 0.9630681818181818,
  "in_domain_FPR@95TPR": 0.06605922551252848,
  "out_domain_FPR@95TPR": 0.01607717041800643,
  "in_domain_FPR@fixed": 0.11617312072892938,
  "out_domain_FPR@fixed": 0.04180064308681672,
  "split": "val",
  "images": 1102,
  "ground_truth_objects": 402,
  "input_predictions": 8200,
  "detections": 8200,
  "invalid_predictions_dropped": 0,
  "fppi_threshold": 0.25,
  "false_positives_on_negatives": {
    "total_negative_images": 750,
    "total_false_positives": 82,
    "fppi": 0.10933333333333334,
    "by_group": {
      "negative_in_domain": {
        "negative_images": 439,
        "false_positives": 64,
        "fppi": 0.14578587699316628
      },
      "negative_out_domain": {
        "negative_images": 311,
        "false_positives": 18,
        "fppi": 0.05787781350482315
      }
    }
  },
  "predictions_above_fppi_threshold_by_group": {
    "negative_in_domain": 64,
    "negative_out_domain": 18,
    "positive": 481
  },
  "relative_scale_metrics": {
    "tiny": {
      "mAP": 0.2591054185686379,
      "mAP50": 0.5469193748622502,
      "mAP75": 0.22931718305520393,
      "mAP_small": null,
      "mAP_medium": 0.2765436997707912,
      "mAP_large": 0.0047619047619047615,
      "AR1": 0.3117647058823529,
      "AR10": 0.4294117647058823,
      "AR100": 0.4294117647058823,
      "AR_small": null,
      "AR_medium": 0.4375,
      "AR_large": 0.3,
      "objects": 17,
      "positive_images": 14,
      "detections": 2093
    },
    "small": {
      "mAP": 0.3818190865017913,
      "mAP50": 0.6952616845258719,
      "mAP75": 0.3910848433679361,
      "mAP_small": null,
      "mAP_medium": 0.3171545787833694,
      "mAP_large": 0.4155942251549879,
      "AR1": 0.3142857142857143,
      "AR10": 0.5324675324675324,
      "AR100": 0.5324675324675324,
      "AR_small": null,
      "AR_medium": 0.49000000000000005,
      "AR_large": 0.5473684210526315,
      "objects": 77,
      "positive_images": 51,
      "detections": 3083
    },
    "medium": {
      "mAP": 0.5164776609287302,
      "mAP50": 0.7699897732474744,
      "mAP75": 0.6134907881456672,
      "mAP_small": null,
      "mAP_medium": null,
      "mAP_large": 0.5173804624218794,
      "AR1": 0.5959595959595958,
      "AR10": 0.6505050505050505,
      "AR100": 0.6505050505050505,
      "AR_small": null,
      "AR_medium": null,
      "AR_large": 0.6505050505050505,
      "objects": 99,
      "positive_images": 94,
      "detections": 2154
    },
    "large": {
      "mAP": 0.674296500096296,
      "mAP50": 0.9270967136951203,
      "mAP75": 0.7745402039120955,
      "mAP_small": null,
      "mAP_medium": null,
      "mAP_large": 0.674296500096296,
      "AR1": 0.7339712918660287,
      "AR10": 0.7425837320574163,
      "AR100": 0.7425837320574163,
      "AR_small": null,
      "AR_medium": null,
      "AR_large": 0.7425837320574163,
      "objects": 209,
      "positive_images": 207,
      "detections": 870
    }
  },
  "image_level": {
    "positive_images": 352,
    "negative_images": 750,
    "auroc": 0.9889696969696969,
    "average_precision": 0.9719560918873389,
    "fpr_at_target_tpr": {
      "threshold": 0.5564265847206116,
      "tp": 335,
      "fp": 34,
      "tn": 716,
      "fn": 17,
      "tpr": 0.9517045454545454,
      "fpr": 0.04533333333333334,
      "by_negative_group": {
        "negative_in_domain": {
          "negative_images": 439,
          "false_positive_images": 29,
          "fpr": 0.06605922551252848
        },
        "negative_out_domain": {
          "negative_images": 311,
          "false_positive_images": 5,
          "fpr": 0.01607717041800643
        }
      },
      "target_tpr": 0.95
    },
    "recall_at_fpr": {
      "0.01": {
        "max_fpr": 0.01,
        "threshold": 0.9397942423820496,
        "recall": 0.8778409090909091,
        "fpr": 0.009333333333333334,
        "tp": 309,
        "fp": 7,
        "tn": 743,
        "fn": 43
      },
      "0.05": {
        "max_fpr": 0.05,
        "threshold": 0.49300044775009155,
        "recall": 0.9630681818181818,
        "fpr": 0.04933333333333333,
        "tp": 339,
        "fp": 37,
        "tn": 713,
        "fn": 13
      }
    },
    "fixed_threshold": {
      "threshold": 0.25,
      "tp": 343,
      "fp": 64,
      "tn": 686,
      "fn": 9,
      "tpr": 0.9744318181818182,
      "fpr": 0.08533333333333333,
      "by_negative_group": {
        "negative_in_domain": {
          "negative_images": 439,
          "false_positive_images": 51,
          "fpr": 0.11617312072892938
        },
        "negative_out_domain": {
          "negative_images": 311,
          "false_positive_images": 13,
          "fpr": 0.04180064308681672
        }
      }
    }
  }
}
