variant,training_data,split,protocol_name,AP,AP50,AP75,FPR_in_domain,FPR_out_domain,FPR@95TPR,image_AUROC,image_AP,negative_fppi,detections,metrics_path
positive_only,Positive only,test,canonical_v2,0.6909972298182068,0.9514221402843935,0.7934927914635954,0.09111617312072894,0.04823151125401929,0.07333333333333333,0.9805470085470085,0.9729902654736564,0.5786666666666667,7126,results/dataset_ablation/runs/positive_only/final_metrics.json
positive_negative_out_domain,Positive + negative out-domain,test,canonical_v2,0.6850158004799988,0.9577073057669814,0.794674669383816,0.11389521640091116,0.0,0.06666666666666667,0.9886381766381767,0.9814943028971784,0.228,4468,results/dataset_ablation/runs/positive_negative_out_domain/final_metrics.json
positive_negative_in_domain,Positive + negative in-domain,test,canonical_v2,0.693298472449674,0.9675681106204548,0.7979830635907048,0.029612756264236904,0.012861736334405145,0.02266666666666667,0.9936182336182336,0.9901276660750439,0.12133333333333333,4494,results/dataset_ablation/runs/positive_negative_in_domain/final_metrics.json
positive_both_negatives,Positive + both negatives,test,canonical_v2,0.6914920655281813,0.9658459587915551,0.795544795880622,0.025056947608200455,0.003215434083601286,0.016,0.994670465337132,0.9913108213096123,0.068,3595,results/dataset_ablation/runs/positive_both_negatives/final_metrics.json
