{
  "mAP": 0.5930433606478024,
  "mAP50": 0.9076259294949852,
  "mAP75": 0.6651885733782766,
  "mAP_small": null,
  "mAP_medium": 0.20249653518854735,
  "mAP_large": 0.6235144267900642,
  "AR1": 0.5880597014925373,
  "AR10": 0.6718905472636816,
  "AR100": 0.6751243781094527,
  "AR_small": null,
  "AR_medium": 0.44444444444444436,
  "AR_large": 0.6978142076502732,
  "mAP_tiny_rel": 0.09283496781396458,
  "mAP50_tiny_rel": 0.2920173847386315,
  "mAP75_tiny_rel": 0.00862439575081141,
  "AR100_tiny_rel": 0.36470588235294116,
  "mAP_small_rel": 0.3563063589811026,
  "mAP50_small_rel": 0.6447518391354151,
  "mAP75_small_rel": 0.33977070525599423,
  "AR100_small_rel": 0.4896103896103896,
  "mAP_medium_rel": 0.4925473118016837,
  "mAP50_medium_rel": 0.7530199024997348,
  "mAP75_medium_rel": 0.592571748130413,
  "AR100_medium_rel": 0.6111111111111109,
  "mAP_large_rel": 0.6582776132840753,
  "mAP50_large_rel": 0.9299390631194437,
  "mAP75_large_rel": 0.7751770625695638,
  "AR100_large_rel": 0.7349282296650717,
  "mAP_tiny": 0.09283496781396458,
  "image_AUROC": 0.9836799242424242,
  "image_AP": 0.9673318043015287,
  "FPR@95TPR": 0.06266666666666666,
  "threshold@95TPR": 0.3622276186943054,
  "TPR@95TPR": 0.9517045454545454,
  "Recall@FPR=1%": 0.8181818181818182,
  "Recall@FPR=5%": 0.9403409090909091,
  "in_domain_FPR@95TPR": 0.0979498861047836,
  "out_domain_FPR@95TPR": 0.012861736334405145,
  "in_domain_FPR@fixed": 0.1366742596810934,
  "out_domain_FPR@fixed": 0.01607717041800643,
  "split": "val",
  "images": 1102,
  "ground_truth_objects": 402,
  "input_predictions": 13022,
  "detections": 13022,
  "invalid_predictions_dropped": 0,
  "fppi_threshold": 0.25,
  "false_positives_on_negatives": {
    "total_negative_images": 750,
    "total_false_positives": 83,
    "fppi": 0.11066666666666666,
    "by_group": {
      "negative_in_domain": {
        "negative_images": 439,
        "false_positives": 70,
        "fppi": 0.15945330296127563
      },
      "negative_out_domain": {
        "negative_images": 311,
        "false_positives": 13,
        "fppi": 0.04180064308681672
      }
    }
  },
  "predictions_above_fppi_threshold_by_group": {
    "negative_in_domain": 70,
    "negative_out_domain": 13,
    "positive": 500
  },
  "relative_scale_metrics": {
    "tiny": {
      "mAP": 0.09283496781396458,
      "mAP50": 0.2920173847386315,
      "mAP75": 0.00862439575081141,
      "mAP_small": null,
      "mAP_medium": 0.10710161852912231,
      "mAP_large": 0.06666666666666665,
      "AR1": 0.1588235294117647,
      "AR10": 0.36470588235294116,
      "AR100": 0.36470588235294116,
      "AR_small": null,
      "AR_medium": 0.3625,
      "AR_large": 0.4,
      "objects": 17,
      "positive_images": 14,
      "detections": 3971
    },
    "small": {
      "mAP": 0.3563063589811026,
      "mAP50": 0.6447518391354151,
      "mAP75": 0.33977070525599423,
      "mAP_small": null,
      "mAP_medium": 0.16433105777801507,
      "mAP_large": 0.42837195082795293,
      "AR1": 0.30259740259740264,
      "AR10": 0.48441558441558435,
      "AR100": 0.4896103896103896,
      "AR_small": null,
      "AR_medium": 0.37,
      "AR_large": 0.531578947368421,
      "objects": 77,
      "positive_images": 51,
      "detections": 5570
    },
    "medium": {
      "mAP": 0.4925473118016837,
      "mAP50": 0.7530199024997348,
      "mAP75": 0.592571748130413,
      "mAP_small": null,
      "mAP_medium": null,
      "mAP_large": 0.4931004526211694,
      "AR1": 0.5585858585858585,
      "AR10": 0.6111111111111109,
      "AR100": 0.6111111111111109,
      "AR_small": null,
      "AR_medium": null,
      "AR_large": 0.6111111111111109,
      "objects": 99,
      "positive_images": 94,
      "detections": 2536
    },
    "large": {
      "mAP": 0.6582776132840753,
      "mAP50": 0.9299390631194437,
      "mAP75": 0.7751770625695638,
      "mAP_small": null,
      "mAP_medium": null,
      "mAP_large": 0.6582776132840753,
      "AR1": 0.723444976076555,
      "AR10": 0.7349282296650717,
      "AR100": 0.7349282296650717,
      "AR_small": null,
      "AR_medium": null,
      "AR_large": 0.7349282296650717,
      "objects": 209,
      "positive_images": 207,
      "detections": 945
    }
  },
  "image_level": {
    "positive_images": 352,
    "negative_images": 750,
    "auroc": 0.9836799242424242,
    "average_precision": 0.9673318043015287,
    "fpr_at_target_tpr": {
      "threshold": 0.3622276186943054,
      "tp": 335,
      "fp": 47,
      "tn": 703,
      "fn": 17,
      "tpr": 0.9517045454545454,
      "fpr": 0.06266666666666666,
      "by_negative_group": {
        "negative_in_domain": {
          "negative_images": 439,
          "false_positive_images": 43,
          "fpr": 0.0979498861047836
        },
        "negative_out_domain": {
          "negative_images": 311,
          "false_positive_images": 4,
          "fpr": 0.012861736334405145
        }
      },
      "target_tpr": 0.95
    },
    "recall_at_fpr": {
      "0.01": {
        "max_fpr": 0.01,
        "threshold": 0.9323683977127075,
        "recall": 0.8181818181818182,
        "fpr": 0.009333333333333334,
        "tp": 288,
        "fp": 7,
        "tn": 743,
        "fn": 64
      },
      "0.05": {
        "max_fpr": 0.05,
        "threshold": 0.5396278500556946,
        "recall": 0.9403409090909091,
        "fpr": 0.048,
        "tp": 331,
        "fp": 36,
        "tn": 714,
        "fn": 21
      }
    },
    "fixed_threshold": {
      "threshold": 0.25,
      "tp": 338,
      "fp": 65,
      "tn": 685,
      "fn": 14,
      "tpr": 0.9602272727272727,
      "fpr": 0.08666666666666667,
      "by_negative_group": {
        "negative_in_domain": {
          "negative_images": 439,
          "false_positive_images": 60,
          "fpr": 0.1366742596810934
        },
        "negative_out_domain": {
          "negative_images": 311,
          "false_positive_images": 5,
          "fpr": 0.01607717041800643
        }
      }
    }
  }
}
