{
  "mAP": 0.5974421076455252,
  "mAP50": 0.9353644553311976,
  "mAP75": 0.6949824295928853,
  "mAP_small": null,
  "mAP_medium": 0.32752020736694704,
  "mAP_large": 0.6199815009998172,
  "AR1": 0.5965174129353233,
  "AR10": 0.6783582089552238,
  "AR100": 0.6800995024875621,
  "AR_small": null,
  "AR_medium": 0.4999999999999999,
  "AR_large": 0.6978142076502734,
  "mAP_tiny_rel": 0.1834927324999808,
  "mAP50_tiny_rel": 0.5100554425907114,
  "mAP75_tiny_rel": 0.08407324603428082,
  "AR100_tiny_rel": 0.35882352941176465,
  "mAP_small_rel": 0.35801368473869866,
  "mAP50_small_rel": 0.7226053928263039,
  "mAP75_small_rel": 0.3030943071956197,
  "AR100_small_rel": 0.5103896103896104,
  "mAP_medium_rel": 0.49571083919311193,
  "mAP50_medium_rel": 0.7752447083947065,
  "mAP75_medium_rel": 0.5807361465829569,
  "AR100_medium_rel": 0.6212121212121211,
  "mAP_large_rel": 0.6486310302012904,
  "mAP50_large_rel": 0.9369823386981958,
  "mAP75_large_rel": 0.7942451592790186,
  "AR100_large_rel": 0.736842105263158,
  "mAP_tiny": 0.1834927324999808,
  "image_AUROC": 0.9904734848484849,
  "image_AP": 0.979308601988436,
  "FPR@95TPR": 0.02666666666666667,
  "threshold@95TPR": 0.6753312349319458,
  "TPR@95TPR": 0.9517045454545454,
  "Recall@FPR=1%": 0.90625,
  "Recall@FPR=5%": 0.9630681818181818,
  "in_domain_FPR@95TPR": 0.04328018223234624,
  "out_domain_FPR@95TPR": 0.003215434083601286,
  "in_domain_FPR@fixed": 0.1070615034168565,
  "out_domain_FPR@fixed": 0.03215434083601286,
  "split": "val",
  "images": 1102,
  "ground_truth_objects": 402,
  "input_predictions": 9014,
  "detections": 9014,
  "invalid_predictions_dropped": 0,
  "fppi_threshold": 0.25,
  "false_positives_on_negatives": {
    "total_negative_images": 750,
    "total_false_positives": 74,
    "fppi": 0.09866666666666667,
    "by_group": {
      "negative_in_domain": {
        "negative_images": 439,
        "false_positives": 57,
        "fppi": 0.12984054669703873
      },
      "negative_out_domain": {
        "negative_images": 311,
        "false_positives": 17,
        "fppi": 0.05466237942122187
      }
    }
  },
  "predictions_above_fppi_threshold_by_group": {
    "negative_in_domain": 57,
    "negative_out_domain": 17,
    "positive": 508
  },
  "relative_scale_metrics": {
    "tiny": {
      "mAP": 0.1834927324999808,
      "mAP50": 0.5100554425907114,
      "mAP75": 0.08407324603428082,
      "mAP_small": null,
      "mAP_medium": 0.19136430957568132,
      "mAP_large": 0.29999999999999993,
      "AR1": 0.2529411764705882,
      "AR10": 0.3529411764705882,
      "AR100": 0.35882352941176465,
      "AR_small": null,
      "AR_medium": 0.3625,
      "AR_large": 0.3,
      "objects": 17,
      "positive_images": 14,
      "detections": 2189
    },
    "small": {
      "mAP": 0.35801368473869866,
      "mAP50": 0.7226053928263039,
      "mAP75": 0.3030943071956197,
      "mAP_small": null,
      "mAP_medium": 0.26813984574149946,
      "mAP_large": 0.39138438494506356,
      "AR1": 0.2922077922077922,
      "AR10": 0.5103896103896104,
      "AR100": 0.5103896103896104,
      "AR_small": null,
      "AR_medium": 0.43999999999999995,
      "AR_large": 0.5350877192982455,
      "objects": 77,
      "positive_images": 51,
      "detections": 3085
    },
    "medium": {
      "mAP": 0.49571083919311193,
      "mAP50": 0.7752447083947065,
      "mAP75": 0.5807361465829569,
      "mAP_small": null,
      "mAP_medium": null,
      "mAP_large": 0.495991421528109,
      "AR1": 0.5707070707070706,
      "AR10": 0.6212121212121211,
      "AR100": 0.6212121212121211,
      "AR_small": null,
      "AR_medium": null,
      "AR_large": 0.6212121212121211,
      "objects": 99,
      "positive_images": 94,
      "detections": 2443
    },
    "large": {
      "mAP": 0.6486310302012904,
      "mAP50": 0.9369823386981958,
      "mAP75": 0.7942451592790186,
      "mAP_small": null,
      "mAP_medium": null,
      "mAP_large": 0.6486314772731568,
      "AR1": 0.724401913875598,
      "AR10": 0.736842105263158,
      "AR100": 0.736842105263158,
      "AR_small": null,
      "AR_medium": null,
      "AR_large": 0.736842105263158,
      "objects": 209,
      "positive_images": 207,
      "detections": 1297
    }
  },
  "image_level": {
    "positive_images": 352,
    "negative_images": 750,
    "auroc": 0.9904734848484849,
    "average_precision": 0.979308601988436,
    "fpr_at_target_tpr": {
      "threshold": 0.6753312349319458,
      "tp": 335,
      "fp": 20,
      "tn": 730,
      "fn": 17,
      "tpr": 0.9517045454545454,
      "fpr": 0.02666666666666667,
      "by_negative_group": {
        "negative_in_domain": {
          "negative_images": 439,
          "false_positive_images": 19,
          "fpr": 0.04328018223234624
        },
        "negative_out_domain": {
          "negative_images": 311,
          "false_positive_images": 1,
          "fpr": 0.003215434083601286
        }
      },
      "target_tpr": 0.95
    },
    "recall_at_fpr": {
      "0.01": {
        "max_fpr": 0.01,
        "threshold": 0.8946583271026611,
        "recall": 0.90625,
        "fpr": 0.009333333333333334,
        "tp": 319,
        "fp": 7,
        "tn": 743,
        "fn": 33
      },
      "0.05": {
        "max_fpr": 0.05,
        "threshold": 0.45856234431266785,
        "recall": 0.9630681818181818,
        "fpr": 0.048,
        "tp": 339,
        "fp": 36,
        "tn": 714,
        "fn": 13
      }
    },
    "fixed_threshold": {
      "threshold": 0.25,
      "tp": 343,
      "fp": 57,
      "tn": 693,
      "fn": 9,
      "tpr": 0.9744318181818182,
      "fpr": 0.076,
      "by_negative_group": {
        "negative_in_domain": {
          "negative_images": 439,
          "false_positive_images": 47,
          "fpr": 0.1070615034168565
        },
        "negative_out_domain": {
          "negative_images": 311,
          "false_positive_images": 10,
          "fpr": 0.03215434083601286
        }
      }
    }
  }
}
