{
  "mAP": 0.4652693428077384,
  "mAP50": 0.848403159463546,
  "mAP75": 0.45472947479580106,
  "mAP_small": null,
  "mAP_medium": 0.0712175856113693,
  "mAP_large": 0.4970302794150914,
  "AR1": 0.4932835820895523,
  "AR10": 0.5659203980099503,
  "AR100": 0.5728855721393036,
  "AR_small": null,
  "AR_medium": 0.325,
  "AR_large": 0.5972677595628415,
  "mAP_tiny_rel": 0.01355690081609041,
  "mAP50_tiny_rel": 0.050201857417214654,
  "mAP75_tiny_rel": 0.00456968773800457,
  "AR100_tiny_rel": 0.24117647058823527,
  "mAP_small_rel": 0.17489375000256413,
  "mAP50_small_rel": 0.4702737059927869,
  "mAP75_small_rel": 0.08264982177125842,
  "AR100_small_rel": 0.38181818181818183,
  "mAP_medium_rel": 0.32282616081474375,
  "mAP50_medium_rel": 0.6118109314097263,
  "mAP75_medium_rel": 0.3115684182486,
  "AR100_medium_rel": 0.505050505050505,
  "mAP_large_rel": 0.5275594777575605,
  "mAP50_large_rel": 0.8714166078435642,
  "mAP75_large_rel": 0.5849795723460959,
  "AR100_large_rel": 0.622488038277512,
  "mAP_tiny": 0.01355690081609041,
  "image_AUROC": 0.9767575757575757,
  "image_AP": 0.9610305600349958,
  "FPR@95TPR": 0.10133333333333333,
  "threshold@95TPR": 0.4515412449836731,
  "TPR@95TPR": 0.9517045454545454,
  "Recall@FPR=1%": 0.7414772727272727,
  "Recall@FPR=5%": 0.9034090909090909,
  "in_domain_FPR@95TPR": 0.1366742596810934,
  "out_domain_FPR@95TPR": 0.05144694533762058,
  "in_domain_FPR@fixed": 0.23006833712984054,
  "out_domain_FPR@fixed": 0.08038585209003216,
  "split": "val",
  "images": 1102,
  "ground_truth_objects": 402,
  "input_predictions": 32898,
  "detections": 32898,
  "invalid_predictions_dropped": 0,
  "fppi_threshold": 0.25,
  "false_positives_on_negatives": {
    "total_negative_images": 750,
    "total_false_positives": 195,
    "fppi": 0.26,
    "by_group": {
      "negative_in_domain": {
        "negative_images": 439,
        "false_positives": 156,
        "fppi": 0.3553530751708428
      },
      "negative_out_domain": {
        "negative_images": 311,
        "false_positives": 39,
        "fppi": 0.12540192926045016
      }
    }
  },
  "predictions_above_fppi_threshold_by_group": {
    "negative_in_domain": 156,
    "negative_out_domain": 39,
    "positive": 651
  },
  "relative_scale_metrics": {
    "tiny": {
      "mAP": 0.01355690081609041,
      "mAP50": 0.050201857417214654,
      "mAP75": 0.00456968773800457,
      "mAP_small": null,
      "mAP_medium": 0.0182258442574526,
      "mAP_large": 0.007960784313725489,
      "AR1": 0.12352941176470589,
      "AR10": 0.2176470588235294,
      "AR100": 0.24117647058823527,
      "AR_small": null,
      "AR_medium": 0.23125,
      "AR_large": 0.4,
      "objects": 17,
      "positive_images": 14,
      "detections": 11546
    },
    "small": {
      "mAP": 0.17489375000256413,
      "mAP50": 0.4702737059927869,
      "mAP75": 0.08264982177125842,
      "mAP_small": null,
      "mAP_medium": 0.07376072097742699,
      "mAP_large": 0.21026938487625974,
      "AR1": 0.20779220779220778,
      "AR10": 0.37012987012987014,
      "AR100": 0.38181818181818183,
      "AR_small": null,
      "AR_medium": 0.315,
      "AR_large": 0.4052631578947368,
      "objects": 77,
      "positive_images": 51,
      "detections": 13892
    },
    "medium": {
      "mAP": 0.32282616081474375,
      "mAP50": 0.6118109314097263,
      "mAP75": 0.3115684182486,
      "mAP_small": null,
      "mAP_medium": null,
      "mAP_large": 0.3238427084865779,
      "AR1": 0.4474747474747474,
      "AR10": 0.5,
      "AR100": 0.505050505050505,
      "AR_small": null,
      "AR_medium": null,
      "AR_large": 0.505050505050505,
      "objects": 99,
      "positive_images": 94,
      "detections": 5849
    },
    "large": {
      "mAP": 0.5275594777575605,
      "mAP50": 0.8714166078435642,
      "mAP75": 0.5849795723460959,
      "mAP_small": null,
      "mAP_medium": null,
      "mAP_large": 0.5275594777575605,
      "AR1": 0.6119617224880384,
      "AR10": 0.622488038277512,
      "AR100": 0.622488038277512,
      "AR_small": null,
      "AR_medium": null,
      "AR_large": 0.622488038277512,
      "objects": 209,
      "positive_images": 207,
      "detections": 1611
    }
  },
  "image_level": {
    "positive_images": 352,
    "negative_images": 750,
    "auroc": 0.9767575757575757,
    "average_precision": 0.9610305600349958,
    "fpr_at_target_tpr": {
      "threshold": 0.4515412449836731,
      "tp": 335,
      "fp": 76,
      "tn": 674,
      "fn": 17,
      "tpr": 0.9517045454545454,
      "fpr": 0.10133333333333333,
      "by_negative_group": {
        "negative_in_domain": {
          "negative_images": 439,
          "false_positive_images": 60,
          "fpr": 0.1366742596810934
        },
        "negative_out_domain": {
          "negative_images": 311,
          "false_positive_images": 16,
          "fpr": 0.05144694533762058
        }
      },
      "target_tpr": 0.95
    },
    "recall_at_fpr": {
      "0.01": {
        "max_fpr": 0.01,
        "threshold": 0.9339036345481873,
        "recall": 0.7414772727272727,
        "fpr": 0.009333333333333334,
        "tp": 261,
        "fp": 7,
        "tn": 743,
        "fn": 91
      },
      "0.05": {
        "max_fpr": 0.05,
        "threshold": 0.6890138387680054,
        "recall": 0.9034090909090909,
        "fpr": 0.04933333333333333,
        "tp": 318,
        "fp": 37,
        "tn": 713,
        "fn": 34
      }
    },
    "fixed_threshold": {
      "threshold": 0.25,
      "tp": 340,
      "fp": 126,
      "tn": 624,
      "fn": 12,
      "tpr": 0.9659090909090909,
      "fpr": 0.168,
      "by_negative_group": {
        "negative_in_domain": {
          "negative_images": 439,
          "false_positive_images": 101,
          "fpr": 0.23006833712984054
        },
        "negative_out_domain": {
          "negative_images": 311,
          "false_positive_images": 25,
          "fpr": 0.08038585209003216
        }
      }
    }
  }
}
