{
  "mAP": 0.6599621576085906,
  "mAP50": 0.9585206371041054,
  "mAP75": 0.7680771740711021,
  "mAP_small": null,
  "mAP_medium": 0.5078361281042189,
  "mAP_large": 0.6731931055369118,
  "AR1": 0.6365671641791044,
  "AR10": 0.7296019900497512,
  "AR100": 0.7298507462686568,
  "AR_small": null,
  "AR_medium": 0.6138888888888889,
  "AR_large": 0.7412568306010928,
  "mAP_tiny_rel": 0.49147986201335064,
  "mAP50_tiny_rel": 0.8477499087982489,
  "mAP75_tiny_rel": 0.4914135951410267,
  "AR100_tiny_rel": 0.6058823529411764,
  "mAP_small_rel": 0.45863007803835626,
  "mAP50_small_rel": 0.7571026470275907,
  "mAP75_small_rel": 0.4549068470325428,
  "AR100_small_rel": 0.5597402597402599,
  "mAP_medium_rel": 0.5613472970615052,
  "mAP50_medium_rel": 0.8346905453969373,
  "mAP75_medium_rel": 0.6559134086188092,
  "AR100_medium_rel": 0.6494949494949496,
  "mAP_large_rel": 0.6939396099730407,
  "mAP50_large_rel": 0.9345891186652573,
  "mAP75_large_rel": 0.8309732333370814,
  "AR100_large_rel": 0.775598086124402,
  "mAP_tiny": 0.49147986201335064,
  "image_AUROC": 0.9932424242424243,
  "image_AP": 0.9880113371405892,
  "FPR@95TPR": 0.014666666666666666,
  "threshold@95TPR": 0.854179322719574,
  "TPR@95TPR": 0.9517045454545454,
  "Recall@FPR=1%": 0.9289772727272727,
  "Recall@FPR=5%": 0.9829545454545454,
  "in_domain_FPR@95TPR": 0.022779043280182234,
  "out_domain_FPR@95TPR": 0.003215434083601286,
  "in_domain_FPR@fixed": 0.06378132118451026,
  "out_domain_FPR@fixed": 0.00964630225080386,
  "split": "val",
  "images": 1102,
  "ground_truth_objects": 402,
  "input_predictions": 3222,
  "detections": 3222,
  "invalid_predictions_dropped": 0,
  "fppi_threshold": 0.25,
  "false_positives_on_negatives": {
    "total_negative_images": 750,
    "total_false_positives": 39,
    "fppi": 0.052,
    "by_group": {
      "negative_in_domain": {
        "negative_images": 439,
        "false_positives": 32,
        "fppi": 0.07289293849658314
      },
      "negative_out_domain": {
        "negative_images": 311,
        "false_positives": 7,
        "fppi": 0.022508038585209004
      }
    }
  },
  "predictions_above_fppi_threshold_by_group": {
    "negative_in_domain": 32,
    "negative_out_domain": 7,
    "positive": 459
  },
  "relative_scale_metrics": {
    "tiny": {
      "mAP": 0.49147986201335064,
      "mAP50": 0.8477499087982489,
      "mAP75": 0.4914135951410267,
      "mAP_small": null,
      "mAP_medium": 0.46989737229879047,
      "mAP_large": 0.7999999999999999,
      "AR1": 0.49411764705882344,
      "AR10": 0.6058823529411764,
      "AR100": 0.6058823529411764,
      "AR_small": null,
      "AR_medium": 0.59375,
      "AR_large": 0.8,
      "objects": 17,
      "positive_images": 14,
      "detections": 413
    },
    "small": {
      "mAP": 0.45863007803835626,
      "mAP50": 0.7571026470275907,
      "mAP75": 0.4549068470325428,
      "mAP_small": null,
      "mAP_medium": 0.33777417215405753,
      "mAP_large": 0.5039755721704355,
      "AR1": 0.3571428571428571,
      "AR10": 0.5597402597402599,
      "AR100": 0.5597402597402599,
      "AR_small": null,
      "AR_medium": 0.42000000000000004,
      "AR_large": 0.6087719298245615,
      "objects": 77,
      "positive_images": 51,
      "detections": 666
    },
    "medium": {
      "mAP": 0.5613472970615052,
      "mAP50": 0.8346905453969373,
      "mAP75": 0.6559134086188092,
      "mAP_small": null,
      "mAP_medium": null,
      "mAP_large": 0.5615556434853158,
      "AR1": 0.5909090909090909,
      "AR10": 0.6494949494949496,
      "AR100": 0.6494949494949496,
      "AR_small": null,
      "AR_medium": null,
      "AR_large": 0.6494949494949496,
      "objects": 99,
      "positive_images": 94,
      "detections": 1276
    },
    "large": {
      "mAP": 0.6939396099730407,
      "mAP50": 0.9345891186652573,
      "mAP75": 0.8309732333370814,
      "mAP_small": null,
      "mAP_medium": null,
      "mAP_large": 0.6939396099730407,
      "AR1": 0.7636363636363637,
      "AR10": 0.775598086124402,
      "AR100": 0.775598086124402,
      "AR_small": null,
      "AR_medium": null,
      "AR_large": 0.775598086124402,
      "objects": 209,
      "positive_images": 207,
      "detections": 867
    }
  },
  "image_level": {
    "positive_images": 352,
    "negative_images": 750,
    "auroc": 0.9932424242424243,
    "average_precision": 0.9880113371405892,
    "fpr_at_target_tpr": {
      "threshold": 0.854179322719574,
      "tp": 335,
      "fp": 11,
      "tn": 739,
      "fn": 17,
      "tpr": 0.9517045454545454,
      "fpr": 0.014666666666666666,
      "by_negative_group": {
        "negative_in_domain": {
          "negative_images": 439,
          "false_positive_images": 10,
          "fpr": 0.022779043280182234
        },
        "negative_out_domain": {
          "negative_images": 311,
          "false_positive_images": 1,
          "fpr": 0.003215434083601286
        }
      },
      "target_tpr": 0.95
    },
    "recall_at_fpr": {
      "0.01": {
        "max_fpr": 0.01,
        "threshold": 0.9418631196022034,
        "recall": 0.9289772727272727,
        "fpr": 0.008,
        "tp": 327,
        "fp": 6,
        "tn": 744,
        "fn": 25
      },
      "0.05": {
        "max_fpr": 0.05,
        "threshold": 0.20410314202308655,
        "recall": 0.9829545454545454,
        "fpr": 0.04933333333333333,
        "tp": 346,
        "fp": 37,
        "tn": 713,
        "fn": 6
      }
    },
    "fixed_threshold": {
      "threshold": 0.25,
      "tp": 345,
      "fp": 31,
      "tn": 719,
      "fn": 7,
      "tpr": 0.9801136363636364,
      "fpr": 0.04133333333333333,
      "by_negative_group": {
        "negative_in_domain": {
          "negative_images": 439,
          "false_positive_images": 28,
          "fpr": 0.06378132118451026
        },
        "negative_out_domain": {
          "negative_images": 311,
          "false_positive_images": 3,
          "fpr": 0.00964630225080386
        }
      }
    }
  }
}
