{
  "mAP": 0.6569668490754039,
  "mAP50": 0.9399060348713332,
  "mAP75": 0.7727644584990404,
  "mAP_small": null,
  "mAP_medium": 0.4666991070520366,
  "mAP_large": 0.6743853226617549,
  "AR1": 0.6427860696517412,
  "AR10": 0.7335820895522389,
  "AR100": 0.7338308457711442,
  "AR_small": null,
  "AR_medium": 0.5944444444444444,
  "AR_large": 0.7475409836065574,
  "mAP_tiny_rel": 0.3388877196900886,
  "mAP50_tiny_rel": 0.6557478280633805,
  "mAP75_tiny_rel": 0.4319291556484841,
  "AR100_tiny_rel": 0.5058823529411764,
  "mAP_small_rel": 0.4472271017831655,
  "mAP50_small_rel": 0.7404636799628793,
  "mAP75_small_rel": 0.497120513440306,
  "AR100_small_rel": 0.5909090909090909,
  "mAP_medium_rel": 0.5694730736951626,
  "mAP50_medium_rel": 0.8162720657708141,
  "mAP75_medium_rel": 0.6906870558167872,
  "AR100_medium_rel": 0.6696969696969697,
  "mAP_large_rel": 0.7020979357244168,
  "mAP50_large_rel": 0.9352508024820952,
  "mAP75_large_rel": 0.8303076048975612,
  "AR100_large_rel": 0.7736842105263159,
  "mAP_tiny": 0.3388877196900886,
  "image_AUROC": 0.9820113636363637,
  "image_AP": 0.9710213008786684,
  "FPR@95TPR": 0.08266666666666667,
  "threshold@95TPR": 0.9475089907646179,
  "TPR@95TPR": 0.9517045454545454,
  "Recall@FPR=1%": 0.78125,
  "Recall@FPR=5%": 0.9431818181818182,
  "in_domain_FPR@95TPR": 0.07972665148063782,
  "out_domain_FPR@95TPR": 0.08681672025723473,
  "in_domain_FPR@fixed": 0.3895216400911162,
  "out_domain_FPR@fixed": 0.40514469453376206,
  "split": "val",
  "images": 1102,
  "ground_truth_objects": 402,
  "input_predictions": 7280,
  "detections": 7280,
  "invalid_predictions_dropped": 0,
  "fppi_threshold": 0.25,
  "false_positives_on_negatives": {
    "total_negative_images": 750,
    "total_false_positives": 438,
    "fppi": 0.584,
    "by_group": {
      "negative_in_domain": {
        "negative_images": 439,
        "false_positives": 229,
        "fppi": 0.5216400911161732
      },
      "negative_out_domain": {
        "negative_images": 311,
        "false_positives": 209,
        "fppi": 0.6720257234726688
      }
    }
  },
  "predictions_above_fppi_threshold_by_group": {
    "negative_in_domain": 229,
    "negative_out_domain": 209,
    "positive": 483
  },
  "relative_scale_metrics": {
    "tiny": {
      "mAP": 0.3388877196900886,
      "mAP50": 0.6557478280633805,
      "mAP75": 0.4319291556484841,
      "mAP_small": null,
      "mAP_medium": 0.340247315223752,
      "mAP_large": 0.6999999999999998,
      "AR1": 0.38235294117647056,
      "AR10": 0.5058823529411764,
      "AR100": 0.5058823529411764,
      "AR_small": null,
      "AR_medium": 0.49375,
      "AR_large": 0.7,
      "objects": 17,
      "positive_images": 14,
      "detections": 1577
    },
    "small": {
      "mAP": 0.4472271017831655,
      "mAP50": 0.7404636799628793,
      "mAP75": 0.497120513440306,
      "mAP_small": null,
      "mAP_medium": 0.35178793534017005,
      "mAP_large": 0.4847652511458072,
      "AR1": 0.38051948051948054,
      "AR10": 0.5909090909090909,
      "AR100": 0.5909090909090909,
      "AR_small": null,
      "AR_medium": 0.505,
      "AR_large": 0.6210526315789473,
      "objects": 77,
      "positive_images": 51,
      "detections": 1331
    },
    "medium": {
      "mAP": 0.5694730736951626,
      "mAP50": 0.8162720657708141,
      "mAP75": 0.6906870558167872,
      "mAP_small": null,
      "mAP_medium": null,
      "mAP_large": 0.5696539111923361,
      "AR1": 0.61010101010101,
      "AR10": 0.6696969696969697,
      "AR100": 0.6696969696969697,
      "AR_small": null,
      "AR_medium": null,
      "AR_large": 0.6696969696969697,
      "objects": 99,
      "positive_images": 94,
      "detections": 2554
    },
    "large": {
      "mAP": 0.7020979357244168,
      "mAP50": 0.9352508024820952,
      "mAP75": 0.8303076048975612,
      "mAP_small": null,
      "mAP_medium": null,
      "mAP_large": 0.7020979357244168,
      "AR1": 0.7655502392344498,
      "AR10": 0.7736842105263159,
      "AR100": 0.7736842105263159,
      "AR_small": null,
      "AR_medium": null,
      "AR_large": 0.7736842105263159,
      "objects": 209,
      "positive_images": 207,
      "detections": 1818
    }
  },
  "image_level": {
    "positive_images": 352,
    "negative_images": 750,
    "auroc": 0.9820113636363637,
    "average_precision": 0.9710213008786684,
    "fpr_at_target_tpr": {
      "threshold": 0.9475089907646179,
      "tp": 335,
      "fp": 62,
      "tn": 688,
      "fn": 17,
      "tpr": 0.9517045454545454,
      "fpr": 0.08266666666666667,
      "by_negative_group": {
        "negative_in_domain": {
          "negative_images": 439,
          "false_positive_images": 35,
          "fpr": 0.07972665148063782
        },
        "negative_out_domain": {
          "negative_images": 311,
          "false_positive_images": 27,
          "fpr": 0.08681672025723473
        }
      },
      "target_tpr": 0.95
    },
    "recall_at_fpr": {
      "0.01": {
        "max_fpr": 0.01,
        "threshold": 0.9957578778266907,
        "recall": 0.78125,
        "fpr": 0.009333333333333334,
        "tp": 275,
        "fp": 7,
        "tn": 743,
        "fn": 77
      },
      "0.05": {
        "max_fpr": 0.05,
        "threshold": 0.9724175930023193,
        "recall": 0.9431818181818182,
        "fpr": 0.044,
        "tp": 332,
        "fp": 33,
        "tn": 717,
        "fn": 20
      }
    },
    "fixed_threshold": {
      "threshold": 0.25,
      "tp": 347,
      "fp": 297,
      "tn": 453,
      "fn": 5,
      "tpr": 0.9857954545454546,
      "fpr": 0.396,
      "by_negative_group": {
        "negative_in_domain": {
          "negative_images": 439,
          "false_positive_images": 171,
          "fpr": 0.3895216400911162
        },
        "negative_out_domain": {
          "negative_images": 311,
          "false_positive_images": 126,
          "fpr": 0.40514469453376206
        }
      }
    }
  }
}
