{
  "mAP": 0.45234105393242546,
  "mAP50": 0.8727107103803199,
  "mAP75": 0.4302680731643107,
  "mAP_small": null,
  "mAP_medium": 0.22612167267552705,
  "mAP_large": 0.4722216560825145,
  "AR1": 0.47288557213930354,
  "AR10": 0.5684079601990051,
  "AR100": 0.5758706467661692,
  "AR_small": null,
  "AR_medium": 0.44722222222222224,
  "AR_large": 0.5885245901639344,
  "mAP_tiny_rel": 0.10043434927032344,
  "mAP50_tiny_rel": 0.3454081851035289,
  "mAP75_tiny_rel": 0.0139778683750728,
  "AR100_tiny_rel": 0.36470588235294116,
  "mAP_small_rel": 0.33419852272644657,
  "mAP50_small_rel": 0.6886103401342426,
  "mAP75_small_rel": 0.24333277913249876,
  "AR100_small_rel": 0.49350649350649356,
  "mAP_medium_rel": 0.319253905027183,
  "mAP50_medium_rel": 0.6879725812986476,
  "mAP75_medium_rel": 0.23729437287620858,
  "AR100_medium_rel": 0.4949494949494949,
  "mAP_large_rel": 0.49039670943543634,
  "mAP50_large_rel": 0.8873186870761672,
  "mAP75_large_rel": 0.5190627360974451,
  "AR100_large_rel": 0.614354066985646,
  "mAP_tiny": 0.10043434927032344,
  "image_AUROC": 0.9868560606060606,
  "image_AP": 0.9732845115465468,
  "FPR@95TPR": 0.07333333333333333,
  "threshold@95TPR": 0.573648989200592,
  "TPR@95TPR": 0.9517045454545454,
  "Recall@FPR=1%": 0.8380681818181818,
  "Recall@FPR=5%": 0.9261363636363636,
  "in_domain_FPR@95TPR": 0.09567198177676538,
  "out_domain_FPR@95TPR": 0.04180064308681672,
  "in_domain_FPR@fixed": 0.1571753986332574,
  "out_domain_FPR@fixed": 0.07717041800643087,
  "split": "val",
  "images": 1102,
  "ground_truth_objects": 402,
  "input_predictions": 27219,
  "detections": 27219,
  "invalid_predictions_dropped": 0,
  "fppi_threshold": 0.25,
  "false_positives_on_negatives": {
    "total_negative_images": 750,
    "total_false_positives": 156,
    "fppi": 0.208,
    "by_group": {
      "negative_in_domain": {
        "negative_images": 439,
        "false_positives": 113,
        "fppi": 0.25740318906605925
      },
      "negative_out_domain": {
        "negative_images": 311,
        "false_positives": 43,
        "fppi": 0.1382636655948553
      }
    }
  },
  "predictions_above_fppi_threshold_by_group": {
    "negative_in_domain": 113,
    "negative_out_domain": 43,
    "positive": 946
  },
  "relative_scale_metrics": {
    "tiny": {
      "mAP": 0.10043434927032344,
      "mAP50": 0.3454081851035289,
      "mAP75": 0.0139778683750728,
      "mAP_small": null,
      "mAP_medium": 0.12178516441179453,
      "mAP_large": 0.03717948717948718,
      "AR1": 0.18823529411764706,
      "AR10": 0.36470588235294116,
      "AR100": 0.36470588235294116,
      "AR_small": null,
      "AR_medium": 0.36875,
      "AR_large": 0.3,
      "objects": 17,
      "positive_images": 14,
      "detections": 5790
    },
    "small": {
      "mAP": 0.33419852272644657,
      "mAP50": 0.6886103401342426,
      "mAP75": 0.24333277913249876,
      "mAP_small": null,
      "mAP_medium": 0.35217408693225044,
      "mAP_large": 0.33686699926758806,
      "AR1": 0.3116883116883117,
      "AR10": 0.4792207792207791,
      "AR100": 0.49350649350649356,
      "AR_small": null,
      "AR_medium": 0.495,
      "AR_large": 0.49298245614035086,
      "objects": 77,
      "positive_images": 51,
      "detections": 12588
    },
    "medium": {
      "mAP": 0.319253905027183,
      "mAP50": 0.6879725812986476,
      "mAP75": 0.23729437287620858,
      "mAP_small": null,
      "mAP_medium": null,
      "mAP_large": 0.31985155145161936,
      "AR1": 0.4242424242424242,
      "AR10": 0.4949494949494949,
      "AR100": 0.4949494949494949,
      "AR_small": null,
      "AR_medium": null,
      "AR_large": 0.4949494949494949,
      "objects": 99,
      "positive_images": 94,
      "detections": 5838
    },
    "large": {
      "mAP": 0.49039670943543634,
      "mAP50": 0.8873186870761672,
      "mAP75": 0.5190627360974451,
      "mAP_small": null,
      "mAP_medium": null,
      "mAP_large": 0.49039670943543634,
      "AR1": 0.5736842105263158,
      "AR10": 0.614354066985646,
      "AR100": 0.614354066985646,
      "AR_small": null,
      "AR_medium": null,
      "AR_large": 0.614354066985646,
      "objects": 209,
      "positive_images": 207,
      "detections": 3003
    }
  },
  "image_level": {
    "positive_images": 352,
    "negative_images": 750,
    "auroc": 0.9868560606060606,
    "average_precision": 0.9732845115465468,
    "fpr_at_target_tpr": {
      "threshold": 0.573648989200592,
      "tp": 335,
      "fp": 55,
      "tn": 695,
      "fn": 17,
      "tpr": 0.9517045454545454,
      "fpr": 0.07333333333333333,
      "by_negative_group": {
        "negative_in_domain": {
          "negative_images": 439,
          "false_positive_images": 42,
          "fpr": 0.09567198177676538
        },
        "negative_out_domain": {
          "negative_images": 311,
          "false_positive_images": 13,
          "fpr": 0.04180064308681672
        }
      },
      "target_tpr": 0.95
    },
    "recall_at_fpr": {
      "0.01": {
        "max_fpr": 0.01,
        "threshold": 0.8657689690589905,
        "recall": 0.8380681818181818,
        "fpr": 0.009333333333333334,
        "tp": 295,
        "fp": 7,
        "tn": 743,
        "fn": 57
      },
      "0.05": {
        "max_fpr": 0.05,
        "threshold": 0.6812226176261902,
        "recall": 0.9261363636363636,
        "fpr": 0.04666666666666667,
        "tp": 326,
        "fp": 35,
        "tn": 715,
        "fn": 26
      }
    },
    "fixed_threshold": {
      "threshold": 0.25,
      "tp": 343,
      "fp": 93,
      "tn": 657,
      "fn": 9,
      "tpr": 0.9744318181818182,
      "fpr": 0.124,
      "by_negative_group": {
        "negative_in_domain": {
          "negative_images": 439,
          "false_positive_images": 69,
          "fpr": 0.1571753986332574
        },
        "negative_out_domain": {
          "negative_images": 311,
          "false_positive_images": 24,
          "fpr": 0.07717041800643087
        }
      }
    }
  }
}
