{
  "mAP": 0.6699473596367639,
  "mAP50": 0.9568140404733655,
  "mAP75": 0.7659533820025892,
  "mAP_small": null,
  "mAP_medium": 0.504873601553555,
  "mAP_large": 0.6848991497646447,
  "AR1": 0.6437810945273632,
  "AR10": 0.7378109452736319,
  "AR100": 0.7378109452736319,
  "AR_small": null,
  "AR_medium": 0.6138888888888888,
  "AR_large": 0.75,
  "mAP_tiny_rel": 0.4594082967011033,
  "mAP50_tiny_rel": 0.8243575715625086,
  "mAP75_tiny_rel": 0.48907278150175265,
  "AR100_tiny_rel": 0.588235294117647,
  "mAP_small_rel": 0.47585148550107353,
  "mAP50_small_rel": 0.7636368121490581,
  "mAP75_small_rel": 0.4913074034136378,
  "AR100_small_rel": 0.5753246753246753,
  "mAP_medium_rel": 0.5855317258112778,
  "mAP50_medium_rel": 0.8531928890817961,
  "mAP75_medium_rel": 0.6550402435366552,
  "AR100_medium_rel": 0.6676767676767678,
  "mAP_large_rel": 0.7106028063872357,
  "mAP50_large_rel": 0.9441241509908195,
  "mAP75_large_rel": 0.848397332794962,
  "AR100_large_rel": 0.7866028708133971,
  "mAP_tiny": 0.4594082967011033,
  "image_AUROC": 0.9937007575757576,
  "image_AP": 0.9876571329760211,
  "FPR@95TPR": 0.021333333333333333,
  "threshold@95TPR": 0.8050504326820374,
  "TPR@95TPR": 0.9517045454545454,
  "Recall@FPR=1%": 0.9176136363636364,
  "Recall@FPR=5%": 0.9772727272727273,
  "in_domain_FPR@95TPR": 0.03416856492027335,
  "out_domain_FPR@95TPR": 0.003215434083601286,
  "in_domain_FPR@fixed": 0.0774487471526196,
  "out_domain_FPR@fixed": 0.01929260450160772,
  "split": "val",
  "images": 1102,
  "ground_truth_objects": 402,
  "input_predictions": 3374,
  "detections": 3374,
  "invalid_predictions_dropped": 0,
  "fppi_threshold": 0.25,
  "false_positives_on_negatives": {
    "total_negative_images": 750,
    "total_false_positives": 50,
    "fppi": 0.06666666666666667,
    "by_group": {
      "negative_in_domain": {
        "negative_images": 439,
        "false_positives": 39,
        "fppi": 0.0888382687927107
      },
      "negative_out_domain": {
        "negative_images": 311,
        "false_positives": 11,
        "fppi": 0.03536977491961415
      }
    }
  },
  "predictions_above_fppi_threshold_by_group": {
    "negative_in_domain": 39,
    "negative_out_domain": 11,
    "positive": 470
  },
  "relative_scale_metrics": {
    "tiny": {
      "mAP": 0.4594082967011033,
      "mAP50": 0.8243575715625086,
      "mAP75": 0.48907278150175265,
      "mAP_small": null,
      "mAP_medium": 0.44528591773204457,
      "mAP_large": 0.7999999999999999,
      "AR1": 0.49411764705882355,
      "AR10": 0.588235294117647,
      "AR100": 0.588235294117647,
      "AR_small": null,
      "AR_medium": 0.575,
      "AR_large": 0.8,
      "objects": 17,
      "positive_images": 14,
      "detections": 505
    },
    "small": {
      "mAP": 0.47585148550107353,
      "mAP50": 0.7636368121490581,
      "mAP75": 0.4913074034136378,
      "mAP_small": null,
      "mAP_medium": 0.3567708224620652,
      "mAP_large": 0.5219666154555975,
      "AR1": 0.35974025974025975,
      "AR10": 0.5753246753246753,
      "AR100": 0.5753246753246753,
      "AR_small": null,
      "AR_medium": 0.44499999999999995,
      "AR_large": 0.6210526315789473,
      "objects": 77,
      "positive_images": 51,
      "detections": 746
    },
    "medium": {
      "mAP": 0.5855317258112778,
      "mAP50": 0.8531928890817961,
      "mAP75": 0.6550402435366552,
      "mAP_small": null,
      "mAP_medium": null,
      "mAP_large": 0.5856893146558854,
      "AR1": 0.6171717171717171,
      "AR10": 0.6676767676767678,
      "AR100": 0.6676767676767678,
      "AR_small": null,
      "AR_medium": null,
      "AR_large": 0.6676767676767678,
      "objects": 99,
      "positive_images": 94,
      "detections": 1283
    },
    "large": {
      "mAP": 0.7106028063872357,
      "mAP50": 0.9441241509908195,
      "mAP75": 0.848397332794962,
      "mAP_small": null,
      "mAP_medium": null,
      "mAP_large": 0.71060373748945,
      "AR1": 0.7746411483253588,
      "AR10": 0.7866028708133971,
      "AR100": 0.7866028708133971,
      "AR_small": null,
      "AR_medium": null,
      "AR_large": 0.7866028708133971,
      "objects": 209,
      "positive_images": 207,
      "detections": 840
    }
  },
  "image_level": {
    "positive_images": 352,
    "negative_images": 750,
    "auroc": 0.9937007575757576,
    "average_precision": 0.9876571329760211,
    "fpr_at_target_tpr": {
      "threshold": 0.8050504326820374,
      "tp": 335,
      "fp": 16,
      "tn": 734,
      "fn": 17,
      "tpr": 0.9517045454545454,
      "fpr": 0.021333333333333333,
      "by_negative_group": {
        "negative_in_domain": {
          "negative_images": 439,
          "false_positive_images": 15,
          "fpr": 0.03416856492027335
        },
        "negative_out_domain": {
          "negative_images": 311,
          "false_positive_images": 1,
          "fpr": 0.003215434083601286
        }
      },
      "target_tpr": 0.95
    },
    "recall_at_fpr": {
      "0.01": {
        "max_fpr": 0.01,
        "threshold": 0.9562182426452637,
        "recall": 0.9176136363636364,
        "fpr": 0.008,
        "tp": 323,
        "fp": 6,
        "tn": 744,
        "fn": 29
      },
      "0.05": {
        "max_fpr": 0.05,
        "threshold": 0.3480122685432434,
        "recall": 0.9772727272727273,
        "fpr": 0.044,
        "tp": 344,
        "fp": 33,
        "tn": 717,
        "fn": 8
      }
    },
    "fixed_threshold": {
      "threshold": 0.25,
      "tp": 344,
      "fp": 40,
      "tn": 710,
      "fn": 8,
      "tpr": 0.9772727272727273,
      "fpr": 0.05333333333333334,
      "by_negative_group": {
        "negative_in_domain": {
          "negative_images": 439,
          "false_positive_images": 34,
          "fpr": 0.0774487471526196
        },
        "negative_out_domain": {
          "negative_images": 311,
          "false_positive_images": 6,
          "fpr": 0.01929260450160772
        }
      }
    }
  }
}
