{
  "mAP": 0.664775340706187,
  "mAP50": 0.9591939276109643,
  "mAP75": 0.7826423103153588,
  "mAP_small": null,
  "mAP_medium": 0.505925203710479,
  "mAP_large": 0.678189308701489,
  "AR1": 0.6378109452736319,
  "AR10": 0.7348258706467662,
  "AR100": 0.7353233830845771,
  "AR_small": null,
  "AR_medium": 0.611111111111111,
  "AR_large": 0.7475409836065573,
  "mAP_tiny_rel": 0.4915708861533587,
  "mAP50_tiny_rel": 0.8458583662605365,
  "mAP75_tiny_rel": 0.4977785173475331,
  "AR100_tiny_rel": 0.6058823529411764,
  "mAP_small_rel": 0.4632946680928844,
  "mAP50_small_rel": 0.7591239497059848,
  "mAP75_small_rel": 0.470436445627493,
  "AR100_small_rel": 0.5701298701298702,
  "mAP_medium_rel": 0.5700452673948082,
  "mAP50_medium_rel": 0.8389917836314877,
  "mAP75_medium_rel": 0.6729160652003568,
  "AR100_medium_rel": 0.6666666666666666,
  "mAP_large_rel": 0.6962931723901967,
  "mAP50_large_rel": 0.9329170469263989,
  "mAP75_large_rel": 0.8385524635495931,
  "AR100_large_rel": 0.7751196172248804,
  "mAP_tiny": 0.4915708861533587,
  "image_AUROC": 0.993251893939394,
  "image_AP": 0.987915645031369,
  "FPR@95TPR": 0.013333333333333334,
  "threshold@95TPR": 0.8671094179153442,
  "TPR@95TPR": 0.9517045454545454,
  "Recall@FPR=1%": 0.9318181818181818,
  "Recall@FPR=5%": 0.9829545454545454,
  "in_domain_FPR@95TPR": 0.02050113895216401,
  "out_domain_FPR@95TPR": 0.003215434083601286,
  "in_domain_FPR@fixed": 0.0683371298405467,
  "out_domain_FPR@fixed": 0.006430868167202572,
  "split": "val",
  "images": 1102,
  "ground_truth_objects": 402,
  "input_predictions": 3183,
  "detections": 3183,
  "invalid_predictions_dropped": 0,
  "fppi_threshold": 0.25,
  "false_positives_on_negatives": {
    "total_negative_images": 750,
    "total_false_positives": 40,
    "fppi": 0.05333333333333334,
    "by_group": {
      "negative_in_domain": {
        "negative_images": 439,
        "false_positives": 34,
        "fppi": 0.0774487471526196
      },
      "negative_out_domain": {
        "negative_images": 311,
        "false_positives": 6,
        "fppi": 0.01929260450160772
      }
    }
  },
  "predictions_above_fppi_threshold_by_group": {
    "negative_in_domain": 34,
    "negative_out_domain": 6,
    "positive": 456
  },
  "relative_scale_metrics": {
    "tiny": {
      "mAP": 0.4915708861533587,
      "mAP50": 0.8458583662605365,
      "mAP75": 0.4977785173475331,
      "mAP_small": null,
      "mAP_medium": 0.46802136637331593,
      "mAP_large": 0.7999999999999999,
      "AR1": 0.49411764705882344,
      "AR10": 0.6058823529411764,
      "AR100": 0.6058823529411764,
      "AR_small": null,
      "AR_medium": 0.59375,
      "AR_large": 0.8,
      "objects": 17,
      "positive_images": 14,
      "detections": 418
    },
    "small": {
      "mAP": 0.4632946680928844,
      "mAP50": 0.7591239497059848,
      "mAP75": 0.470436445627493,
      "mAP_small": null,
      "mAP_medium": 0.33404810882426034,
      "mAP_large": 0.5109150467269352,
      "AR1": 0.3467532467532467,
      "AR10": 0.5701298701298702,
      "AR100": 0.5701298701298702,
      "AR_small": null,
      "AR_medium": 0.425,
      "AR_large": 0.6210526315789473,
      "objects": 77,
      "positive_images": 51,
      "detections": 661
    },
    "medium": {
      "mAP": 0.5700452673948082,
      "mAP50": 0.8389917836314877,
      "mAP75": 0.6729160652003568,
      "mAP_small": null,
      "mAP_medium": null,
      "mAP_large": 0.5702178565615508,
      "AR1": 0.604040404040404,
      "AR10": 0.6666666666666666,
      "AR100": 0.6666666666666666,
      "AR_small": null,
      "AR_medium": null,
      "AR_large": 0.6666666666666666,
      "objects": 99,
      "positive_images": 94,
      "detections": 1258
    },
    "large": {
      "mAP": 0.6962931723901967,
      "mAP50": 0.9329170469263989,
      "mAP75": 0.8385524635495931,
      "mAP_small": null,
      "mAP_medium": null,
      "mAP_large": 0.6962931723901967,
      "AR1": 0.7636363636363636,
      "AR10": 0.7751196172248804,
      "AR100": 0.7751196172248804,
      "AR_small": null,
      "AR_medium": null,
      "AR_large": 0.7751196172248804,
      "objects": 209,
      "positive_images": 207,
      "detections": 846
    }
  },
  "image_level": {
    "positive_images": 352,
    "negative_images": 750,
    "auroc": 0.993251893939394,
    "average_precision": 0.987915645031369,
    "fpr_at_target_tpr": {
      "threshold": 0.8671094179153442,
      "tp": 335,
      "fp": 10,
      "tn": 740,
      "fn": 17,
      "tpr": 0.9517045454545454,
      "fpr": 0.013333333333333334,
      "by_negative_group": {
        "negative_in_domain": {
          "negative_images": 439,
          "false_positive_images": 9,
          "fpr": 0.02050113895216401
        },
        "negative_out_domain": {
          "negative_images": 311,
          "false_positive_images": 1,
          "fpr": 0.003215434083601286
        }
      },
      "target_tpr": 0.95
    },
    "recall_at_fpr": {
      "0.01": {
        "max_fpr": 0.01,
        "threshold": 0.9349597096443176,
        "recall": 0.9318181818181818,
        "fpr": 0.009333333333333334,
        "tp": 328,
        "fp": 7,
        "tn": 743,
        "fn": 24
      },
      "0.05": {
        "max_fpr": 0.05,
        "threshold": 0.19984951615333557,
        "recall": 0.9829545454545454,
        "fpr": 0.04933333333333333,
        "tp": 346,
        "fp": 37,
        "tn": 713,
        "fn": 6
      }
    },
    "fixed_threshold": {
      "threshold": 0.25,
      "tp": 345,
      "fp": 32,
      "tn": 718,
      "fn": 7,
      "tpr": 0.9801136363636364,
      "fpr": 0.042666666666666665,
      "by_negative_group": {
        "negative_in_domain": {
          "negative_images": 439,
          "false_positive_images": 30,
          "fpr": 0.0683371298405467
        },
        "negative_out_domain": {
          "negative_images": 311,
          "false_positive_images": 2,
          "fpr": 0.006430868167202572
        }
      }
    }
  }
}
