{
  "mAP": 0.5930209915818981,
  "mAP50": 0.9283483914274587,
  "mAP75": 0.6650584852967026,
  "mAP_small": null,
  "mAP_medium": 0.2566760976025097,
  "mAP_large": 0.6176922814247816,
  "AR1": 0.5930348258706467,
  "AR10": 0.6753731343283582,
  "AR100": 0.6756218905472637,
  "AR_small": null,
  "AR_medium": 0.4805555555555555,
  "AR_large": 0.6948087431693989,
  "mAP_tiny_rel": 0.26413081696117213,
  "mAP50_tiny_rel": 0.6889993252819104,
  "mAP75_tiny_rel": 0.08625524206555994,
  "AR100_tiny_rel": 0.38823529411764707,
  "mAP_small_rel": 0.37775872726568716,
  "mAP50_small_rel": 0.7101960149719453,
  "mAP75_small_rel": 0.36635897237691606,
  "AR100_small_rel": 0.5207792207792208,
  "mAP_medium_rel": 0.47843885289350047,
  "mAP50_medium_rel": 0.7576214344702489,
  "mAP75_medium_rel": 0.5245919422302375,
  "AR100_medium_rel": 0.6191919191919193,
  "mAP_large_rel": 0.6430868185681717,
  "mAP50_large_rel": 0.9325597442075352,
  "mAP75_large_rel": 0.7642826983460049,
  "AR100_large_rel": 0.730622009569378,
  "mAP_tiny": 0.26413081696117213,
  "image_AUROC": 0.9881780303030303,
  "image_AP": 0.9741712535430725,
  "FPR@95TPR": 0.04533333333333334,
  "threshold@95TPR": 0.4905579388141632,
  "TPR@95TPR": 0.9517045454545454,
  "Recall@FPR=1%": 0.8210227272727273,
  "Recall@FPR=5%": 0.9545454545454546,
  "in_domain_FPR@95TPR": 0.07289293849658314,
  "out_domain_FPR@95TPR": 0.006430868167202572,
  "in_domain_FPR@fixed": 0.12072892938496584,
  "out_domain_FPR@fixed": 0.01607717041800643,
  "split": "val",
  "images": 1102,
  "ground_truth_objects": 402,
  "input_predictions": 9804,
  "detections": 9804,
  "invalid_predictions_dropped": 0,
  "fppi_threshold": 0.25,
  "false_positives_on_negatives": {
    "total_negative_images": 750,
    "total_false_positives": 72,
    "fppi": 0.096,
    "by_group": {
      "negative_in_domain": {
        "negative_images": 439,
        "false_positives": 62,
        "fppi": 0.14123006833712984
      },
      "negative_out_domain": {
        "negative_images": 311,
        "false_positives": 10,
        "fppi": 0.03215434083601286
      }
    }
  },
  "predictions_above_fppi_threshold_by_group": {
    "negative_in_domain": 62,
    "negative_out_domain": 10,
    "positive": 480
  },
  "relative_scale_metrics": {
    "tiny": {
      "mAP": 0.26413081696117213,
      "mAP50": 0.6889993252819104,
      "mAP75": 0.08625524206555994,
      "mAP_small": null,
      "mAP_medium": 0.2471083577842524,
      "mAP_large": 0.6999999999999998,
      "AR1": 0.25882352941176473,
      "AR10": 0.38235294117647056,
      "AR100": 0.38823529411764707,
      "AR_small": null,
      "AR_medium": 0.36875,
      "AR_large": 0.7,
      "objects": 17,
      "positive_images": 14,
      "detections": 2480
    },
    "small": {
      "mAP": 0.37775872726568716,
      "mAP50": 0.7101960149719453,
      "mAP75": 0.36635897237691606,
      "mAP_small": null,
      "mAP_medium": 0.20301859379009446,
      "mAP_large": 0.4423750116596785,
      "AR1": 0.33376623376623377,
      "AR10": 0.5207792207792208,
      "AR100": 0.5207792207792208,
      "AR_small": null,
      "AR_medium": 0.41,
      "AR_large": 0.5596491228070175,
      "objects": 77,
      "positive_images": 51,
      "detections": 3529
    },
    "medium": {
      "mAP": 0.47843885289350047,
      "mAP50": 0.7576214344702489,
      "mAP75": 0.5245919422302375,
      "mAP_small": null,
      "mAP_medium": null,
      "mAP_large": 0.47891133955359605,
      "AR1": 0.5636363636363637,
      "AR10": 0.6191919191919193,
      "AR100": 0.6191919191919193,
      "AR_small": null,
      "AR_medium": null,
      "AR_large": 0.6191919191919193,
      "objects": 99,
      "positive_images": 94,
      "detections": 2500
    },
    "large": {
      "mAP": 0.6430868185681717,
      "mAP50": 0.9325597442075352,
      "mAP75": 0.7642826983460049,
      "mAP_small": null,
      "mAP_medium": null,
      "mAP_large": 0.6430868185681717,
      "AR1": 0.723444976076555,
      "AR10": 0.730622009569378,
      "AR100": 0.730622009569378,
      "AR_small": null,
      "AR_medium": null,
      "AR_large": 0.730622009569378,
      "objects": 209,
      "positive_images": 207,
      "detections": 1295
    }
  },
  "image_level": {
    "positive_images": 352,
    "negative_images": 750,
    "auroc": 0.9881780303030303,
    "average_precision": 0.9741712535430725,
    "fpr_at_target_tpr": {
      "threshold": 0.4905579388141632,
      "tp": 335,
      "fp": 34,
      "tn": 716,
      "fn": 17,
      "tpr": 0.9517045454545454,
      "fpr": 0.04533333333333334,
      "by_negative_group": {
        "negative_in_domain": {
          "negative_images": 439,
          "false_positive_images": 32,
          "fpr": 0.07289293849658314
        },
        "negative_out_domain": {
          "negative_images": 311,
          "false_positive_images": 2,
          "fpr": 0.006430868167202572
        }
      },
      "target_tpr": 0.95
    },
    "recall_at_fpr": {
      "0.01": {
        "max_fpr": 0.01,
        "threshold": 0.947797954082489,
        "recall": 0.8210227272727273,
        "fpr": 0.009333333333333334,
        "tp": 289,
        "fp": 7,
        "tn": 743,
        "fn": 63
      },
      "0.05": {
        "max_fpr": 0.05,
        "threshold": 0.4618869721889496,
        "recall": 0.9545454545454546,
        "fpr": 0.04666666666666667,
        "tp": 336,
        "fp": 35,
        "tn": 715,
        "fn": 16
      }
    },
    "fixed_threshold": {
      "threshold": 0.25,
      "tp": 340,
      "fp": 58,
      "tn": 692,
      "fn": 12,
      "tpr": 0.9659090909090909,
      "fpr": 0.07733333333333334,
      "by_negative_group": {
        "negative_in_domain": {
          "negative_images": 439,
          "false_positive_images": 53,
          "fpr": 0.12072892938496584
        },
        "negative_out_domain": {
          "negative_images": 311,
          "false_positive_images": 5,
          "fpr": 0.01607717041800643
        }
      }
    }
  }
}
