{
  "mAP": 0.5747899107928232,
  "mAP50": 0.9132353618095282,
  "mAP75": 0.6599492069141786,
  "mAP_small": null,
  "mAP_medium": 0.20694469890858677,
  "mAP_large": 0.6030582653377007,
  "AR1": 0.586318407960199,
  "AR10": 0.6626865671641792,
  "AR100": 0.6656716417910447,
  "AR_small": null,
  "AR_medium": 0.4638888888888889,
  "AR_large": 0.68551912568306,
  "mAP_tiny_rel": 0.14166148723680005,
  "mAP50_tiny_rel": 0.39844085288064973,
  "mAP75_tiny_rel": 0.02024864140549393,
  "AR100_tiny_rel": 0.3529411764705882,
  "mAP_small_rel": 0.31992797830914715,
  "mAP50_small_rel": 0.649539380301811,
  "mAP75_small_rel": 0.29166891466118533,
  "AR100_small_rel": 0.48311688311688317,
  "mAP_medium_rel": 0.47683312154290985,
  "mAP50_medium_rel": 0.74108685384787,
  "mAP75_medium_rel": 0.5525217058412064,
  "AR100_medium_rel": 0.6121212121212121,
  "mAP_large_rel": 0.6214341766795177,
  "mAP50_large_rel": 0.9181484275708273,
  "mAP75_large_rel": 0.7497040093967609,
  "AR100_large_rel": 0.7172248803827752,
  "mAP_tiny": 0.14166148723680005,
  "image_AUROC": 0.9860151515151515,
  "image_AP": 0.9729274045858051,
  "FPR@95TPR": 0.052,
  "threshold@95TPR": 0.4204794466495514,
  "TPR@95TPR": 0.9517045454545454,
  "Recall@FPR=1%": 0.7784090909090909,
  "Recall@FPR=5%": 0.9460227272727273,
  "in_domain_FPR@95TPR": 0.07972665148063782,
  "out_domain_FPR@95TPR": 0.012861736334405145,
  "in_domain_FPR@fixed": 0.13211845102505695,
  "out_domain_FPR@fixed": 0.03215434083601286,
  "split": "val",
  "images": 1102,
  "ground_truth_objects": 402,
  "input_predictions": 12701,
  "detections": 12701,
  "invalid_predictions_dropped": 0,
  "fppi_threshold": 0.25,
  "false_positives_on_negatives": {
    "total_negative_images": 750,
    "total_false_positives": 83,
    "fppi": 0.11066666666666666,
    "by_group": {
      "negative_in_domain": {
        "negative_images": 439,
        "false_positives": 66,
        "fppi": 0.15034168564920272
      },
      "negative_out_domain": {
        "negative_images": 311,
        "false_positives": 17,
        "fppi": 0.05466237942122187
      }
    }
  },
  "predictions_above_fppi_threshold_by_group": {
    "negative_in_domain": 66,
    "negative_out_domain": 17,
    "positive": 488
  },
  "relative_scale_metrics": {
    "tiny": {
      "mAP": 0.14166148723680005,
      "mAP50": 0.39844085288064973,
      "mAP75": 0.02024864140549393,
      "mAP_small": null,
      "mAP_medium": 0.15476721303932153,
      "mAP_large": 0.011111111111111113,
      "AR1": 0.24705882352941178,
      "AR10": 0.3411764705882353,
      "AR100": 0.3529411764705882,
      "AR_small": null,
      "AR_medium": 0.36875,
      "AR_large": 0.1,
      "objects": 17,
      "positive_images": 14,
      "detections": 2571
    },
    "small": {
      "mAP": 0.31992797830914715,
      "mAP50": 0.649539380301811,
      "mAP75": 0.29166891466118533,
      "mAP_small": null,
      "mAP_medium": 0.18216310280738565,
      "mAP_large": 0.3793250346789451,
      "AR1": 0.3012987012987013,
      "AR10": 0.4779220779220779,
      "AR100": 0.48311688311688317,
      "AR_small": null,
      "AR_medium": 0.355,
      "AR_large": 0.5280701754385965,
      "objects": 77,
      "positive_images": 51,
      "detections": 4866
    },
    "medium": {
      "mAP": 0.47683312154290985,
      "mAP50": 0.74108685384787,
      "mAP75": 0.5525217058412064,
      "mAP_small": null,
      "mAP_medium": null,
      "mAP_large": 0.47736007157832844,
      "AR1": 0.5555555555555556,
      "AR10": 0.6121212121212121,
      "AR100": 0.6121212121212121,
      "AR_small": null,
      "AR_medium": null,
      "AR_large": 0.6121212121212121,
      "objects": 99,
      "positive_images": 94,
      "detections": 3364
    },
    "large": {
      "mAP": 0.6214341766795177,
      "mAP50": 0.9181484275708273,
      "mAP75": 0.7497040093967609,
      "mAP_small": null,
      "mAP_medium": null,
      "mAP_large": 0.6214348187383569,
      "AR1": 0.7086124401913876,
      "AR10": 0.7172248803827752,
      "AR100": 0.7172248803827752,
      "AR_small": null,
      "AR_medium": null,
      "AR_large": 0.7172248803827752,
      "objects": 209,
      "positive_images": 207,
      "detections": 1900
    }
  },
  "image_level": {
    "positive_images": 352,
    "negative_images": 750,
    "auroc": 0.9860151515151515,
    "average_precision": 0.9729274045858051,
    "fpr_at_target_tpr": {
      "threshold": 0.4204794466495514,
      "tp": 335,
      "fp": 39,
      "tn": 711,
      "fn": 17,
      "tpr": 0.9517045454545454,
      "fpr": 0.052,
      "by_negative_group": {
        "negative_in_domain": {
          "negative_images": 439,
          "false_positive_images": 35,
          "fpr": 0.07972665148063782
        },
        "negative_out_domain": {
          "negative_images": 311,
          "false_positive_images": 4,
          "fpr": 0.012861736334405145
        }
      },
      "target_tpr": 0.95
    },
    "recall_at_fpr": {
      "0.01": {
        "max_fpr": 0.01,
        "threshold": 0.9510872960090637,
        "recall": 0.7784090909090909,
        "fpr": 0.008,
        "tp": 274,
        "fp": 6,
        "tn": 744,
        "fn": 78
      },
      "0.05": {
        "max_fpr": 0.05,
        "threshold": 0.47814223170280457,
        "recall": 0.9460227272727273,
        "fpr": 0.04666666666666667,
        "tp": 333,
        "fp": 35,
        "tn": 715,
        "fn": 19
      }
    },
    "fixed_threshold": {
      "threshold": 0.25,
      "tp": 339,
      "fp": 68,
      "tn": 682,
      "fn": 13,
      "tpr": 0.9630681818181818,
      "fpr": 0.09066666666666667,
      "by_negative_group": {
        "negative_in_domain": {
          "negative_images": 439,
          "false_positive_images": 58,
          "fpr": 0.13211845102505695
        },
        "negative_out_domain": {
          "negative_images": 311,
          "false_positive_images": 10,
          "fpr": 0.03215434083601286
        }
      }
    }
  }
}
