{
  "mAP": 0.6466642942788087,
  "mAP50": 0.8870948562738981,
  "mAP75": 0.729625778483424,
  "mAP_small": null,
  "mAP_medium": 0.33394153877343935,
  "mAP_large": 0.676843482501001,
  "AR1": 0.6708955223880597,
  "AR10": 0.7507462686567165,
  "AR100": 0.7529850746268656,
  "AR_small": null,
  "AR_medium": 0.5,
  "AR_large": 0.7778688524590165,
  "mAP_tiny_rel": 0.22270428101198989,
  "mAP50_tiny_rel": 0.5146737924299529,
  "mAP75_tiny_rel": 0.15149652896324112,
  "AR100_tiny_rel": 0.4294117647058823,
  "mAP_small_rel": 0.44186160912423184,
  "mAP50_small_rel": 0.7100548665323825,
  "mAP75_small_rel": 0.5057238241970238,
  "AR100_small_rel": 0.5623376623376625,
  "mAP_medium_rel": 0.537296418047753,
  "mAP50_medium_rel": 0.7484984227405943,
  "mAP75_medium_rel": 0.5871854743440654,
  "AR100_medium_rel": 0.6717171717171717,
  "mAP_large_rel": 0.7196481122071473,
  "mAP50_large_rel": 0.9119102625669249,
  "mAP75_large_rel": 0.8243217218863572,
  "AR100_large_rel": 0.8272727272727272,
  "mAP_tiny": 0.22270428101198989,
  "image_AUROC": 0.9645113636363636,
  "image_AP": 0.9331488876374782,
  "FPR@95TPR": 0.172,
  "threshold@95TPR": 0.4241529107093811,
  "TPR@95TPR": 0.9517045454545454,
  "Recall@FPR=1%": 0.4659090909090909,
  "Recall@FPR=5%": 0.8352272727272727,
  "in_domain_FPR@95TPR": 0.1845102505694761,
  "out_domain_FPR@95TPR": 0.15434083601286175,
  "in_domain_FPR@fixed": 0.27107061503416857,
  "out_domain_FPR@fixed": 0.2347266881028939,
  "split": "val",
  "images": 1102,
  "ground_truth_objects": 402,
  "input_predictions": 156285,
  "detections": 156285,
  "invalid_predictions_dropped": 0,
  "fppi_threshold": 0.25,
  "false_positives_on_negatives": {
    "total_negative_images": 750,
    "total_false_positives": 199,
    "fppi": 0.2653333333333333,
    "by_group": {
      "negative_in_domain": {
        "negative_images": 439,
        "false_positives": 123,
        "fppi": 0.28018223234624146
      },
      "negative_out_domain": {
        "negative_images": 311,
        "false_positives": 76,
        "fppi": 0.24437299035369775
      }
    }
  },
  "predictions_above_fppi_threshold_by_group": {
    "negative_in_domain": 123,
    "negative_out_domain": 76,
    "positive": 394
  },
  "relative_scale_metrics": {
    "tiny": {
      "mAP": 0.22270428101198989,
      "mAP50": 0.5146737924299529,
      "mAP75": 0.15149652896324112,
      "mAP_small": null,
      "mAP_medium": 0.21848632827480224,
      "mAP_large": 0.49999999999999994,
      "AR1": 0.2352941176470588,
      "AR10": 0.4294117647058823,
      "AR100": 0.4294117647058823,
      "AR_small": null,
      "AR_medium": 0.425,
      "AR_large": 0.5,
      "objects": 17,
      "positive_images": 14,
      "detections": 93460
    },
    "small": {
      "mAP": 0.44186160912423184,
      "mAP50": 0.7100548665323825,
      "mAP75": 0.5057238241970238,
      "mAP_small": null,
      "mAP_medium": 0.2977070681278602,
      "mAP_large": 0.49805013102330603,
      "AR1": 0.35974025974025975,
      "AR10": 0.551948051948052,
      "AR100": 0.5623376623376625,
      "AR_small": null,
      "AR_medium": 0.375,
      "AR_large": 0.6280701754385964,
      "objects": 77,
      "positive_images": 51,
      "detections": 51587
    },
    "medium": {
      "mAP": 0.537296418047753,
      "mAP50": 0.7484984227405943,
      "mAP75": 0.5871854743440654,
      "mAP_small": null,
      "mAP_medium": null,
      "mAP_large": 0.5427081861260307,
      "AR1": 0.6323232323232324,
      "AR10": 0.6717171717171717,
      "AR100": 0.6717171717171717,
      "AR_small": null,
      "AR_medium": null,
      "AR_large": 0.6717171717171717,
      "objects": 99,
      "positive_images": 94,
      "detections": 9785
    },
    "large": {
      "mAP": 0.7196481122071473,
      "mAP50": 0.9119102625669249,
      "mAP75": 0.8243217218863572,
      "mAP_small": null,
      "mAP_medium": null,
      "mAP_large": 0.7196481122071473,
      "AR1": 0.8162679425837321,
      "AR10": 0.8272727272727272,
      "AR100": 0.8272727272727272,
      "AR_small": null,
      "AR_medium": null,
      "AR_large": 0.8272727272727272,
      "objects": 209,
      "positive_images": 207,
      "detections": 1453
    }
  },
  "image_level": {
    "positive_images": 352,
    "negative_images": 750,
    "auroc": 0.9645113636363636,
    "average_precision": 0.9331488876374782,
    "fpr_at_target_tpr": {
      "threshold": 0.4241529107093811,
      "tp": 335,
      "fp": 129,
      "tn": 621,
      "fn": 17,
      "tpr": 0.9517045454545454,
      "fpr": 0.172,
      "by_negative_group": {
        "negative_in_domain": {
          "negative_images": 439,
          "false_positive_images": 81,
          "fpr": 0.1845102505694761
        },
        "negative_out_domain": {
          "negative_images": 311,
          "false_positive_images": 48,
          "fpr": 0.15434083601286175
        }
      },
      "target_tpr": 0.95
    },
    "recall_at_fpr": {
      "0.01": {
        "max_fpr": 0.01,
        "threshold": 0.9998082518577576,
        "recall": 0.4659090909090909,
        "fpr": 0.009333333333333334,
        "tp": 164,
        "fp": 7,
        "tn": 743,
        "fn": 188
      },
      "0.05": {
        "max_fpr": 0.05,
        "threshold": 0.9731408953666687,
        "recall": 0.8352272727272727,
        "fpr": 0.044,
        "tp": 294,
        "fp": 33,
        "tn": 717,
        "fn": 58
      }
    },
    "fixed_threshold": {
      "threshold": 0.25,
      "tp": 343,
      "fp": 192,
      "tn": 558,
      "fn": 9,
      "tpr": 0.9744318181818182,
      "fpr": 0.256,
      "by_negative_group": {
        "negative_in_domain": {
          "negative_images": 439,
          "false_positive_images": 119,
          "fpr": 0.27107061503416857
        },
        "negative_out_domain": {
          "negative_images": 311,
          "false_positive_images": 73,
          "fpr": 0.2347266881028939
        }
      }
    }
  }
}
