{
  "mAP": 0.6668741335424847,
  "mAP50": 0.955980768108777,
  "mAP75": 0.7858773287557397,
  "mAP_small": null,
  "mAP_medium": 0.4814212958152858,
  "mAP_large": 0.6825389669985713,
  "AR1": 0.6425373134328358,
  "AR10": 0.7340796019900497,
  "AR100": 0.7343283582089553,
  "AR_small": null,
  "AR_medium": 0.6055555555555555,
  "AR_large": 0.7469945355191256,
  "mAP_tiny_rel": 0.44285932860338006,
  "mAP50_tiny_rel": 0.7677574406455788,
  "mAP75_tiny_rel": 0.42555865493670103,
  "AR100_tiny_rel": 0.5529411764705883,
  "mAP_small_rel": 0.4721756390726226,
  "mAP50_small_rel": 0.7765216341680312,
  "mAP75_small_rel": 0.5103988696365357,
  "AR100_small_rel": 0.5935064935064934,
  "mAP_medium_rel": 0.5595534859284357,
  "mAP50_medium_rel": 0.8221618342658789,
  "mAP75_medium_rel": 0.6286452197238508,
  "AR100_medium_rel": 0.6505050505050505,
  "mAP_large_rel": 0.6932519654971111,
  "mAP50_large_rel": 0.9255071173231841,
  "mAP75_large_rel": 0.8481508405131853,
  "AR100_large_rel": 0.7727272727272727,
  "mAP_tiny": 0.44285932860338006,
  "image_AUROC": 0.9945795454545454,
  "image_AP": 0.9894504559662315,
  "FPR@95TPR": 0.013333333333333334,
  "threshold@95TPR": 0.8865072727203369,
  "TPR@95TPR": 0.9517045454545454,
  "Recall@FPR=1%": 0.9460227272727273,
  "Recall@FPR=5%": 0.9801136363636364,
  "in_domain_FPR@95TPR": 0.02050113895216401,
  "out_domain_FPR@95TPR": 0.003215434083601286,
  "in_domain_FPR@fixed": 0.0683371298405467,
  "out_domain_FPR@fixed": 0.006430868167202572,
  "split": "val",
  "images": 1102,
  "ground_truth_objects": 402,
  "input_predictions": 3044,
  "detections": 3044,
  "invalid_predictions_dropped": 0,
  "fppi_threshold": 0.25,
  "false_positives_on_negatives": {
    "total_negative_images": 750,
    "total_false_positives": 39,
    "fppi": 0.052,
    "by_group": {
      "negative_in_domain": {
        "negative_images": 439,
        "false_positives": 34,
        "fppi": 0.0774487471526196
      },
      "negative_out_domain": {
        "negative_images": 311,
        "false_positives": 5,
        "fppi": 0.01607717041800643
      }
    }
  },
  "predictions_above_fppi_threshold_by_group": {
    "negative_in_domain": 34,
    "negative_out_domain": 5,
    "positive": 458
  },
  "relative_scale_metrics": {
    "tiny": {
      "mAP": 0.44285932860338006,
      "mAP50": 0.7677574406455788,
      "mAP75": 0.42555865493670103,
      "mAP_small": null,
      "mAP_medium": 0.4133362072162272,
      "mAP_large": 0.7999999999999999,
      "AR1": 0.4294117647058823,
      "AR10": 0.5529411764705883,
      "AR100": 0.5529411764705883,
      "AR_small": null,
      "AR_medium": 0.5375,
      "AR_large": 0.8,
      "objects": 17,
      "positive_images": 14,
      "detections": 344
    },
    "small": {
      "mAP": 0.4721756390726226,
      "mAP50": 0.7765216341680312,
      "mAP75": 0.5103988696365357,
      "mAP_small": null,
      "mAP_medium": 0.3676112054442199,
      "mAP_large": 0.5189730375260054,
      "AR1": 0.3779220779220779,
      "AR10": 0.5909090909090908,
      "AR100": 0.5935064935064934,
      "AR_small": null,
      "AR_medium": 0.51,
      "AR_large": 0.6228070175438596,
      "objects": 77,
      "positive_images": 51,
      "detections": 618
    },
    "medium": {
      "mAP": 0.5595534859284357,
      "mAP50": 0.8221618342658789,
      "mAP75": 0.6286452197238508,
      "mAP_small": null,
      "mAP_medium": null,
      "mAP_large": 0.5597866260295943,
      "AR1": 0.5929292929292929,
      "AR10": 0.6505050505050505,
      "AR100": 0.6505050505050505,
      "AR_small": null,
      "AR_medium": null,
      "AR_large": 0.6505050505050505,
      "objects": 99,
      "positive_images": 94,
      "detections": 1249
    },
    "large": {
      "mAP": 0.6932519654971111,
      "mAP50": 0.9255071173231841,
      "mAP75": 0.8481508405131853,
      "mAP_small": null,
      "mAP_medium": null,
      "mAP_large": 0.6932519654971111,
      "AR1": 0.7655502392344498,
      "AR10": 0.7727272727272727,
      "AR100": 0.7727272727272727,
      "AR_small": null,
      "AR_medium": null,
      "AR_large": 0.7727272727272727,
      "objects": 209,
      "positive_images": 207,
      "detections": 833
    }
  },
  "image_level": {
    "positive_images": 352,
    "negative_images": 750,
    "auroc": 0.9945795454545454,
    "average_precision": 0.9894504559662315,
    "fpr_at_target_tpr": {
      "threshold": 0.8865072727203369,
      "tp": 335,
      "fp": 10,
      "tn": 740,
      "fn": 17,
      "tpr": 0.9517045454545454,
      "fpr": 0.013333333333333334,
      "by_negative_group": {
        "negative_in_domain": {
          "negative_images": 439,
          "false_positive_images": 9,
          "fpr": 0.02050113895216401
        },
        "negative_out_domain": {
          "negative_images": 311,
          "false_positive_images": 1,
          "fpr": 0.003215434083601286
        }
      },
      "target_tpr": 0.95
    },
    "recall_at_fpr": {
      "0.01": {
        "max_fpr": 0.01,
        "threshold": 0.9302513003349304,
        "recall": 0.9460227272727273,
        "fpr": 0.008,
        "tp": 333,
        "fp": 6,
        "tn": 744,
        "fn": 19
      },
      "0.05": {
        "max_fpr": 0.05,
        "threshold": 0.4128817915916443,
        "recall": 0.9801136363636364,
        "fpr": 0.034666666666666665,
        "tp": 345,
        "fp": 26,
        "tn": 724,
        "fn": 7
      }
    },
    "fixed_threshold": {
      "threshold": 0.25,
      "tp": 345,
      "fp": 32,
      "tn": 718,
      "fn": 7,
      "tpr": 0.9801136363636364,
      "fpr": 0.042666666666666665,
      "by_negative_group": {
        "negative_in_domain": {
          "negative_images": 439,
          "false_positive_images": 30,
          "fpr": 0.0683371298405467
        },
        "negative_out_domain": {
          "negative_images": 311,
          "false_positive_images": 2,
          "fpr": 0.006430868167202572
        }
      }
    }
  }
}
