{
  "mAP": 0.660355966898123,
  "mAP50": 0.9509939446045768,
  "mAP75": 0.769809833224632,
  "mAP_small": null,
  "mAP_medium": 0.48904538432940864,
  "mAP_large": 0.6755019585296663,
  "AR1": 0.6422885572139303,
  "AR10": 0.7325870646766169,
  "AR100": 0.7333333333333334,
  "AR_small": null,
  "AR_medium": 0.611111111111111,
  "AR_large": 0.7453551912568306,
  "mAP_tiny_rel": 0.30019331472966804,
  "mAP50_tiny_rel": 0.6356932400300093,
  "mAP75_tiny_rel": 0.28969932707556467,
  "AR100_tiny_rel": 0.48235294117647054,
  "mAP_small_rel": 0.45586236431791627,
  "mAP50_small_rel": 0.7448543652789937,
  "mAP75_small_rel": 0.5496888770022298,
  "AR100_small_rel": 0.5753246753246753,
  "mAP_medium_rel": 0.5591000427319573,
  "mAP50_medium_rel": 0.838201872216076,
  "mAP75_medium_rel": 0.631007757224711,
  "AR100_medium_rel": 0.6626262626262627,
  "mAP_large_rel": 0.7100491393586111,
  "mAP50_large_rel": 0.9410341379482683,
  "mAP75_large_rel": 0.8441663400944273,
  "AR100_large_rel": 0.7803827751196173,
  "mAP_tiny": 0.30019331472966804,
  "image_AUROC": 0.988344696969697,
  "image_AP": 0.9780161374567058,
  "FPR@95TPR": 0.07333333333333333,
  "threshold@95TPR": 0.8500343561172485,
  "TPR@95TPR": 0.9517045454545454,
  "Recall@FPR=1%": 0.8948863636363636,
  "Recall@FPR=5%": 0.9431818181818182,
  "in_domain_FPR@95TPR": 0.12072892938496584,
  "out_domain_FPR@95TPR": 0.006430868167202572,
  "in_domain_FPR@fixed": 0.27790432801822323,
  "out_domain_FPR@fixed": 0.03215434083601286,
  "split": "val",
  "images": 1102,
  "ground_truth_objects": 402,
  "input_predictions": 4609,
  "detections": 4609,
  "invalid_predictions_dropped": 0,
  "fppi_threshold": 0.25,
  "false_positives_on_negatives": {
    "total_negative_images": 750,
    "total_false_positives": 166,
    "fppi": 0.22133333333333333,
    "by_group": {
      "negative_in_domain": {
        "negative_images": 439,
        "false_positives": 149,
        "fppi": 0.33940774487471526
      },
      "negative_out_domain": {
        "negative_images": 311,
        "false_positives": 17,
        "fppi": 0.05466237942122187
      }
    }
  },
  "predictions_above_fppi_threshold_by_group": {
    "negative_in_domain": 149,
    "negative_out_domain": 17,
    "positive": 483
  },
  "relative_scale_metrics": {
    "tiny": {
      "mAP": 0.30019331472966804,
      "mAP50": 0.6356932400300093,
      "mAP75": 0.28969932707556467,
      "mAP_small": null,
      "mAP_medium": 0.2908560825496237,
      "mAP_large": 0.6999999999999998,
      "AR1": 0.35294117647058826,
      "AR10": 0.48235294117647054,
      "AR100": 0.48235294117647054,
      "AR_small": null,
      "AR_medium": 0.46875,
      "AR_large": 0.7,
      "objects": 17,
      "positive_images": 14,
      "detections": 768
    },
    "small": {
      "mAP": 0.45586236431791627,
      "mAP50": 0.7448543652789937,
      "mAP75": 0.5496888770022298,
      "mAP_small": null,
      "mAP_medium": 0.3736598310843618,
      "mAP_large": 0.49442406243105663,
      "AR1": 0.3818181818181818,
      "AR10": 0.5753246753246753,
      "AR100": 0.5753246753246753,
      "AR_small": null,
      "AR_medium": 0.505,
      "AR_large": 0.6,
      "objects": 77,
      "positive_images": 51,
      "detections": 1005
    },
    "medium": {
      "mAP": 0.5591000427319573,
      "mAP50": 0.838201872216076,
      "mAP75": 0.631007757224711,
      "mAP_small": null,
      "mAP_medium": null,
      "mAP_large": 0.5594838001987258,
      "AR1": 0.601010101010101,
      "AR10": 0.6626262626262627,
      "AR100": 0.6626262626262627,
      "AR_small": null,
      "AR_medium": null,
      "AR_large": 0.6626262626262627,
      "objects": 99,
      "positive_images": 94,
      "detections": 1682
    },
    "large": {
      "mAP": 0.7100491393586111,
      "mAP50": 0.9410341379482683,
      "mAP75": 0.8441663400944273,
      "mAP_small": null,
      "mAP_medium": null,
      "mAP_large": 0.7100491393586111,
      "AR1": 0.7722488038277512,
      "AR10": 0.7803827751196173,
      "AR100": 0.7803827751196173,
      "AR_small": null,
      "AR_medium": null,
      "AR_large": 0.7803827751196173,
      "objects": 209,
      "positive_images": 207,
      "detections": 1154
    }
  },
  "image_level": {
    "positive_images": 352,
    "negative_images": 750,
    "auroc": 0.988344696969697,
    "average_precision": 0.9780161374567058,
    "fpr_at_target_tpr": {
      "threshold": 0.8500343561172485,
      "tp": 335,
      "fp": 55,
      "tn": 695,
      "fn": 17,
      "tpr": 0.9517045454545454,
      "fpr": 0.07333333333333333,
      "by_negative_group": {
        "negative_in_domain": {
          "negative_images": 439,
          "false_positive_images": 53,
          "fpr": 0.12072892938496584
        },
        "negative_out_domain": {
          "negative_images": 311,
          "false_positive_images": 2,
          "fpr": 0.006430868167202572
        }
      },
      "target_tpr": 0.95
    },
    "recall_at_fpr": {
      "0.01": {
        "max_fpr": 0.01,
        "threshold": 0.9846381545066833,
        "recall": 0.8948863636363636,
        "fpr": 0.009333333333333334,
        "tp": 315,
        "fp": 7,
        "tn": 743,
        "fn": 37
      },
      "0.05": {
        "max_fpr": 0.05,
        "threshold": 0.9375304579734802,
        "recall": 0.9431818181818182,
        "fpr": 0.042666666666666665,
        "tp": 332,
        "fp": 32,
        "tn": 718,
        "fn": 20
      }
    },
    "fixed_threshold": {
      "threshold": 0.25,
      "tp": 345,
      "fp": 132,
      "tn": 618,
      "fn": 7,
      "tpr": 0.9801136363636364,
      "fpr": 0.176,
      "by_negative_group": {
        "negative_in_domain": {
          "negative_images": 439,
          "false_positive_images": 122,
          "fpr": 0.27790432801822323
        },
        "negative_out_domain": {
          "negative_images": 311,
          "false_positive_images": 10,
          "fpr": 0.03215434083601286
        }
      }
    }
  }
}
