{
  "mAP": 0.6024455650942303,
  "mAP50": 0.9395059485664458,
  "mAP75": 0.6694097956231311,
  "mAP_small": null,
  "mAP_medium": 0.48462750083644823,
  "mAP_large": 0.6122396804428701,
  "AR1": 0.590547263681592,
  "AR10": 0.6738805970149253,
  "AR100": 0.6758706467661691,
  "AR_small": null,
  "AR_medium": 0.6027777777777777,
  "AR_large": 0.6830601092896175,
  "mAP_tiny_rel": 0.28806112003299195,
  "mAP50_tiny_rel": 0.6112525335831405,
  "mAP75_tiny_rel": 0.3233989129742945,
  "AR100_tiny_rel": 0.5058823529411764,
  "mAP_small_rel": 0.4650356666819842,
  "mAP50_small_rel": 0.7887278846796953,
  "mAP75_small_rel": 0.45068189924758373,
  "AR100_small_rel": 0.5545454545454545,
  "mAP_medium_rel": 0.4739937753943391,
  "mAP50_medium_rel": 0.7698949342078358,
  "mAP75_medium_rel": 0.5144316694773378,
  "AR100_medium_rel": 0.593939393939394,
  "mAP_large_rel": 0.6277415790073438,
  "mAP50_large_rel": 0.9208271958794402,
  "mAP75_large_rel": 0.7370947178639767,
  "AR100_large_rel": 0.7129186602870813,
  "mAP_tiny": 0.28806112003299195,
  "image_AUROC": 0.9922575757575758,
  "image_AP": 0.9830293546782713,
  "FPR@95TPR": 0.030666666666666665,
  "threshold@95TPR": 0.747207760810852,
  "TPR@95TPR": 0.9517045454545454,
  "Recall@FPR=1%": 0.9090909090909091,
  "Recall@FPR=5%": 0.9744318181818182,
  "in_domain_FPR@95TPR": 0.04555808656036447,
  "out_domain_FPR@95TPR": 0.00964630225080386,
  "in_domain_FPR@fixed": 0.12072892938496584,
  "out_domain_FPR@fixed": 0.03215434083601286,
  "split": "val",
  "images": 1102,
  "ground_truth_objects": 402,
  "input_predictions": 12307,
  "detections": 12307,
  "invalid_predictions_dropped": 0,
  "fppi_threshold": 0.25,
  "false_positives_on_negatives": {
    "total_negative_images": 750,
    "total_false_positives": 86,
    "fppi": 0.11466666666666667,
    "by_group": {
      "negative_in_domain": {
        "negative_images": 439,
        "false_positives": 73,
        "fppi": 0.1662870159453303
      },
      "negative_out_domain": {
        "negative_images": 311,
        "false_positives": 13,
        "fppi": 0.04180064308681672
      }
    }
  },
  "predictions_above_fppi_threshold_by_group": {
    "negative_in_domain": 73,
    "negative_out_domain": 13,
    "positive": 639
  },
  "relative_scale_metrics": {
    "tiny": {
      "mAP": 0.28806112003299195,
      "mAP50": 0.6112525335831405,
      "mAP75": 0.3233989129742945,
      "mAP_small": null,
      "mAP_medium": 0.3297538446205746,
      "mAP_large": 0.1,
      "AR1": 0.4117647058823529,
      "AR10": 0.5058823529411764,
      "AR100": 0.5058823529411764,
      "AR_small": null,
      "AR_medium": 0.525,
      "AR_large": 0.2,
      "objects": 17,
      "positive_images": 14,
      "detections": 3315
    },
    "small": {
      "mAP": 0.4650356666819842,
      "mAP50": 0.7887278846796953,
      "mAP75": 0.45068189924758373,
      "mAP_small": null,
      "mAP_medium": 0.46821985386616555,
      "mAP_large": 0.4655935365041125,
      "AR1": 0.38441558441558443,
      "AR10": 0.5545454545454545,
      "AR100": 0.5545454545454545,
      "AR_small": null,
      "AR_medium": 0.5549999999999999,
      "AR_large": 0.5543859649122806,
      "objects": 77,
      "positive_images": 51,
      "detections": 3753
    },
    "medium": {
      "mAP": 0.4739937753943391,
      "mAP50": 0.7698949342078358,
      "mAP75": 0.5144316694773378,
      "mAP_small": null,
      "mAP_medium": null,
      "mAP_large": 0.4742893585912794,
      "AR1": 0.5353535353535354,
      "AR10": 0.593939393939394,
      "AR100": 0.593939393939394,
      "AR_small": null,
      "AR_medium": null,
      "AR_large": 0.593939393939394,
      "objects": 99,
      "positive_images": 94,
      "detections": 4003
    },
    "large": {
      "mAP": 0.6277415790073438,
      "mAP50": 0.9208271958794402,
      "mAP75": 0.7370947178639767,
      "mAP_small": null,
      "mAP_medium": null,
      "mAP_large": 0.6277415790073438,
      "AR1": 0.6985645933014355,
      "AR10": 0.7129186602870813,
      "AR100": 0.7129186602870813,
      "AR_small": null,
      "AR_medium": null,
      "AR_large": 0.7129186602870813,
      "objects": 209,
      "positive_images": 207,
      "detections": 1236
    }
  },
  "image_level": {
    "positive_images": 352,
    "negative_images": 750,
    "auroc": 0.9922575757575758,
    "average_precision": 0.9830293546782713,
    "fpr_at_target_tpr": {
      "threshold": 0.747207760810852,
      "tp": 335,
      "fp": 23,
      "tn": 727,
      "fn": 17,
      "tpr": 0.9517045454545454,
      "fpr": 0.030666666666666665,
      "by_negative_group": {
        "negative_in_domain": {
          "negative_images": 439,
          "false_positive_images": 20,
          "fpr": 0.04555808656036447
        },
        "negative_out_domain": {
          "negative_images": 311,
          "false_positive_images": 3,
          "fpr": 0.00964630225080386
        }
      },
      "target_tpr": 0.95
    },
    "recall_at_fpr": {
      "0.01": {
        "max_fpr": 0.01,
        "threshold": 0.929377019405365,
        "recall": 0.9090909090909091,
        "fpr": 0.009333333333333334,
        "tp": 320,
        "fp": 7,
        "tn": 743,
        "fn": 32
      },
      "0.05": {
        "max_fpr": 0.05,
        "threshold": 0.5410265922546387,
        "recall": 0.9744318181818182,
        "fpr": 0.04533333333333334,
        "tp": 343,
        "fp": 34,
        "tn": 716,
        "fn": 9
      }
    },
    "fixed_threshold": {
      "threshold": 0.25,
      "tp": 345,
      "fp": 63,
      "tn": 687,
      "fn": 7,
      "tpr": 0.9801136363636364,
      "fpr": 0.084,
      "by_negative_group": {
        "negative_in_domain": {
          "negative_images": 439,
          "false_positive_images": 53,
          "fpr": 0.12072892938496584
        },
        "negative_out_domain": {
          "negative_images": 311,
          "false_positive_images": 10,
          "fpr": 0.03215434083601286
        }
      }
    }
  }
}
