{
  "mAP": 0.6646241047672422,
  "mAP50": 0.9590886288547646,
  "mAP75": 0.7825955036780587,
  "mAP_small": null,
  "mAP_medium": 0.5059108286488029,
  "mAP_large": 0.6779046712822315,
  "AR1": 0.6375621890547264,
  "AR10": 0.7345771144278607,
  "AR100": 0.7350746268656716,
  "AR_small": null,
  "AR_medium": 0.611111111111111,
  "AR_large": 0.7472677595628415,
  "mAP_tiny_rel": 0.4915708861533587,
  "mAP50_tiny_rel": 0.8458583662605365,
  "mAP75_tiny_rel": 0.4977785173475331,
  "AR100_tiny_rel": 0.6058823529411764,
  "mAP_small_rel": 0.46188281166397055,
  "mAP50_small_rel": 0.7589113280951738,
  "mAP75_small_rel": 0.4703676887234731,
  "AR100_small_rel": 0.5688311688311688,
  "mAP_medium_rel": 0.5718927982880969,
  "mAP50_medium_rel": 0.8432333871572204,
  "mAP75_medium_rel": 0.6761329678334917,
  "AR100_medium_rel": 0.6656565656565656,
  "mAP_large_rel": 0.699367316659142,
  "mAP50_large_rel": 0.9364241175809529,
  "mAP75_large_rel": 0.8417562644074941,
  "AR100_large_rel": 0.7789473684210526,
  "mAP_tiny": 0.4915708861533587,
  "image_AUROC": 0.99325,
  "image_AP": 0.9879138306090265,
  "FPR@95TPR": 0.013333333333333334,
  "threshold@95TPR": 0.8655994534492493,
  "TPR@95TPR": 0.9517045454545454,
  "Recall@FPR=1%": 0.9318181818181818,
  "Recall@FPR=5%": 0.9829545454545454,
  "in_domain_FPR@95TPR": 0.02050113895216401,
  "out_domain_FPR@95TPR": 0.003215434083601286,
  "in_domain_FPR@fixed": 0.06605922551252848,
  "out_domain_FPR@fixed": 0.006430868167202572,
  "split": "val",
  "images": 1102,
  "ground_truth_objects": 402,
  "input_predictions": 3183,
  "detections": 3183,
  "invalid_predictions_dropped": 0,
  "fppi_threshold": 0.25,
  "false_positives_on_negatives": {
    "total_negative_images": 750,
    "total_false_positives": 39,
    "fppi": 0.052,
    "by_group": {
      "negative_in_domain": {
        "negative_images": 439,
        "false_positives": 33,
        "fppi": 0.07517084282460136
      },
      "negative_out_domain": {
        "negative_images": 311,
        "false_positives": 6,
        "fppi": 0.01929260450160772
      }
    }
  },
  "predictions_above_fppi_threshold_by_group": {
    "negative_in_domain": 33,
    "negative_out_domain": 6,
    "positive": 456
  },
  "relative_scale_metrics": {
    "tiny": {
      "mAP": 0.4915708861533587,
      "mAP50": 0.8458583662605365,
      "mAP75": 0.4977785173475331,
      "mAP_small": null,
      "mAP_medium": 0.46802136637331593,
      "mAP_large": 0.7999999999999999,
      "AR1": 0.49411764705882344,
      "AR10": 0.6058823529411764,
      "AR100": 0.6058823529411764,
      "AR_small": null,
      "AR_medium": 0.59375,
      "AR_large": 0.8,
      "objects": 17,
      "positive_images": 14,
      "detections": 417
    },
    "small": {
      "mAP": 0.46188281166397055,
      "mAP50": 0.7589113280951738,
      "mAP75": 0.4703676887234731,
      "mAP_small": null,
      "mAP_medium": 0.33404810882426034,
      "mAP_large": 0.5089355786097284,
      "AR1": 0.3454545454545454,
      "AR10": 0.5688311688311688,
      "AR100": 0.5688311688311688,
      "AR_small": null,
      "AR_medium": 0.425,
      "AR_large": 0.619298245614035,
      "objects": 77,
      "positive_images": 51,
      "detections": 660
    },
    "medium": {
      "mAP": 0.5718927982880969,
      "mAP50": 0.8432333871572204,
      "mAP75": 0.6761329678334917,
      "mAP_small": null,
      "mAP_medium": null,
      "mAP_large": 0.5720656816981025,
      "AR1": 0.603030303030303,
      "AR10": 0.6656565656565656,
      "AR100": 0.6656565656565656,
      "AR_small": null,
      "AR_medium": null,
      "AR_large": 0.6656565656565656,
      "objects": 99,
      "positive_images": 94,
      "detections": 1258
    },
    "large": {
      "mAP": 0.699367316659142,
      "mAP50": 0.9364241175809529,
      "mAP75": 0.8417562644074941,
      "mAP_small": null,
      "mAP_medium": null,
      "mAP_large": 0.699367316659142,
      "AR1": 0.7674641148325357,
      "AR10": 0.7789473684210526,
      "AR100": 0.7789473684210526,
      "AR_small": null,
      "AR_medium": null,
      "AR_large": 0.7789473684210526,
      "objects": 209,
      "positive_images": 207,
      "detections": 848
    }
  },
  "image_level": {
    "positive_images": 352,
    "negative_images": 750,
    "auroc": 0.99325,
    "average_precision": 0.9879138306090265,
    "fpr_at_target_tpr": {
      "threshold": 0.8655994534492493,
      "tp": 335,
      "fp": 10,
      "tn": 740,
      "fn": 17,
      "tpr": 0.9517045454545454,
      "fpr": 0.013333333333333334,
      "by_negative_group": {
        "negative_in_domain": {
          "negative_images": 439,
          "false_positive_images": 9,
          "fpr": 0.02050113895216401
        },
        "negative_out_domain": {
          "negative_images": 311,
          "false_positive_images": 1,
          "fpr": 0.003215434083601286
        }
      },
      "target_tpr": 0.95
    },
    "recall_at_fpr": {
      "0.01": {
        "max_fpr": 0.01,
        "threshold": 0.9348568320274353,
        "recall": 0.9318181818181818,
        "fpr": 0.009333333333333334,
        "tp": 328,
        "fp": 7,
        "tn": 743,
        "fn": 24
      },
      "0.05": {
        "max_fpr": 0.05,
        "threshold": 0.20061331987380981,
        "recall": 0.9829545454545454,
        "fpr": 0.04933333333333333,
        "tp": 346,
        "fp": 37,
        "tn": 713,
        "fn": 6
      }
    },
    "fixed_threshold": {
      "threshold": 0.25,
      "tp": 345,
      "fp": 31,
      "tn": 719,
      "fn": 7,
      "tpr": 0.9801136363636364,
      "fpr": 0.04133333333333333,
      "by_negative_group": {
        "negative_in_domain": {
          "negative_images": 439,
          "false_positive_images": 29,
          "fpr": 0.06605922551252848
        },
        "negative_out_domain": {
          "negative_images": 311,
          "false_positive_images": 2,
          "fpr": 0.006430868167202572
        }
      }
    }
  }
}
