{
  "val": {
    "mAP": 0.6860221201244711,
    "mAP50": 0.9088222031696751,
    "mAP75": 0.7819564839688568,
    "mAP_small": null,
    "mAP_medium": 0.42847487117886823,
    "mAP_large": 0.7116106962831833,
    "AR1": 0.6766169154228856,
    "AR10": 0.7621890547263681,
    "AR100": 0.7621890547263681,
    "AR_small": null,
    "AR_medium": 0.49444444444444446,
    "AR_large": 0.7885245901639345,
    "mAP_tiny_rel": 0.41050841116500314,
    "mAP50_tiny_rel": 0.6875095201827877,
    "mAP75_tiny_rel": 0.4855800964711856,
    "AR100_tiny_rel": 0.5176470588235295,
    "mAP_small_rel": 0.4738203268083912,
    "mAP50_small_rel": 0.7530677318543813,
    "mAP75_small_rel": 0.5587679995648519,
    "AR100_small_rel": 0.5857142857142857,
    "mAP_medium_rel": 0.6540717286529614,
    "mAP50_medium_rel": 0.8518771251577147,
    "mAP75_medium_rel": 0.73875045626652,
    "AR100_medium_rel": 0.7131313131313132,
    "mAP_large_rel": 0.7519765010733082,
    "mAP50_large_rel": 0.9139581987269882,
    "mAP75_large_rel": 0.8613472134063731,
    "AR100_large_rel": 0.837799043062201,
    "mAP_tiny": 0.41050841116500314,
    "image_AUROC": 0.9787765151515152,
    "image_AP": 0.9667366747556951,
    "FPR@95TPR": 0.017333333333333333,
    "threshold@95TPR": 0.0027800642419606447,
    "TPR@95TPR": 0.9517045454545454,
    "Recall@FPR=1%": 0.9289772727272727,
    "Recall@FPR=5%": 0.9630681818181818,
    "in_domain_FPR@95TPR": 0.022779043280182234,
    "out_domain_FPR@95TPR": 0.00964630225080386,
    "in_domain_FPR@fixed": 0.009111617312072893,
    "out_domain_FPR@fixed": 0.0,
    "split": "val",
    "images": 1102,
    "ground_truth_objects": 402,
    "input_predictions": 596,
    "detections": 596,
    "invalid_predictions_dropped": 0,
    "fppi_threshold": 0.25,
    "false_positives_on_negatives": {
      "total_negative_images": 750,
      "total_false_positives": 5,
      "fppi": 0.006666666666666667,
      "by_group": {
        "negative_in_domain": {
          "negative_images": 439,
          "false_positives": 5,
          "fppi": 0.011389521640091117
        },
        "negative_out_domain": {
          "negative_images": 311,
          "false_positives": 0,
          "fppi": 0.0
        }
      }
    },
    "predictions_above_fppi_threshold_by_group": {
      "negative_in_domain": 5,
      "positive": 384
    },
    "relative_scale_metrics": {
      "tiny": {
        "mAP": 0.41050841116500314,
        "mAP50": 0.6875095201827877,
        "mAP75": 0.4855800964711856,
        "mAP_small": null,
        "mAP_medium": 0.3880241445197151,
        "mAP_large": 0.7999999999999999,
        "AR1": 0.38235294117647056,
        "AR10": 0.5176470588235295,
        "AR100": 0.5176470588235295,
        "AR_small": null,
        "AR_medium": 0.5,
        "AR_large": 0.8,
        "objects": 17,
        "positive_images": 14,
        "detections": 43
      },
      "small": {
        "mAP": 0.4738203268083912,
        "mAP50": 0.7530677318543813,
        "mAP75": 0.5587679995648519,
        "mAP_small": null,
        "mAP_medium": 0.36128621566610103,
        "mAP_large": 0.5231539619335922,
        "AR1": 0.36883116883116884,
        "AR10": 0.5857142857142857,
        "AR100": 0.5857142857142857,
        "AR_small": null,
        "AR_medium": 0.43,
        "AR_large": 0.6403508771929824,
        "objects": 77,
        "positive_images": 51,
        "detections": 105
      },
      "medium": {
        "mAP": 0.6540717286529614,
        "mAP50": 0.8518771251577147,
        "mAP75": 0.73875045626652,
        "mAP_small": null,
        "mAP_medium": null,
        "mAP_large": 0.6541441251262676,
        "AR1": 0.6626262626262627,
        "AR10": 0.7131313131313132,
        "AR100": 0.7131313131313132,
        "AR_small": null,
        "AR_medium": null,
        "AR_large": 0.7131313131313132,
        "objects": 99,
        "positive_images": 94,
        "detections": 141
      },
      "large": {
        "mAP": 0.7519765010733082,
        "mAP50": 0.9139581987269882,
        "mAP75": 0.8613472134063731,
        "mAP_small": null,
        "mAP_medium": null,
        "mAP_large": 0.7519765010733082,
        "AR1": 0.8248803827751197,
        "AR10": 0.837799043062201,
        "AR100": 0.837799043062201,
        "AR_small": null,
        "AR_medium": null,
        "AR_large": 0.837799043062201,
        "objects": 209,
        "positive_images": 207,
        "detections": 307
      }
    },
    "image_level": {
      "positive_images": 352,
      "negative_images": 750,
      "auroc": 0.9787765151515152,
      "average_precision": 0.9667366747556951,
      "fpr_at_target_tpr": {
        "threshold": 0.0027800642419606447,
        "tp": 335,
        "fp": 13,
        "tn": 737,
        "fn": 17,
        "tpr": 0.9517045454545454,
        "fpr": 0.017333333333333333,
        "by_negative_group": {
          "negative_in_domain": {
            "negative_images": 439,
            "false_positive_images": 10,
            "fpr": 0.022779043280182234
          },
          "negative_out_domain": {
            "negative_images": 311,
            "false_positive_images": 3,
            "fpr": 0.00964630225080386
          }
        },
        "target_tpr": 0.95
      },
      "recall_at_fpr": {
        "0.01": {
          "max_fpr": 0.01,
          "threshold": 0.04112093150615692,
          "recall": 0.9289772727272727,
          "fpr": 0.009333333333333334,
          "tp": 327,
          "fp": 7,
          "tn": 743,
          "fn": 25
        },
        "0.05": {
          "max_fpr": 0.05,
          "threshold": 0.0010515748290345073,
          "recall": 0.9630681818181818,
          "fpr": 0.021333333333333333,
          "tp": 339,
          "fp": 16,
          "tn": 734,
          "fn": 13
        }
      },
      "fixed_threshold": {
        "threshold": 0.25,
        "tp": 319,
        "fp": 4,
        "tn": 746,
        "fn": 33,
        "tpr": 0.90625,
        "fpr": 0.005333333333333333,
        "by_negative_group": {
          "negative_in_domain": {
            "negative_images": 439,
            "false_positive_images": 4,
            "fpr": 0.009111617312072893
          },
          "negative_out_domain": {
            "negative_images": 311,
            "false_positive_images": 0,
            "fpr": 0.0
          }
        }
      }
    }
  },
  "test": {
    "mAP": 0.7306492710682713,
    "mAP50": 0.9409906229746795,
    "mAP75": 0.8214549768097833,
    "mAP_small": 0.0,
    "mAP_medium": 0.5361271551117938,
    "mAP_large": 0.7510317567510816,
    "AR1": 0.7078085642317381,
    "AR10": 0.7841309823677582,
    "AR100": 0.7841309823677582,
    "AR_small": 0.0,
    "AR_medium": 0.5823529411764705,
    "AR_large": 0.8052486187845304,
    "mAP_tiny_rel": 0.28155940594059403,
    "mAP50_tiny_rel": 0.4983498349834984,
    "mAP75_tiny_rel": 0.32673267326732675,
    "AR100_tiny_rel": 0.32666666666666666,
    "mAP_small_rel": 0.5417432565024346,
    "mAP50_small_rel": 0.824206430220617,
    "mAP75_small_rel": 0.6381437250586344,
    "AR100_small_rel": 0.6057142857142856,
    "mAP_medium_rel": 0.6593469073446333,
    "mAP50_medium_rel": 0.8626503538108234,
    "mAP75_medium_rel": 0.7558367317475436,
    "AR100_medium_rel": 0.7364485981308411,
    "mAP_large_rel": 0.81585088345685,
    "mAP50_large_rel": 0.9518224179469253,
    "mAP75_large_rel": 0.9127912394501504,
    "AR100_large_rel": 0.8653658536585365,
    "mAP_tiny": 0.28155940594059403,
    "image_AUROC": 0.98202849002849,
    "image_AP": 0.9751680294553889,
    "FPR@95TPR": 0.0026666666666666666,
    "threshold@95TPR": 0.011994283646345139,
    "TPR@95TPR": 0.9515669515669516,
    "Recall@FPR=1%": 0.9601139601139601,
    "Recall@FPR=5%": 0.9658119658119658,
    "in_domain_FPR@95TPR": 0.004555808656036446,
    "out_domain_FPR@95TPR": 0.0,
    "in_domain_FPR@fixed": 0.002277904328018223,
    "out_domain_FPR@fixed": 0.0,
    "split": "test",
    "images": 1101,
    "ground_truth_objects": 397,
    "input_predictions": 544,