{
  "mAP": 0.6236935033102879,
  "mAP50": 0.9270864921562644,
  "mAP75": 0.7057706899620976,
  "mAP_small": null,
  "mAP_medium": 0.38810110408697945,
  "mAP_large": 0.6450804817177951,
  "AR1": 0.6139303482587065,
  "AR10": 0.6965174129353233,
  "AR100": 0.6980099502487562,
  "AR_small": null,
  "AR_medium": 0.5472222222222222,
  "AR_large": 0.7128415300546448,
  "mAP_tiny_rel": 0.26002358408408366,
  "mAP50_tiny_rel": 0.5489970776534916,
  "mAP75_tiny_rel": 0.23061976583053842,
  "AR100_tiny_rel": 0.4235294117647059,
  "mAP_small_rel": 0.38369229409839145,
  "mAP50_small_rel": 0.6872950375451546,
  "mAP75_small_rel": 0.37316277471522064,
  "AR100_small_rel": 0.5311688311688312,
  "mAP_medium_rel": 0.5193137050422395,
  "mAP50_medium_rel": 0.7737460849389233,
  "mAP75_medium_rel": 0.616481983149522,
  "AR100_medium_rel": 0.6515151515151515,
  "mAP_large_rel": 0.6714532836900243,
  "mAP50_large_rel": 0.9322349233497818,
  "mAP75_large_rel": 0.7757111338367686,
  "AR100_large_rel": 0.7416267942583732,
  "mAP_tiny": 0.26002358408408366,
  "image_AUROC": 0.9888522727272727,
  "image_AP": 0.9722134572958054,
  "FPR@95TPR": 0.04533333333333334,
  "threshold@95TPR": 0.5602930784225464,
  "TPR@95TPR": 0.9517045454545454,
  "Recall@FPR=1%": 0.8778409090909091,
  "Recall@FPR=5%": 0.9630681818181818,
  "in_domain_FPR@95TPR": 0.06605922551252848,
  "out_domain_FPR@95TPR": 0.01607717041800643,
  "in_domain_FPR@fixed": 0.11845102505694761,
  "out_domain_FPR@fixed": 0.04823151125401929,
  "split": "val",
  "images": 1102,
  "ground_truth_objects": 402,
  "input_predictions": 8528,
  "detections": 8528,
  "invalid_predictions_dropped": 0,
  "fppi_threshold": 0.25,
  "false_positives_on_negatives": {
    "total_negative_images": 750,
    "total_false_positives": 85,
    "fppi": 0.11333333333333333,
    "by_group": {
      "negative_in_domain": {
        "negative_images": 439,
        "false_positives": 66,
        "fppi": 0.15034168564920272
      },
      "negative_out_domain": {
        "negative_images": 311,
        "false_positives": 19,
        "fppi": 0.06109324758842444
      }
    }
  },
  "predictions_above_fppi_threshold_by_group": {
    "negative_in_domain": 66,
    "negative_out_domain": 19,
    "positive": 487
  },
  "relative_scale_metrics": {
    "tiny": {
      "mAP": 0.26002358408408366,
      "mAP50": 0.5489970776534916,
      "mAP75": 0.23061976583053842,
      "mAP_small": null,
      "mAP_medium": 0.27742990321803496,
      "mAP_large": 0.0049180327868852455,
      "AR1": 0.3117647058823529,
      "AR10": 0.4235294117647059,
      "AR100": 0.4235294117647059,
      "AR_small": null,
      "AR_medium": 0.43125,
      "AR_large": 0.3,
      "objects": 17,
      "positive_images": 14,
      "detections": 2203
    },
    "small": {
      "mAP": 0.38369229409839145,
      "mAP50": 0.6872950375451546,
      "mAP75": 0.37316277471522064,
      "mAP_small": null,
      "mAP_medium": 0.32023977658270947,
      "mAP_large": 0.4193151852991564,
      "AR1": 0.3168831168831169,
      "AR10": 0.5311688311688312,
      "AR100": 0.5311688311688312,
      "AR_small": null,
      "AR_medium": 0.48,
      "AR_large": 0.5491228070175438,
      "objects": 77,
      "positive_images": 51,
      "detections": 3215
    },
    "medium": {
      "mAP": 0.5193137050422395,
      "mAP50": 0.7737460849389233,
      "mAP75": 0.616481983149522,
      "mAP_small": null,
      "mAP_medium": null,
      "mAP_large": 0.5202100322380658,
      "AR1": 0.5989898989898989,
      "AR10": 0.6515151515151515,
      "AR100": 0.6515151515151515,
      "AR_small": null,
      "AR_medium": null,
      "AR_large": 0.6515151515151515,
      "objects": 99,
      "positive_images": 94,
      "detections": 2229
    },
    "large": {
      "mAP": 0.6714532836900243,
      "mAP50": 0.9322349233497818,
      "mAP75": 0.7757111338367686,
      "mAP_small": null,
      "mAP_medium": null,
      "mAP_large": 0.6714544125203438,
      "AR1": 0.7330143540669856,
      "AR10": 0.7416267942583732,
      "AR100": 0.7416267942583732,
      "AR_small": null,
      "AR_medium": null,
      "AR_large": 0.7416267942583732,
      "objects": 209,
      "positive_images": 207,
      "detections": 881
    }
  },
  "image_level": {
    "positive_images": 352,
    "negative_images": 750,
    "auroc": 0.9888522727272727,
    "average_precision": 0.9722134572958054,
    "fpr_at_target_tpr": {
      "threshold": 0.5602930784225464,
      "tp": 335,
      "fp": 34,
      "tn": 716,
      "fn": 17,
      "tpr": 0.9517045454545454,
      "fpr": 0.04533333333333334,
      "by_negative_group": {
        "negative_in_domain": {
          "negative_images": 439,
          "false_positive_images": 29,
          "fpr": 0.06605922551252848
        },
        "negative_out_domain": {
          "negative_images": 311,
          "false_positive_images": 5,
          "fpr": 0.01607717041800643
        }
      },
      "target_tpr": 0.95
    },
    "recall_at_fpr": {
      "0.01": {
        "max_fpr": 0.01,
        "threshold": 0.9418151378631592,
        "recall": 0.8778409090909091,
        "fpr": 0.009333333333333334,
        "tp": 309,
        "fp": 7,
        "tn": 743,
        "fn": 43
      },
      "0.05": {
        "max_fpr": 0.05,
        "threshold": 0.5185022354125977,
        "recall": 0.9630681818181818,
        "fpr": 0.04933333333333333,
        "tp": 339,
        "fp": 37,
        "tn": 713,
        "fn": 13
      }
    },
    "fixed_threshold": {
      "threshold": 0.25,
      "tp": 344,
      "fp": 67,
      "tn": 683,
      "fn": 8,
      "tpr": 0.9772727272727273,
      "fpr": 0.08933333333333333,
      "by_negative_group": {
        "negative_in_domain": {
          "negative_images": 439,
          "false_positive_images": 52,
          "fpr": 0.11845102505694761
        },
        "negative_out_domain": {
          "negative_images": 311,
          "false_positive_images": 15,
          "fpr": 0.04823151125401929
        }
      }
    }
  }
}
