{
  "mAP": 0.5573280971441794,
  "mAP50": 0.9391470597617309,
  "mAP75": 0.6275706846626409,
  "mAP_small": null,
  "mAP_medium": 0.4464106683930024,
  "mAP_large": 0.568534802000367,
  "AR1": 0.5659203980099503,
  "AR10": 0.6527363184079602,
  "AR100": 0.6567164179104478,
  "AR_small": null,
  "AR_medium": 0.5777777777777777,
  "AR_large": 0.6644808743169398,
  "mAP_tiny_rel": 0.30456093430523185,
  "mAP50_tiny_rel": 0.6122166538907956,
  "mAP75_tiny_rel": 0.23248804472283968,
  "AR100_tiny_rel": 0.5647058823529412,
  "mAP_small_rel": 0.44638546773674775,
  "mAP50_small_rel": 0.7606831178815274,
  "mAP75_small_rel": 0.5168085723826313,
  "AR100_small_rel": 0.5649350649350648,
  "mAP_medium_rel": 0.4218790249779565,
  "mAP50_medium_rel": 0.711871979479887,
  "mAP75_medium_rel": 0.48772706567621094,
  "AR100_medium_rel": 0.6161616161616162,
  "mAP_large_rel": 0.5545084227776796,
  "mAP50_large_rel": 0.8822978478076816,
  "mAP75_large_rel": 0.6368911277217086,
  "AR100_large_rel": 0.6449760765550239,
  "mAP_tiny": 0.30456093430523185,
  "image_AUROC": 0.9905378787878788,
  "image_AP": 0.9832557375403356,
  "FPR@95TPR": 0.03333333333333333,
  "threshold@95TPR": 0.7842057943344116,
  "TPR@95TPR": 0.9517045454545454,
  "Recall@FPR=1%": 0.8409090909090909,
  "Recall@FPR=5%": 0.9744318181818182,
  "in_domain_FPR@95TPR": 0.05466970387243736,
  "out_domain_FPR@95TPR": 0.003215434083601286,
  "in_domain_FPR@fixed": 0.20045558086560364,
  "out_domain_FPR@fixed": 0.06430868167202572,
  "split": "val",
  "images": 1102,
  "ground_truth_objects": 402,
  "input_predictions": 19371,
  "detections": 19371,
  "invalid_predictions_dropped": 0,
  "fppi_threshold": 0.25,
  "false_positives_on_negatives": {
    "total_negative_images": 750,
    "total_false_positives": 163,
    "fppi": 0.21733333333333332,
    "by_group": {
      "negative_in_domain": {
        "negative_images": 439,
        "false_positives": 122,
        "fppi": 0.27790432801822323
      },
      "negative_out_domain": {
        "negative_images": 311,
        "false_positives": 41,
        "fppi": 0.13183279742765272
      }
    }
  },
  "predictions_above_fppi_threshold_by_group": {
    "negative_in_domain": 122,
    "negative_out_domain": 41,
    "positive": 684
  },
  "relative_scale_metrics": {
    "tiny": {
      "mAP": 0.30456093430523185,
      "mAP50": 0.6122166538907956,
      "mAP75": 0.23248804472283968,
      "mAP_small": null,
      "mAP_medium": 0.36554913666711286,
      "mAP_large": 0.3166666666666666,
      "AR1": 0.3764705882352941,
      "AR10": 0.5411764705882353,
      "AR100": 0.5647058823529412,
      "AR_small": null,
      "AR_medium": 0.55,
      "AR_large": 0.8,
      "objects": 17,
      "positive_images": 14,
      "detections": 6263
    },
    "small": {
      "mAP": 0.44638546773674775,
      "mAP50": 0.7606831178815274,
      "mAP75": 0.5168085723826313,
      "mAP_small": null,
      "mAP_medium": 0.40292524841538924,
      "mAP_large": 0.46407087197978186,
      "AR1": 0.3727272727272727,
      "AR10": 0.5636363636363636,
      "AR100": 0.5649350649350648,
      "AR_small": null,
      "AR_medium": 0.52,
      "AR_large": 0.5807017543859649,
      "objects": 77,
      "positive_images": 51,
      "detections": 6187
    },
    "medium": {
      "mAP": 0.4218790249779565,
      "mAP50": 0.711871979479887,
      "mAP75": 0.48772706567621094,
      "mAP_small": null,
      "mAP_medium": null,
      "mAP_large": 0.42212460734460383,
      "AR1": 0.5565656565656566,
      "AR10": 0.6151515151515152,
      "AR100": 0.6161616161616162,
      "AR_small": null,
      "AR_medium": null,
      "AR_large": 0.6161616161616162,
      "objects": 99,
      "positive_images": 94,
      "detections": 5447
    },
    "large": {
      "mAP": 0.5545084227776796,
      "mAP50": 0.8822978478076816,
      "mAP75": 0.6368911277217086,
      "mAP_small": null,
      "mAP_medium": null,
      "mAP_large": 0.5545087058148367,
      "AR1": 0.6306220095693781,
      "AR10": 0.6449760765550239,
      "AR100": 0.6449760765550239,
      "AR_small": null,
      "AR_medium": null,
      "AR_large": 0.6449760765550239,
      "objects": 209,
      "positive_images": 207,
      "detections": 1474
    }
  },
  "image_level": {
    "positive_images": 352,
    "negative_images": 750,
    "auroc": 0.9905378787878788,
    "average_precision": 0.9832557375403356,
    "fpr_at_target_tpr": {
      "threshold": 0.7842057943344116,
      "tp": 335,
      "fp": 25,
      "tn": 725,
      "fn": 17,
      "tpr": 0.9517045454545454,
      "fpr": 0.03333333333333333,
      "by_negative_group": {
        "negative_in_domain": {
          "negative_images": 439,
          "false_positive_images": 24,
          "fpr": 0.05466970387243736
        },
        "negative_out_domain": {
          "negative_images": 311,
          "false_positive_images": 1,
          "fpr": 0.003215434083601286
        }
      },
      "target_tpr": 0.95
    },
    "recall_at_fpr": {
      "0.01": {
        "max_fpr": 0.01,
        "threshold": 0.9450598955154419,
        "recall": 0.8409090909090909,
        "fpr": 0.009333333333333334,
        "tp": 296,
        "fp": 7,
        "tn": 743,
        "fn": 56
      },
      "0.05": {
        "max_fpr": 0.05,
        "threshold": 0.6782544255256653,
        "recall": 0.9744318181818182,
        "fpr": 0.04533333333333334,
        "tp": 343,
        "fp": 34,
        "tn": 716,
        "fn": 9
      }
    },
    "fixed_threshold": {
      "threshold": 0.25,
      "tp": 347,
      "fp": 108,
      "tn": 642,
      "fn": 5,
      "tpr": 0.9857954545454546,
      "fpr": 0.144,
      "by_negative_group": {
        "negative_in_domain": {
          "negative_images": 439,
          "false_positive_images": 88,
          "fpr": 0.20045558086560364
        },
        "negative_out_domain": {
          "negative_images": 311,
          "false_positive_images": 20,
          "fpr": 0.06430868167202572
        }
      }
    }
  }
}
