{
  "mAP": 0.5954595958029424,
  "mAP50": 0.9294094241788057,
  "mAP75": 0.6729425069210663,
  "mAP_small": null,
  "mAP_medium": 0.2584895919553313,
  "mAP_large": 0.6198984773467389,
  "AR1": 0.5910447761194029,
  "AR10": 0.6748756218905473,
  "AR100": 0.6753731343283582,
  "AR_small": null,
  "AR_medium": 0.48888888888888893,
  "AR_large": 0.6937158469945356,
  "mAP_tiny_rel": 0.291647505633897,
  "mAP50_tiny_rel": 0.6865332395720798,
  "mAP75_tiny_rel": 0.16927832430112993,
  "AR100_tiny_rel": 0.40588235294117647,
  "mAP_small_rel": 0.3787357661696783,
  "mAP50_small_rel": 0.7118155973009802,
  "mAP75_small_rel": 0.3584416345720125,
  "AR100_small_rel": 0.5207792207792209,
  "mAP_medium_rel": 0.4779277237125048,
  "mAP50_medium_rel": 0.7595147096691213,
  "mAP75_medium_rel": 0.5161576141721794,
  "AR100_medium_rel": 0.6131313131313131,
  "mAP_large_rel": 0.6472938901428875,
  "mAP50_large_rel": 0.9330259105097237,
  "mAP75_large_rel": 0.7824160409411687,
  "AR100_large_rel": 0.7311004784688995,
  "mAP_tiny": 0.291647505633897,
  "image_AUROC": 0.9883901515151515,
  "image_AP": 0.9745196856159958,
  "FPR@95TPR": 0.044,
  "threshold@95TPR": 0.45651939511299133,
  "TPR@95TPR": 0.9517045454545454,
  "Recall@FPR=1%": 0.8210227272727273,
  "Recall@FPR=5%": 0.9545454545454546,
  "in_domain_FPR@95TPR": 0.07289293849658314,
  "out_domain_FPR@95TPR": 0.003215434083601286,
  "in_domain_FPR@fixed": 0.11389521640091116,
  "out_domain_FPR@fixed": 0.01607717041800643,
  "split": "val",
  "images": 1102,
  "ground_truth_objects": 402,
  "input_predictions": 9322,
  "detections": 9322,
  "invalid_predictions_dropped": 0,
  "fppi_threshold": 0.25,
  "false_positives_on_negatives": {
    "total_negative_images": 750,
    "total_false_positives": 69,
    "fppi": 0.092,
    "by_group": {
      "negative_in_domain": {
        "negative_images": 439,
        "false_positives": 60,
        "fppi": 0.1366742596810934
      },
      "negative_out_domain": {
        "negative_images": 311,
        "false_positives": 9,
        "fppi": 0.028938906752411574
      }
    }
  },
  "predictions_above_fppi_threshold_by_group": {
    "negative_in_domain": 60,
    "negative_out_domain": 9,
    "positive": 475
  },
  "relative_scale_metrics": {
    "tiny": {
      "mAP": 0.291647505633897,
      "mAP50": 0.6865332395720798,
      "mAP75": 0.16927832430112993,
      "mAP_small": null,
      "mAP_medium": 0.2653950004807621,
      "mAP_large": 0.6999999999999998,
      "AR1": 0.2588235294117647,
      "AR10": 0.4,
      "AR100": 0.40588235294117647,
      "AR_small": null,
      "AR_medium": 0.3875,
      "AR_large": 0.7,
      "objects": 17,
      "positive_images": 14,
      "detections": 2381
    },
    "small": {
      "mAP": 0.3787357661696783,
      "mAP50": 0.7118155973009802,
      "mAP75": 0.3584416345720125,
      "mAP_small": null,
      "mAP_medium": 0.19848701778006453,
      "mAP_large": 0.4478838415259834,
      "AR1": 0.3363636363636363,
      "AR10": 0.5207792207792209,
      "AR100": 0.5207792207792209,
      "AR_small": null,
      "AR_medium": 0.41,
      "AR_large": 0.5596491228070175,
      "objects": 77,
      "positive_images": 51,
      "detections": 3319
    },
    "medium": {
      "mAP": 0.4779277237125048,
      "mAP50": 0.7595147096691213,
      "mAP75": 0.5161576141721794,
      "mAP_small": null,
      "mAP_medium": null,
      "mAP_large": 0.4783876675482038,
      "AR1": 0.5535353535353535,
      "AR10": 0.6131313131313131,
      "AR100": 0.6131313131313131,
      "AR_small": null,
      "AR_medium": null,
      "AR_large": 0.6131313131313131,
      "objects": 99,
      "positive_images": 94,
      "detections": 2363
    },
    "large": {
      "mAP": 0.6472938901428875,
      "mAP50": 0.9330259105097237,
      "mAP75": 0.7824160409411687,
      "mAP_small": null,
      "mAP_medium": null,
      "mAP_large": 0.6472938901428875,
      "AR1": 0.723444976076555,
      "AR10": 0.7311004784688995,
      "AR100": 0.7311004784688995,
      "AR_small": null,
      "AR_medium": null,
      "AR_large": 0.7311004784688995,
      "objects": 209,
      "positive_images": 207,
      "detections": 1259
    }
  },
  "image_level": {
    "positive_images": 352,
    "negative_images": 750,
    "auroc": 0.9883901515151515,
    "average_precision": 0.9745196856159958,
    "fpr_at_target_tpr": {
      "threshold": 0.45651939511299133,
      "tp": 335,
      "fp": 33,
      "tn": 717,
      "fn": 17,
      "tpr": 0.9517045454545454,
      "fpr": 0.044,
      "by_negative_group": {
        "negative_in_domain": {
          "negative_images": 439,
          "false_positive_images": 32,
          "fpr": 0.07289293849658314
        },
        "negative_out_domain": {
          "negative_images": 311,
          "false_positive_images": 1,
          "fpr": 0.003215434083601286
        }
      },
      "target_tpr": 0.95
    },
    "recall_at_fpr": {
      "0.01": {
        "max_fpr": 0.01,
        "threshold": 0.9433709979057312,
        "recall": 0.8210227272727273,
        "fpr": 0.009333333333333334,
        "tp": 289,
        "fp": 7,
        "tn": 743,
        "fn": 63
      },
      "0.05": {
        "max_fpr": 0.05,
        "threshold": 0.4554007351398468,
        "recall": 0.9545454545454546,
        "fpr": 0.044,
        "tp": 336,
        "fp": 33,
        "tn": 717,
        "fn": 16
      }
    },
    "fixed_threshold": {
      "threshold": 0.25,
      "tp": 339,
      "fp": 55,
      "tn": 695,
      "fn": 13,
      "tpr": 0.9630681818181818,
      "fpr": 0.07333333333333333,
      "by_negative_group": {
        "negative_in_domain": {
          "negative_images": 439,
          "false_positive_images": 50,
          "fpr": 0.11389521640091116
        },
        "negative_out_domain": {
          "negative_images": 311,
          "false_positive_images": 5,
          "fpr": 0.01607717041800643
        }
      }
    }
  }
}
