{
  "mAP": 0.6613820802813939,
  "mAP50": 0.9594719581572905,
  "mAP75": 0.7774300089163462,
  "mAP_small": null,
  "mAP_medium": 0.4972640064891172,
  "mAP_large": 0.6754543621243339,
  "AR1": 0.6360696517412934,
  "AR10": 0.7278606965174129,
  "AR100": 0.7286069651741294,
  "AR_small": null,
  "AR_medium": 0.6083333333333333,
  "AR_large": 0.7404371584699454,
  "mAP_tiny_rel": 0.4605391705066217,
  "mAP50_tiny_rel": 0.8169104319525112,
  "mAP75_tiny_rel": 0.47670213449916415,
  "AR100_tiny_rel": 0.5941176470588234,
  "mAP_small_rel": 0.4542082099786755,
  "mAP50_small_rel": 0.7525871431774951,
  "mAP75_small_rel": 0.5284539596935586,
  "AR100_small_rel": 0.5532467532467533,
  "mAP_medium_rel": 0.5908452381794621,
  "mAP50_medium_rel": 0.8639184131390143,
  "mAP75_medium_rel": 0.6656805500268711,
  "AR100_medium_rel": 0.6848484848484848,
  "mAP_large_rel": 0.7090368695146503,
  "mAP50_large_rel": 0.953001492592905,
  "mAP75_large_rel": 0.8601068021861586,
  "AR100_large_rel": 0.771291866028708,
  "mAP_tiny": 0.4605391705066217,
  "image_AUROC": 0.9939015151515151,
  "image_AP": 0.9880800178334793,
  "FPR@95TPR": 0.021333333333333333,
  "threshold@95TPR": 0.854628324508667,
  "TPR@95TPR": 0.9517045454545454,
  "Recall@FPR=1%": 0.9176136363636364,
  "Recall@FPR=5%": 0.9772727272727273,
  "in_domain_FPR@95TPR": 0.03416856492027335,
  "out_domain_FPR@95TPR": 0.003215434083601286,
  "in_domain_FPR@fixed": 0.09567198177676538,
  "out_domain_FPR@fixed": 0.03215434083601286,
  "split": "val",
  "images": 1102,
  "ground_truth_objects": 402,
  "input_predictions": 4067,
  "detections": 4067,
  "invalid_predictions_dropped": 0,
  "fppi_threshold": 0.25,
  "false_positives_on_negatives": {
    "total_negative_images": 750,
    "total_false_positives": 61,
    "fppi": 0.08133333333333333,
    "by_group": {
      "negative_in_domain": {
        "negative_images": 439,
        "false_positives": 48,
        "fppi": 0.10933940774487472
      },
      "negative_out_domain": {
        "negative_images": 311,
        "false_positives": 13,
        "fppi": 0.04180064308681672
      }
    }
  },
  "predictions_above_fppi_threshold_by_group": {
    "negative_in_domain": 48,
    "negative_out_domain": 13,
    "positive": 485
  },
  "relative_scale_metrics": {
    "tiny": {
      "mAP": 0.4605391705066217,
      "mAP50": 0.8169104319525112,
      "mAP75": 0.47670213449916415,
      "mAP_small": null,
      "mAP_medium": 0.4413501380367061,
      "mAP_large": 0.7999999999999999,
      "AR1": 0.49411764705882355,
      "AR10": 0.5941176470588234,
      "AR100": 0.5941176470588234,
      "AR_small": null,
      "AR_medium": 0.58125,
      "AR_large": 0.8,
      "objects": 17,
      "positive_images": 14,
      "detections": 646
    },
    "small": {
      "mAP": 0.4542082099786755,
      "mAP50": 0.7525871431774951,
      "mAP75": 0.5284539596935586,
      "mAP_small": null,
      "mAP_medium": 0.32115636959385,
      "mAP_large": 0.5058573244511668,
      "AR1": 0.3454545454545454,
      "AR10": 0.5532467532467533,
      "AR100": 0.5532467532467533,
      "AR_small": null,
      "AR_medium": 0.40499999999999997,
      "AR_large": 0.6052631578947368,
      "objects": 77,
      "positive_images": 51,
      "detections": 920
    },
    "medium": {
      "mAP": 0.5908452381794621,
      "mAP50": 0.8639184131390143,
      "mAP75": 0.6656805500268711,
      "mAP_small": null,
      "mAP_medium": null,
      "mAP_large": 0.591086504066258,
      "AR1": 0.6272727272727272,
      "AR10": 0.6848484848484848,
      "AR100": 0.6848484848484848,
      "AR_small": null,
      "AR_medium": null,
      "AR_large": 0.6848484848484848,
      "objects": 99,
      "positive_images": 94,
      "detections": 1518
    },
    "large": {
      "mAP": 0.7090368695146503,
      "mAP50": 0.953001492592905,
      "mAP75": 0.8601068021861586,
      "mAP_small": null,
      "mAP_medium": null,
      "mAP_large": 0.7090368695146503,
      "AR1": 0.7583732057416268,
      "AR10": 0.771291866028708,
      "AR100": 0.771291866028708,
      "AR_small": null,
      "AR_medium": null,
      "AR_large": 0.771291866028708,
      "objects": 209,
      "positive_images": 207,
      "detections": 983
    }
  },
  "image_level": {
    "positive_images": 352,
    "negative_images": 750,
    "auroc": 0.9939015151515151,
    "average_precision": 0.9880800178334793,
    "fpr_at_target_tpr": {
      "threshold": 0.854628324508667,
      "tp": 335,
      "fp": 16,
      "tn": 734,
      "fn": 17,
      "tpr": 0.9517045454545454,
      "fpr": 0.021333333333333333,
      "by_negative_group": {
        "negative_in_domain": {
          "negative_images": 439,
          "false_positive_images": 15,
          "fpr": 0.03416856492027335
        },
        "negative_out_domain": {
          "negative_images": 311,
          "false_positive_images": 1,
          "fpr": 0.003215434083601286
        }
      },
      "target_tpr": 0.95
    },
    "recall_at_fpr": {
      "0.01": {
        "max_fpr": 0.01,
        "threshold": 0.9569370746612549,
        "recall": 0.9176136363636364,
        "fpr": 0.009333333333333334,
        "tp": 323,
        "fp": 7,
        "tn": 743,
        "fn": 29
      },
      "0.05": {
        "max_fpr": 0.05,
        "threshold": 0.4500931203365326,
        "recall": 0.9772727272727273,
        "fpr": 0.04533333333333334,
        "tp": 344,
        "fp": 34,
        "tn": 716,
        "fn": 8
      }
    },
    "fixed_threshold": {
      "threshold": 0.25,
      "tp": 346,
      "fp": 52,
      "tn": 698,
      "fn": 6,
      "tpr": 0.9829545454545454,
      "fpr": 0.06933333333333333,
      "by_negative_group": {
        "negative_in_domain": {
          "negative_images": 439,
          "false_positive_images": 42,
          "fpr": 0.09567198177676538
        },
        "negative_out_domain": {
          "negative_images": 311,
          "false_positive_images": 10,
          "fpr": 0.03215434083601286
        }
      }
    }
  }
}
