{
  "mAP": 0.6002649210034081,
  "mAP50": 0.9378630816643401,
  "mAP75": 0.6613390433480768,
  "mAP_small": null,
  "mAP_medium": 0.46653440154056147,
  "mAP_large": 0.6118614979619191,
  "AR1": 0.590547263681592,
  "AR10": 0.6736318407960198,
  "AR100": 0.6756218905472636,
  "AR_small": null,
  "AR_medium": 0.5888888888888889,
  "AR_large": 0.6841530054644809,
  "mAP_tiny_rel": 0.27187498991261627,
  "mAP50_tiny_rel": 0.6018823989152041,
  "mAP75_tiny_rel": 0.2598146442551232,
  "AR100_tiny_rel": 0.47058823529411764,
  "mAP_small_rel": 0.4548658965283088,
  "mAP50_small_rel": 0.7780096461404975,
  "mAP75_small_rel": 0.4536602415850944,
  "AR100_small_rel": 0.5558441558441558,
  "mAP_medium_rel": 0.4979857630101427,
  "mAP50_medium_rel": 0.8035784971987667,
  "mAP75_medium_rel": 0.5557536106435343,
  "AR100_medium_rel": 0.6070707070707071,
  "mAP_large_rel": 0.6343445466439599,
  "mAP50_large_rel": 0.9288608073790008,
  "mAP75_large_rel": 0.7438980729340116,
  "AR100_large_rel": 0.7167464114832536,
  "mAP_tiny": 0.27187498991261627,
  "image_AUROC": 0.9923143939393939,
  "image_AP": 0.9833004040302245,
  "FPR@95TPR": 0.030666666666666665,
  "threshold@95TPR": 0.744035005569458,
  "TPR@95TPR": 0.9517045454545454,
  "Recall@FPR=1%": 0.9090909090909091,
  "Recall@FPR=5%": 0.9744318181818182,
  "in_domain_FPR@95TPR": 0.04555808656036447,
  "out_domain_FPR@95TPR": 0.00964630225080386,
  "in_domain_FPR@fixed": 0.11617312072892938,
  "out_domain_FPR@fixed": 0.02572347266881029,
  "split": "val",
  "images": 1102,
  "ground_truth_objects": 402,
  "input_predictions": 12051,
  "detections": 12051,
  "invalid_predictions_dropped": 0,
  "fppi_threshold": 0.25,
  "false_positives_on_negatives": {
    "total_negative_images": 750,
    "total_false_positives": 81,
    "fppi": 0.108,
    "by_group": {
      "negative_in_domain": {
        "negative_images": 439,
        "false_positives": 69,
        "fppi": 0.1571753986332574
      },
      "negative_out_domain": {
        "negative_images": 311,
        "false_positives": 12,
        "fppi": 0.03858520900321544
      }
    }
  },
  "predictions_above_fppi_threshold_by_group": {
    "negative_in_domain": 69,
    "negative_out_domain": 12,
    "positive": 644
  },
  "relative_scale_metrics": {
    "tiny": {
      "mAP": 0.27187498991261627,
      "mAP50": 0.6018823989152041,
      "mAP75": 0.2598146442551232,
      "mAP_small": null,
      "mAP_medium": 0.30995675293242536,
      "mAP_large": 0.1,
      "AR1": 0.3588235294117647,
      "AR10": 0.47058823529411764,
      "AR100": 0.47058823529411764,
      "AR_small": null,
      "AR_medium": 0.4875,
      "AR_large": 0.2,
      "objects": 17,
      "positive_images": 14,
      "detections": 3149
    },
    "small": {
      "mAP": 0.4548658965283088,
      "mAP50": 0.7780096461404975,
      "mAP75": 0.4536602415850944,
      "mAP_small": null,
      "mAP_medium": 0.4590372714540889,
      "mAP_large": 0.4557722959883143,
      "AR1": 0.38441558441558443,
      "AR10": 0.5493506493506494,
      "AR100": 0.5558441558441558,
      "AR_small": null,
      "AR_medium": 0.5599999999999999,
      "AR_large": 0.5543859649122806,
      "objects": 77,
      "positive_images": 51,
      "detections": 3665
    },
    "medium": {
      "mAP": 0.4979857630101427,
      "mAP50": 0.8035784971987667,
      "mAP75": 0.5557536106435343,
      "mAP_small": null,
      "mAP_medium": null,
      "mAP_large": 0.4982827158839123,
      "AR1": 0.5474747474747474,
      "AR10": 0.6070707070707071,
      "AR100": 0.6070707070707071,
      "AR_small": null,
      "AR_medium": null,
      "AR_large": 0.6070707070707071,
      "objects": 99,
      "positive_images": 94,
      "detections": 3959
    },
    "large": {
      "mAP": 0.6343445466439599,
      "mAP50": 0.9288608073790008,
      "mAP75": 0.7438980729340116,
      "mAP_small": null,
      "mAP_medium": null,
      "mAP_large": 0.6343445466439599,
      "AR1": 0.7033492822966507,
      "AR10": 0.7167464114832536,
      "AR100": 0.7167464114832536,
      "AR_small": null,
      "AR_medium": null,
      "AR_large": 0.7167464114832536,
      "objects": 209,
      "positive_images": 207,
      "detections": 1278
    }
  },
  "image_level": {
    "positive_images": 352,
    "negative_images": 750,
    "auroc": 0.9923143939393939,
    "average_precision": 0.9833004040302245,
    "fpr_at_target_tpr": {
      "threshold": 0.744035005569458,
      "tp": 335,
      "fp": 23,
      "tn": 727,
      "fn": 17,
      "tpr": 0.9517045454545454,
      "fpr": 0.030666666666666665,
      "by_negative_group": {
        "negative_in_domain": {
          "negative_images": 439,
          "false_positive_images": 20,
          "fpr": 0.04555808656036447
        },
        "negative_out_domain": {
          "negative_images": 311,
          "false_positive_images": 3,
          "fpr": 0.00964630225080386
        }
      },
      "target_tpr": 0.95
    },
    "recall_at_fpr": {
      "0.01": {
        "max_fpr": 0.01,
        "threshold": 0.9274561405181885,
        "recall": 0.9090909090909091,
        "fpr": 0.009333333333333334,
        "tp": 320,
        "fp": 7,
        "tn": 743,
        "fn": 32
      },
      "0.05": {
        "max_fpr": 0.05,
        "threshold": 0.5119255185127258,
        "recall": 0.9744318181818182,
        "fpr": 0.04933333333333333,
        "tp": 343,
        "fp": 37,
        "tn": 713,
        "fn": 9
      }
    },
    "fixed_threshold": {
      "threshold": 0.25,
      "tp": 345,
      "fp": 59,
      "tn": 691,
      "fn": 7,
      "tpr": 0.9801136363636364,
      "fpr": 0.07866666666666666,
      "by_negative_group": {
        "negative_in_domain": {
          "negative_images": 439,
          "false_positive_images": 51,
          "fpr": 0.11617312072892938
        },
        "negative_out_domain": {
          "negative_images": 311,
          "false_positive_images": 8,
          "fpr": 0.02572347266881029
        }
      }
    }
  }
}
