{
  "mAP": 0.5901190089807887,
  "mAP50": 0.9099668051145436,
  "mAP75": 0.6568449489985286,
  "mAP_small": null,
  "mAP_medium": 0.19723396576219968,
  "mAP_large": 0.6198795282328537,
  "AR1": 0.5870646766169154,
  "AR10": 0.6689054726368159,
  "AR100": 0.6706467661691542,
  "AR_small": null,
  "AR_medium": 0.43611111111111106,
  "AR_large": 0.6937158469945356,
  "mAP_tiny_rel": 0.0952531225564411,
  "mAP50_tiny_rel": 0.3094144634361544,
  "mAP75_tiny_rel": 0.00862157644335862,
  "AR100_tiny_rel": 0.3588235294117647,
  "mAP_small_rel": 0.34328954967408415,
  "mAP50_small_rel": 0.6114302949881849,
  "mAP75_small_rel": 0.3366393871808248,
  "AR100_small_rel": 0.49350649350649356,
  "mAP_medium_rel": 0.47274723479589187,
  "mAP50_medium_rel": 0.7390080786362696,
  "mAP75_medium_rel": 0.5422518611035494,
  "AR100_medium_rel": 0.594949494949495,
  "mAP_large_rel": 0.6557030523466523,
  "mAP50_large_rel": 0.9288672702489479,
  "mAP75_large_rel": 0.7750074842144503,
  "AR100_large_rel": 0.7330143540669856,
  "mAP_tiny": 0.0952531225564411,
  "image_AUROC": 0.9836439393939393,
  "image_AP": 0.966608168374154,
  "FPR@95TPR": 0.07066666666666667,
  "threshold@95TPR": 0.3493732213973999,
  "TPR@95TPR": 0.9517045454545454,
  "Recall@FPR=1%": 0.8125,
  "Recall@FPR=5%": 0.9403409090909091,
  "in_domain_FPR@95TPR": 0.11161731207289294,
  "out_domain_FPR@95TPR": 0.012861736334405145,
  "in_domain_FPR@fixed": 0.13895216400911162,
  "out_domain_FPR@fixed": 0.01929260450160772,
  "split": "val",
  "images": 1102,
  "ground_truth_objects": 402,
  "input_predictions": 13283,
  "detections": 13283,
  "invalid_predictions_dropped": 0,
  "fppi_threshold": 0.25,
  "false_positives_on_negatives": {
    "total_negative_images": 750,
    "total_false_positives": 85,
    "fppi": 0.11333333333333333,
    "by_group": {
      "negative_in_domain": {
        "negative_images": 439,
        "false_positives": 71,
        "fppi": 0.16173120728929385
      },
      "negative_out_domain": {
        "negative_images": 311,
        "false_positives": 14,
        "fppi": 0.04501607717041801
      }
    }
  },
  "predictions_above_fppi_threshold_by_group": {
    "negative_in_domain": 71,
    "negative_out_domain": 14,
    "positive": 503
  },
  "relative_scale_metrics": {
    "tiny": {
      "mAP": 0.0952531225564411,
      "mAP50": 0.3094144634361544,
      "mAP75": 0.00862157644335862,
      "mAP_small": null,
      "mAP_medium": 0.10957230375614457,
      "mAP_large": 0.06999999999999999,
      "AR1": 0.1647058823529412,
      "AR10": 0.3588235294117647,
      "AR100": 0.3588235294117647,
      "AR_small": null,
      "AR_medium": 0.35625,
      "AR_large": 0.4,
      "objects": 17,
      "positive_images": 14,
      "detections": 4000
    },
    "small": {
      "mAP": 0.34328954967408415,
      "mAP50": 0.6114302949881849,
      "mAP75": 0.3366393871808248,
      "mAP_small": null,
      "mAP_medium": 0.15616053712719735,
      "mAP_large": 0.41547187037160543,
      "AR1": 0.3064935064935065,
      "AR10": 0.4896103896103896,
      "AR100": 0.49350649350649356,
      "AR_small": null,
      "AR_medium": 0.35,
      "AR_large": 0.543859649122807,
      "objects": 77,
      "positive_images": 51,
      "detections": 5749
    },
    "medium": {
      "mAP": 0.47274723479589187,
      "mAP50": 0.7390080786362696,
      "mAP75": 0.5422518611035494,
      "mAP_small": null,
      "mAP_medium": null,
      "mAP_large": 0.4732498999860723,
      "AR1": 0.5282828282828284,
      "AR10": 0.594949494949495,
      "AR100": 0.594949494949495,
      "AR_small": null,
      "AR_medium": null,
      "AR_large": 0.594949494949495,
      "objects": 99,
      "positive_images": 94,
      "detections": 2571
    },
    "large": {
      "mAP": 0.6557030523466523,
      "mAP50": 0.9288672702489479,
      "mAP75": 0.7750074842144503,
      "mAP_small": null,
      "mAP_medium": null,
      "mAP_large": 0.6557030523466523,
      "AR1": 0.7239234449760766,
      "AR10": 0.7330143540669856,
      "AR100": 0.7330143540669856,
      "AR_small": null,
      "AR_medium": null,
      "AR_large": 0.7330143540669856,
      "objects": 209,
      "positive_images": 207,
      "detections": 963
    }
  },
  "image_level": {
    "positive_images": 352,
    "negative_images": 750,
    "auroc": 0.9836439393939393,
    "average_precision": 0.966608168374154,
    "fpr_at_target_tpr": {
      "threshold": 0.3493732213973999,
      "tp": 335,
      "fp": 53,
      "tn": 697,
      "fn": 17,
      "tpr": 0.9517045454545454,
      "fpr": 0.07066666666666667,
      "by_negative_group": {
        "negative_in_domain": {
          "negative_images": 439,
          "false_positive_images": 49,
          "fpr": 0.11161731207289294
        },
        "negative_out_domain": {
          "negative_images": 311,
          "false_positive_images": 4,
          "fpr": 0.012861736334405145
        }
      },
      "target_tpr": 0.95
    },
    "recall_at_fpr": {
      "0.01": {
        "max_fpr": 0.01,
        "threshold": 0.9358333349227905,
        "recall": 0.8125,
        "fpr": 0.009333333333333334,
        "tp": 286,
        "fp": 7,
        "tn": 743,
        "fn": 66
      },
      "0.05": {
        "max_fpr": 0.05,
        "threshold": 0.5483344793319702,
        "recall": 0.9403409090909091,
        "fpr": 0.04666666666666667,
        "tp": 331,
        "fp": 35,
        "tn": 715,
        "fn": 21
      }
    },
    "fixed_threshold": {
      "threshold": 0.25,
      "tp": 339,
      "fp": 67,
      "tn": 683,
      "fn": 13,
      "tpr": 0.9630681818181818,
      "fpr": 0.08933333333333333,
      "by_negative_group": {
        "negative_in_domain": {
          "negative_images": 439,
          "false_positive_images": 61,
          "fpr": 0.13895216400911162
        },
        "negative_out_domain": {
          "negative_images": 311,
          "false_positive_images": 6,
          "fpr": 0.01929260450160772
        }
      }
    }
  }
}
