{
  "mAP": 0.6679597929190569,
  "mAP50": 0.957498093079462,
  "mAP75": 0.7725596040456317,
  "mAP_small": null,
  "mAP_medium": 0.49945695344504054,
  "mAP_large": 0.6817851450260423,
  "AR1": 0.6402985074626866,
  "AR10": 0.7343283582089553,
  "AR100": 0.7355721393034826,
  "AR_small": null,
  "AR_medium": 0.6166666666666666,
  "AR_large": 0.7472677595628416,
  "mAP_tiny_rel": 0.41848968274928383,
  "mAP50_tiny_rel": 0.7545002011277048,
  "mAP75_tiny_rel": 0.44049156468441875,
  "AR100_tiny_rel": 0.5764705882352941,
  "mAP_small_rel": 0.46536080829048915,
  "mAP50_small_rel": 0.7648122948180175,
  "mAP75_small_rel": 0.511258179554267,
  "AR100_small_rel": 0.5740259740259741,
  "mAP_medium_rel": 0.5609987126792253,
  "mAP50_medium_rel": 0.8242273940571724,
  "mAP75_medium_rel": 0.6430942646331183,
  "AR100_medium_rel": 0.6646464646464645,
  "mAP_large_rel": 0.7091781551792483,
  "mAP50_large_rel": 0.9383555788343058,
  "mAP75_large_rel": 0.8423615687192593,
  "AR100_large_rel": 0.7784688995215311,
  "mAP_tiny": 0.41848968274928383,
  "image_AUROC": 0.9933522727272728,
  "image_AP": 0.9867988938200855,
  "FPR@95TPR": 0.025333333333333333,
  "threshold@95TPR": 0.7641516923904419,
  "TPR@95TPR": 0.9517045454545454,
  "Recall@FPR=1%": 0.9232954545454546,
  "Recall@FPR=5%": 0.9744318181818182,
  "in_domain_FPR@95TPR": 0.04100227790432802,
  "out_domain_FPR@95TPR": 0.003215434083601286,
  "in_domain_FPR@fixed": 0.0774487471526196,
  "out_domain_FPR@fixed": 0.02572347266881029,
  "split": "val",
  "images": 1102,
  "ground_truth_objects": 402,
  "input_predictions": 3400,
  "detections": 3400,
  "invalid_predictions_dropped": 0,
  "fppi_threshold": 0.25,
  "false_positives_on_negatives": {
    "total_negative_images": 750,
    "total_false_positives": 52,
    "fppi": 0.06933333333333333,
    "by_group": {
      "negative_in_domain": {
        "negative_images": 439,
        "false_positives": 40,
        "fppi": 0.09111617312072894
      },
      "negative_out_domain": {
        "negative_images": 311,
        "false_positives": 12,
        "fppi": 0.03858520900321544
      }
    }
  },
  "predictions_above_fppi_threshold_by_group": {
    "negative_in_domain": 40,
    "negative_out_domain": 12,
    "positive": 467
  },
  "relative_scale_metrics": {
    "tiny": {
      "mAP": 0.41848968274928383,
      "mAP50": 0.7545002011277048,
      "mAP75": 0.44049156468441875,
      "mAP_small": null,
      "mAP_medium": 0.4015335367752802,
      "mAP_large": 0.7999999999999999,
      "AR1": 0.44117647058823534,
      "AR10": 0.5764705882352941,
      "AR100": 0.5764705882352941,
      "AR_small": null,
      "AR_medium": 0.5625,
      "AR_large": 0.8,
      "objects": 17,
      "positive_images": 14,
      "detections": 455
    },
    "small": {
      "mAP": 0.46536080829048915,
      "mAP50": 0.7648122948180175,
      "mAP75": 0.511258179554267,
      "mAP_small": null,
      "mAP_medium": 0.3657545398058642,
      "mAP_large": 0.509546510971436,
      "AR1": 0.3545454545454545,
      "AR10": 0.5740259740259741,
      "AR100": 0.5740259740259741,
      "AR_small": null,
      "AR_medium": 0.48999999999999994,
      "AR_large": 0.6035087719298246,
      "objects": 77,
      "positive_images": 51,
      "detections": 747
    },
    "medium": {
      "mAP": 0.5609987126792253,
      "mAP50": 0.8242273940571724,
      "mAP75": 0.6430942646331183,
      "mAP_small": null,
      "mAP_medium": null,
      "mAP_large": 0.5612252083584608,
      "AR1": 0.608080808080808,
      "AR10": 0.6646464646464645,
      "AR100": 0.6646464646464645,
      "AR_small": null,
      "AR_medium": null,
      "AR_large": 0.6646464646464645,
      "objects": 99,
      "positive_images": 94,
      "detections": 1333
    },
    "large": {
      "mAP": 0.7091781551792483,
      "mAP50": 0.9383555788343058,
      "mAP75": 0.8423615687192593,
      "mAP_small": null,
      "mAP_medium": null,
      "mAP_large": 0.7091781551792483,
      "AR1": 0.769377990430622,
      "AR10": 0.7784688995215311,
      "AR100": 0.7784688995215311,
      "AR_small": null,
      "AR_medium": null,
      "AR_large": 0.7784688995215311,
      "objects": 209,
      "positive_images": 207,
      "detections": 865
    }
  },
  "image_level": {
    "positive_images": 352,
    "negative_images": 750,
    "auroc": 0.9933522727272728,
    "average_precision": 0.9867988938200855,
    "fpr_at_target_tpr": {
      "threshold": 0.7641516923904419,
      "tp": 335,
      "fp": 19,
      "tn": 731,
      "fn": 17,
      "tpr": 0.9517045454545454,
      "fpr": 0.025333333333333333,
      "by_negative_group": {
        "negative_in_domain": {
          "negative_images": 439,
          "false_positive_images": 18,
          "fpr": 0.04100227790432802
        },
        "negative_out_domain": {
          "negative_images": 311,
          "false_positive_images": 1,
          "fpr": 0.003215434083601286
        }
      },
      "target_tpr": 0.95
    },
    "recall_at_fpr": {
      "0.01": {
        "max_fpr": 0.01,
        "threshold": 0.942183256149292,
        "recall": 0.9232954545454546,
        "fpr": 0.009333333333333334,
        "tp": 325,
        "fp": 7,
        "tn": 743,
        "fn": 27
      },
      "0.05": {
        "max_fpr": 0.05,
        "threshold": 0.42807435989379883,
        "recall": 0.9744318181818182,
        "fpr": 0.042666666666666665,
        "tp": 343,
        "fp": 32,
        "tn": 718,
        "fn": 9
      }
    },
    "fixed_threshold": {
      "threshold": 0.25,
      "tp": 345,
      "fp": 42,
      "tn": 708,
      "fn": 7,
      "tpr": 0.9801136363636364,
      "fpr": 0.056,
      "by_negative_group": {
        "negative_in_domain": {
          "negative_images": 439,
          "false_positive_images": 34,
          "fpr": 0.0774487471526196
        },
        "negative_out_domain": {
          "negative_images": 311,
          "false_positive_images": 8,
          "fpr": 0.02572347266881029
        }
      }
    }
  }
}
