{
  "mAP": 0.6020279467393491,
  "mAP50": 0.9381630620788612,
  "mAP75": 0.6704470040898415,
  "mAP_small": null,
  "mAP_medium": 0.4776115961392826,
  "mAP_large": 0.6128292876817962,
  "AR1": 0.5902985074626865,
  "AR10": 0.673134328358209,
  "AR100": 0.6751243781094527,
  "AR_small": null,
  "AR_medium": 0.5944444444444444,
  "AR_large": 0.6830601092896175,
  "mAP_tiny_rel": 0.28169017108841615,
  "mAP50_tiny_rel": 0.6100856981162583,
  "mAP75_tiny_rel": 0.3034783741532048,
  "AR100_tiny_rel": 0.4882352941176471,
  "mAP_small_rel": 0.46597722194890956,
  "mAP50_small_rel": 0.7841301894626274,
  "mAP75_small_rel": 0.45889416133640115,
  "AR100_small_rel": 0.5597402597402598,
  "mAP_medium_rel": 0.48249632005781545,
  "mAP50_medium_rel": 0.7878205034656643,
  "mAP75_medium_rel": 0.5306636630194571,
  "AR100_medium_rel": 0.588888888888889,
  "mAP_large_rel": 0.6343046474388234,
  "mAP50_large_rel": 0.9279498069657691,
  "mAP75_large_rel": 0.7553822646306538,
  "AR100_large_rel": 0.7172248803827751,
  "mAP_tiny": 0.28169017108841615,
  "image_AUROC": 0.9921704545454545,
  "image_AP": 0.98360850312538,
  "FPR@95TPR": 0.032,
  "threshold@95TPR": 0.7230459451675415,
  "TPR@95TPR": 0.9517045454545454,
  "Recall@FPR=1%": 0.90625,
  "Recall@FPR=5%": 0.9744318181818182,
  "in_domain_FPR@95TPR": 0.04783599088838269,
  "out_domain_FPR@95TPR": 0.00964630225080386,
  "in_domain_FPR@fixed": 0.12072892938496584,
  "out_domain_FPR@fixed": 0.03536977491961415,
  "split": "val",
  "images": 1102,
  "ground_truth_objects": 402,
  "input_predictions": 12258,
  "detections": 12258,
  "invalid_predictions_dropped": 0,
  "fppi_threshold": 0.25,
  "false_positives_on_negatives": {
    "total_negative_images": 750,
    "total_false_positives": 90,
    "fppi": 0.12,
    "by_group": {
      "negative_in_domain": {
        "negative_images": 439,
        "false_positives": 73,
        "fppi": 0.1662870159453303
      },
      "negative_out_domain": {
        "negative_images": 311,
        "false_positives": 17,
        "fppi": 0.05466237942122187
      }
    }
  },
  "predictions_above_fppi_threshold_by_group": {
    "negative_in_domain": 73,
    "negative_out_domain": 17,
    "positive": 639
  },
  "relative_scale_metrics": {
    "tiny": {
      "mAP": 0.28169017108841615,
      "mAP50": 0.6100856981162583,
      "mAP75": 0.3034783741532048,
      "mAP_small": null,
      "mAP_medium": 0.3180582872642671,
      "mAP_large": 0.19999999999999998,
      "AR1": 0.37058823529411766,
      "AR10": 0.48235294117647054,
      "AR100": 0.4882352941176471,
      "AR_small": null,
      "AR_medium": 0.50625,
      "AR_large": 0.2,
      "objects": 17,
      "positive_images": 14,
      "detections": 3080
    },
    "small": {
      "mAP": 0.46597722194890956,
      "mAP50": 0.7841301894626274,
      "mAP75": 0.45889416133640115,
      "mAP_small": null,
      "mAP_medium": 0.4648255956782267,
      "mAP_large": 0.46628750609485553,
      "AR1": 0.3883116883116883,
      "AR10": 0.5597402597402598,
      "AR100": 0.5597402597402598,
      "AR_small": null,
      "AR_medium": 0.55,
      "AR_large": 0.5631578947368421,
      "objects": 77,
      "positive_images": 51,
      "detections": 3822
    },
    "medium": {
      "mAP": 0.48249632005781545,
      "mAP50": 0.7878205034656643,
      "mAP75": 0.5306636630194571,
      "mAP_small": null,
      "mAP_medium": null,
      "mAP_large": 0.48281074441499205,
      "AR1": 0.5262626262626263,
      "AR10": 0.588888888888889,
      "AR100": 0.588888888888889,
      "AR_small": null,
      "AR_medium": null,
      "AR_large": 0.588888888888889,
      "objects": 99,
      "positive_images": 94,
      "detections": 4070
    },
    "large": {
      "mAP": 0.6343046474388234,
      "mAP50": 0.9279498069657691,
      "mAP75": 0.7553822646306538,
      "mAP_small": null,
      "mAP_medium": null,
      "mAP_large": 0.6343046474388234,
      "AR1": 0.7047846889952154,
      "AR10": 0.7172248803827751,
      "AR100": 0.7172248803827751,
      "AR_small": null,
      "AR_medium": null,
      "AR_large": 0.7172248803827751,
      "objects": 209,
      "positive_images": 207,
      "detections": 1286
    }
  },
  "image_level": {
    "positive_images": 352,
    "negative_images": 750,
    "auroc": 0.9921704545454545,
    "average_precision": 0.98360850312538,
    "fpr_at_target_tpr": {
      "threshold": 0.7230459451675415,
      "tp": 335,
      "fp": 24,
      "tn": 726,
      "fn": 17,
      "tpr": 0.9517045454545454,
      "fpr": 0.032,
      "by_negative_group": {
        "negative_in_domain": {
          "negative_images": 439,
          "false_positive_images": 21,
          "fpr": 0.04783599088838269
        },
        "negative_out_domain": {
          "negative_images": 311,
          "false_positive_images": 3,
          "fpr": 0.00964630225080386
        }
      },
      "target_tpr": 0.95
    },
    "recall_at_fpr": {
      "0.01": {
        "max_fpr": 0.01,
        "threshold": 0.9327771067619324,
        "recall": 0.90625,
        "fpr": 0.009333333333333334,
        "tp": 319,
        "fp": 7,
        "tn": 743,
        "fn": 33
      },
      "0.05": {
        "max_fpr": 0.05,
        "threshold": 0.5479251742362976,
        "recall": 0.9744318181818182,
        "fpr": 0.04666666666666667,
        "tp": 343,
        "fp": 35,
        "tn": 715,
        "fn": 9
      }
    },
    "fixed_threshold": {
      "threshold": 0.25,
      "tp": 345,
      "fp": 64,
      "tn": 686,
      "fn": 7,
      "tpr": 0.9801136363636364,
      "fpr": 0.08533333333333333,
      "by_negative_group": {
        "negative_in_domain": {
          "negative_images": 439,
          "false_positive_images": 53,
          "fpr": 0.12072892938496584
        },
        "negative_out_domain": {
          "negative_images": 311,
          "false_positive_images": 11,
          "fpr": 0.03536977491961415
        }
      }
    }
  }
}
