{
  "mAP": 0.693298472449674,
  "mAP50": 0.9675681106204548,
  "mAP75": 0.7979830635907048,
  "mAP_small": 0.39999999999999997,
  "mAP_medium": 0.5063983936429872,
  "mAP_large": 0.7107333496943831,
  "AR1": 0.6687657430730478,
  "AR10": 0.7513853904282117,
  "AR100": 0.7513853904282117,
  "AR_small": 0.4,
  "AR_medium": 0.5794117647058823,
  "AR_large": 0.7685082872928176,
  "mAP_tiny_rel": 0.32844948466104534,
  "mAP50_tiny_rel": 0.614334064672673,
  "mAP75_tiny_rel": 0.2677392739273927,
  "AR100_tiny_rel": 0.44000000000000006,
  "mAP_small_rel": 0.452128047320716,
  "mAP50_small_rel": 0.8003383341572153,
  "mAP75_small_rel": 0.42555248828753156,
  "AR100_small_rel": 0.5485714285714286,
  "mAP_medium_rel": 0.6451205687847642,
  "mAP50_medium_rel": 0.8690628641719407,
  "mAP75_medium_rel": 0.7557455828868105,
  "AR100_medium_rel": 0.7327102803738318,
  "mAP_large_rel": 0.7478680095026579,
  "mAP50_large_rel": 0.9577224309642294,
  "mAP75_large_rel": 0.9171532434709171,
  "AR100_large_rel": 0.8058536585365854,
  "mAP_tiny": 0.32844948466104534,
  "image_AUROC": 0.9936182336182336,
  "image_AP": 0.9901276660750439,
  "FPR@95TPR": 0.02266666666666667,
  "threshold@95TPR": 0.8602026700973511,
  "TPR@95TPR": 0.9515669515669516,
  "Recall@FPR=1%": 0.9230769230769231,
  "Recall@FPR=5%": 0.9715099715099715,
  "in_domain_FPR@95TPR": 0.029612756264236904,
  "out_domain_FPR@95TPR": 0.012861736334405145,
  "in_domain_FPR@fixed": 0.10250569476082004,
  "out_domain_FPR@fixed": 0.10289389067524116,
  "split": "test",
  "images": 1101,
  "ground_truth_objects": 397,
  "input_predictions": 4494,
  "detections": 4494,
  "invalid_predictions_dropped": 0,
  "fppi_threshold": 0.25,
  "false_positives_on_negatives": {
    "total_negative_images": 750,
    "total_false_positives": 91,
    "fppi": 0.12133333333333333,
    "by_group": {
      "negative_in_domain": {
        "negative_images": 439,
        "false_positives": 51,
        "fppi": 0.11617312072892938
      },
      "negative_out_domain": {
        "negative_images": 311,
        "false_positives": 40,
        "fppi": 0.12861736334405144
      }
    }
  },
  "predictions_above_fppi_threshold_by_group": {
    "negative_in_domain": 51,
    "negative_out_domain": 40,
    "positive": 436
  },
  "relative_scale_metrics": {
    "tiny": {
      "mAP": 0.32844948466104534,
      "mAP50": 0.614334064672673,
      "mAP75": 0.2677392739273927,
      "mAP_small": 0.39999999999999997,
      "mAP_medium": 0.35616760817417015,
      "mAP_large": 0.005555555555555557,
      "AR1": 0.32666666666666666,
      "AR10": 0.44000000000000006,
      "AR100": 0.44000000000000006,
      "AR_small": 0.4,
      "AR_medium": 0.4615384615384615,
      "AR_large": 0.2,
      "objects": 15,
      "positive_images": 14,
      "detections": 802
    },
    "small": {
      "mAP": 0.452128047320716,
      "mAP50": 0.8003383341572153,
      "mAP75": 0.42555248828753156,
      "mAP_small": null,
      "mAP_medium": 0.4994446642806696,
      "mAP_large": 0.4479292337092533,
      "AR1": 0.37571428571428567,
      "AR10": 0.5485714285714286,
      "AR100": 0.5485714285714286,
      "AR_small": null,
      "AR_medium": 0.585,
      "AR_large": 0.534,
      "objects": 70,
      "positive_images": 51,
      "detections": 969
    },
    "medium": {
      "mAP": 0.6451205687847642,
      "mAP50": 0.8690628641719407,
      "mAP75": 0.7557455828868105,
      "mAP_small": null,
      "mAP_medium": 0.6999999999999998,
      "mAP_large": 0.6462332544522085,
      "AR1": 0.6598130841121495,
      "AR10": 0.7327102803738318,
      "AR100": 0.7327102803738318,
      "AR_small": null,
      "AR_medium": 0.7,
      "AR_large": 0.7330188679245284,
      "objects": 107,
      "positive_images": 97,
      "detections": 1553
    },
    "large": {
      "mAP": 0.7478680095026579,
      "mAP50": 0.9577224309642294,
      "mAP75": 0.9171532434709171,
      "mAP_small": null,
      "mAP_medium": null,
      "mAP_large": 0.7478680095026579,
      "AR1": 0.8019512195121952,
      "AR10": 0.8058536585365854,
      "AR100": 0.8058536585365854,
      "AR_small": null,
      "AR_medium": null,
      "AR_large": 0.8058536585365854,
      "objects": 205,
      "positive_images": 204,
      "detections": 1170
    }
  },
  "image_level": {
    "positive_images": 351,
    "negative_images": 750,
    "auroc": 0.9936182336182336,
    "average_precision": 0.9901276660750439,
    "fpr_at_target_tpr": {
      "threshold": 0.8602026700973511,
      "tp": 334,
      "fp": 17,
      "tn": 733,
      "fn": 17,
      "tpr": 0.9515669515669516,
      "fpr": 0.02266666666666667,
      "by_negative_group": {
        "negative_in_domain": {
          "negative_images": 439,
          "false_positive_images": 13,
          "fpr": 0.029612756264236904
        },
        "negative_out_domain": {
          "negative_images": 311,
          "false_positive_images": 4,
          "fpr": 0.012861736334405145
        }
      },
      "target_tpr": 0.95
    },
    "recall_at_fpr": {
      "0.01": {
        "max_fpr": 0.01,
        "threshold": 0.9351686835289001,
        "recall": 0.9230769230769231,
        "fpr": 0.009333333333333334,
        "tp": 324,
        "fp": 7,
        "tn": 743,
        "fn": 27
      },
      "0.05": {
        "max_fpr": 0.05,
        "threshold": 0.5617437362670898,
        "recall": 0.9715099715099715,
        "fpr": 0.048,
        "tp": 341,
        "fp": 36,
        "tn": 714,
        "fn": 10
      }
    },
    "fixed_threshold": {
      "threshold": 0.25,
      "tp": 345,
      "fp": 77,
      "tn": 673,
      "fn": 6,
      "tpr": 0.9829059829059829,
      "fpr": 0.10266666666666667,
      "by_negative_group": {
        "negative_in_domain": {
          "negative_images": 439,
          "false_positive_images": 45,
          "fpr": 0.10250569476082004
        },
        "negative_out_domain": {
          "negative_images": 311,
          "false_positive_images": 32,
          "fpr": 0.10289389067524116
        }
      }
    }
  }
}
