{
  "mAP": 0.6664445108361916,
  "mAP50": 0.9563997216434443,
  "mAP75": 0.768118420273475,
  "mAP_small": null,
  "mAP_medium": 0.49997758986690366,
  "mAP_large": 0.680390560798742,
  "AR1": 0.6380597014925373,
  "AR10": 0.7338308457711442,
  "AR100": 0.7338308457711442,
  "AR_small": null,
  "AR_medium": 0.6222222222222221,
  "AR_large": 0.744808743169399,
  "mAP_tiny_rel": 0.4650404164148666,
  "mAP50_tiny_rel": 0.8255627332243208,
  "mAP75_tiny_rel": 0.4964546857162497,
  "AR100_tiny_rel": 0.5941176470588234,
  "mAP_small_rel": 0.4689217421232708,
  "mAP50_small_rel": 0.7784911066626843,
  "mAP75_small_rel": 0.5242326695586338,
  "AR100_small_rel": 0.5714285714285714,
  "mAP_medium_rel": 0.5467101879143584,
  "mAP50_medium_rel": 0.8149579601716817,
  "mAP75_medium_rel": 0.6263368468249968,
  "AR100_medium_rel": 0.6787878787878787,
  "mAP_large_rel": 0.7049771539962624,
  "mAP50_large_rel": 0.9329012022365036,
  "mAP75_large_rel": 0.8332000101385966,
  "AR100_large_rel": 0.770334928229665,
  "mAP_tiny": 0.4650404164148666,
  "image_AUROC": 0.9918011363636363,
  "image_AP": 0.9847687685753294,
  "FPR@95TPR": 0.02666666666666667,
  "threshold@95TPR": 0.7523722648620605,
  "TPR@95TPR": 0.9517045454545454,
  "Recall@FPR=1%": 0.9318181818181818,
  "Recall@FPR=5%": 0.9801136363636364,
  "in_domain_FPR@95TPR": 0.04328018223234624,
  "out_domain_FPR@95TPR": 0.003215434083601286,
  "in_domain_FPR@fixed": 0.07517084282460136,
  "out_domain_FPR@fixed": 0.022508038585209004,
  "split": "val",
  "images": 1102,
  "ground_truth_objects": 402,
  "input_predictions": 3282,
  "detections": 3282,
  "invalid_predictions_dropped": 0,
  "fppi_threshold": 0.25,
  "false_positives_on_negatives": {
    "total_negative_images": 750,
    "total_false_positives": 49,
    "fppi": 0.06533333333333333,
    "by_group": {
      "negative_in_domain": {
        "negative_images": 439,
        "false_positives": 38,
        "fppi": 0.08656036446469248
      },
      "negative_out_domain": {
        "negative_images": 311,
        "false_positives": 11,
        "fppi": 0.03536977491961415
      }
    }
  },
  "predictions_above_fppi_threshold_by_group": {
    "negative_in_domain": 38,
    "negative_out_domain": 11,
    "positive": 457
  },
  "relative_scale_metrics": {
    "tiny": {
      "mAP": 0.4650404164148666,
      "mAP50": 0.8255627332243208,
      "mAP75": 0.4964546857162497,
      "mAP_small": null,
      "mAP_medium": 0.4521315980984006,
      "mAP_large": 0.7999999999999999,
      "AR1": 0.49411764705882355,
      "AR10": 0.5941176470588234,
      "AR100": 0.5941176470588234,
      "AR_small": null,
      "AR_medium": 0.58125,
      "AR_large": 0.8,
      "objects": 17,
      "positive_images": 14,
      "detections": 440
    },
    "small": {
      "mAP": 0.4689217421232708,
      "mAP50": 0.7784911066626843,
      "mAP75": 0.5242326695586338,
      "mAP_small": null,
      "mAP_medium": 0.3684349416229127,
      "mAP_large": 0.511112507609489,
      "AR1": 0.3532467532467532,
      "AR10": 0.5714285714285714,
      "AR100": 0.5714285714285714,
      "AR_small": null,
      "AR_medium": 0.47000000000000003,
      "AR_large": 0.607017543859649,
      "objects": 77,
      "positive_images": 51,
      "detections": 737
    },
    "medium": {
      "mAP": 0.5467101879143584,
      "mAP50": 0.8149579601716817,
      "mAP75": 0.6263368468249968,
      "mAP_small": null,
      "mAP_medium": null,
      "mAP_large": 0.5469979438044084,
      "AR1": 0.6161616161616161,
      "AR10": 0.6787878787878787,
      "AR100": 0.6787878787878787,
      "AR_small": null,
      "AR_medium": null,
      "AR_large": 0.6787878787878787,
      "objects": 99,
      "positive_images": 94,
      "detections": 1277
    },
    "large": {
      "mAP": 0.7049771539962624,
      "mAP50": 0.9329012022365036,
      "mAP75": 0.8332000101385966,
      "mAP_small": null,
      "mAP_medium": null,
      "mAP_large": 0.7049771539962624,
      "AR1": 0.7588516746411483,
      "AR10": 0.770334928229665,
      "AR100": 0.770334928229665,
      "AR_small": null,
      "AR_medium": null,
      "AR_large": 0.770334928229665,
      "objects": 209,
      "positive_images": 207,
      "detections": 828
    }
  },
  "image_level": {
    "positive_images": 352,
    "negative_images": 750,
    "auroc": 0.9918011363636363,
    "average_precision": 0.9847687685753294,
    "fpr_at_target_tpr": {
      "threshold": 0.7523722648620605,
      "tp": 335,
      "fp": 20,
      "tn": 730,
      "fn": 17,
      "tpr": 0.9517045454545454,
      "fpr": 0.02666666666666667,
      "by_negative_group": {
        "negative_in_domain": {
          "negative_images": 439,
          "false_positive_images": 19,
          "fpr": 0.04328018223234624
        },
        "negative_out_domain": {
          "negative_images": 311,
          "false_positive_images": 1,
          "fpr": 0.003215434083601286
        }
      },
      "target_tpr": 0.95
    },
    "recall_at_fpr": {
      "0.01": {
        "max_fpr": 0.01,
        "threshold": 0.935932457447052,
        "recall": 0.9318181818181818,
        "fpr": 0.009333333333333334,
        "tp": 328,
        "fp": 7,
        "tn": 743,
        "fn": 24
      },
      "0.05": {
        "max_fpr": 0.05,
        "threshold": 0.2926314175128937,
        "recall": 0.9801136363636364,
        "fpr": 0.04933333333333333,
        "tp": 345,
        "fp": 37,
        "tn": 713,
        "fn": 7
      }
    },
    "fixed_threshold": {
      "threshold": 0.25,
      "tp": 345,
      "fp": 40,
      "tn": 710,
      "fn": 7,
      "tpr": 0.9801136363636364,
      "fpr": 0.05333333333333334,
      "by_negative_group": {
        "negative_in_domain": {
          "negative_images": 439,
          "false_positive_images": 33,
          "fpr": 0.07517084282460136
        },
        "negative_out_domain": {
          "negative_images": 311,
          "false_positive_images": 7,
          "fpr": 0.022508038585209004
        }
      }
    }
  }
}
