variant,method,split,protocol_name,anchor_preset,AP,AP50,AP75,AP_tiny,AP_small,FPR_in_domain,FPR_out_domain,FPR@95TPR,image_AUROC,image_AP,negative_fppi,detections,lambda_pos,lambda_con,scale_aware,contrastive_warmup_epochs,metrics_path
baseline,Baseline Faster R-CNN,test,canonical_v2,micro,0.6541621403125997,0.9486360179766793,0.7531511699778616,0.18096432414380365,0.41245680378535654,0.05239179954441914,0.0,0.030666666666666665,0.9933561253561254,0.9878824051787302,0.09866666666666667,7815,0.0,0.0,False,0,results/hnsard_loss_ablation/runs/baseline/final_metrics.json
l_pos,+ L_pos,test,canonical_v2,micro,0.630198719859031,0.9279590204875251,0.7443291163807974,0.13221500005572157,0.3429460169945916,0.0888382687927107,0.003215434083601286,0.05333333333333334,0.990320987654321,0.9824663895583434,0.09733333333333333,12429,0.5,0.0,False,0,results/hnsard_loss_ablation/runs/l_pos/final_metrics.json
l_pos_scale,+ L_pos + scale-aware,test,canonical_v2,micro,0.6210711501275873,0.921488162466432,0.7427629450203515,0.11728094585740381,0.30407316199042506,0.09339407744874716,0.012861736334405145,0.06,0.9896942070275404,0.9812331916544135,0.10133333333333333,13680,0.5,0.0,True,0,results/hnsard_loss_ablation/runs/l_pos_scale/final_metrics.json
l_pos_scale_l_con,+ L_pos + scale-aware + L_con,test,canonical_v2,micro,0.6371747653154866,0.9481360970697331,0.7347868417657467,0.19295199655288517,0.34688196276899536,0.05922551252847381,0.003215434083601286,0.036,0.9927407407407407,0.9865042304078785,0.07333333333333333,8473,0.5,0.1,True,0,results/hnsard_loss_ablation/runs/l_pos_scale_l_con/final_metrics.json
full_hnsard,Full HN-SARD,test,canonical_v2,micro,0.6255491225957267,0.9432766141015365,0.7265631952321925,0.09695393240349354,0.34678535940211275,0.09111617312072894,0.006430868167202572,0.056,0.9911870845204178,0.98294161658799,0.08266666666666667,8845,0.5,0.1,True,3,results/hnsard_loss_ablation/runs/full_hnsard/final_metrics.json
