{
  "mAP": 0.6682965601786799,
  "mAP50": 0.9571744835563255,
  "mAP75": 0.7712599794759566,
  "mAP_small": null,
  "mAP_medium": 0.5001158411508436,
  "mAP_large": 0.6827675778025003,
  "AR1": 0.6393034825870647,
  "AR10": 0.7340796019900497,
  "AR100": 0.7353233830845771,
  "AR_small": null,
  "AR_medium": 0.6194444444444445,
  "AR_large": 0.7467213114754099,
  "mAP_tiny_rel": 0.4252898456304003,
  "mAP50_tiny_rel": 0.7562051756980791,
  "mAP75_tiny_rel": 0.44049156468441875,
  "AR100_tiny_rel": 0.5823529411764705,
  "mAP_small_rel": 0.4650422479585459,
  "mAP50_small_rel": 0.7625218832113831,
  "mAP75_small_rel": 0.4891415829138113,
  "AR100_small_rel": 0.5714285714285714,
  "mAP_medium_rel": 0.5564981524314038,
  "mAP50_medium_rel": 0.8249711749750513,
  "mAP75_medium_rel": 0.6417794110688105,
  "AR100_medium_rel": 0.6626262626262627,
  "mAP_large_rel": 0.7098787657776022,
  "mAP50_large_rel": 0.9330191981211079,
  "mAP75_large_rel": 0.8420611841447345,
  "AR100_large_rel": 0.7765550239234449,
  "mAP_tiny": 0.4252898456304003,
  "image_AUROC": 0.9932992424242424,
  "image_AP": 0.9867806732366895,
  "FPR@95TPR": 0.025333333333333333,
  "threshold@95TPR": 0.7610561847686768,
  "TPR@95TPR": 0.9517045454545454,
  "Recall@FPR=1%": 0.9261363636363636,
  "Recall@FPR=5%": 0.9801136363636364,
  "in_domain_FPR@95TPR": 0.04100227790432802,
  "out_domain_FPR@95TPR": 0.003215434083601286,
  "in_domain_FPR@fixed": 0.07289293849658314,
  "out_domain_FPR@fixed": 0.02572347266881029,
  "split": "val",
  "images": 1102,
  "ground_truth_objects": 402,
  "input_predictions": 3317,
  "detections": 3317,
  "invalid_predictions_dropped": 0,
  "fppi_threshold": 0.25,
  "false_positives_on_negatives": {
    "total_negative_images": 750,
    "total_false_positives": 50,
    "fppi": 0.06666666666666667,
    "by_group": {
      "negative_in_domain": {
        "negative_images": 439,
        "false_positives": 38,
        "fppi": 0.08656036446469248
      },
      "negative_out_domain": {
        "negative_images": 311,
        "false_positives": 12,
        "fppi": 0.03858520900321544
      }
    }
  },
  "predictions_above_fppi_threshold_by_group": {
    "negative_in_domain": 38,
    "negative_out_domain": 12,
    "positive": 468
  },
  "relative_scale_metrics": {
    "tiny": {
      "mAP": 0.4252898456304003,
      "mAP50": 0.7562051756980791,
      "mAP75": 0.44049156468441875,
      "mAP_small": null,
      "mAP_medium": 0.4079367616236613,
      "mAP_large": 0.7999999999999999,
      "AR1": 0.4470588235294118,
      "AR10": 0.5823529411764705,
      "AR100": 0.5823529411764705,
      "AR_small": null,
      "AR_medium": 0.56875,
      "AR_large": 0.8,
      "objects": 17,
      "positive_images": 14,
      "detections": 460
    },
    "small": {
      "mAP": 0.4650422479585459,
      "mAP50": 0.7625218832113831,
      "mAP75": 0.4891415829138113,
      "mAP_small": null,
      "mAP_medium": 0.35998930592919154,
      "mAP_large": 0.5083608754140851,
      "AR1": 0.3519480519480519,
      "AR10": 0.5714285714285714,
      "AR100": 0.5714285714285714,
      "AR_small": null,
      "AR_medium": 0.48999999999999994,
      "AR_large": 0.6,
      "objects": 77,
      "positive_images": 51,
      "detections": 751
    },
    "medium": {
      "mAP": 0.5564981524314038,
      "mAP50": 0.8249711749750513,
      "mAP75": 0.6417794110688105,
      "mAP_small": null,
      "mAP_medium": null,
      "mAP_large": 0.5568131035013968,
      "AR1": 0.6060606060606062,
      "AR10": 0.6626262626262627,
      "AR100": 0.6626262626262627,
      "AR_small": null,
      "AR_medium": null,
      "AR_large": 0.6626262626262627,
      "objects": 99,
      "positive_images": 94,
      "detections": 1277
    },
    "large": {
      "mAP": 0.7098787657776022,
      "mAP50": 0.9330191981211079,
      "mAP75": 0.8420611841447345,
      "mAP_small": null,
      "mAP_medium": null,
      "mAP_large": 0.7098787657776022,
      "AR1": 0.7665071770334928,
      "AR10": 0.7765550239234449,
      "AR100": 0.7765550239234449,
      "AR_small": null,
      "AR_medium": null,
      "AR_large": 0.7765550239234449,
      "objects": 209,
      "positive_images": 207,
      "detections": 829
    }
  },
  "image_level": {
    "positive_images": 352,
    "negative_images": 750,
    "auroc": 0.9932992424242424,
    "average_precision": 0.9867806732366895,
    "fpr_at_target_tpr": {
      "threshold": 0.7610561847686768,
      "tp": 335,
      "fp": 19,
      "tn": 731,
      "fn": 17,
      "tpr": 0.9517045454545454,
      "fpr": 0.025333333333333333,
      "by_negative_group": {
        "negative_in_domain": {
          "negative_images": 439,
          "false_positive_images": 18,
          "fpr": 0.04100227790432802
        },
        "negative_out_domain": {
          "negative_images": 311,
          "false_positive_images": 1,
          "fpr": 0.003215434083601286
        }
      },
      "target_tpr": 0.95
    },
    "recall_at_fpr": {
      "0.01": {
        "max_fpr": 0.01,
        "threshold": 0.9356378316879272,
        "recall": 0.9261363636363636,
        "fpr": 0.009333333333333334,
        "tp": 326,
        "fp": 7,
        "tn": 743,
        "fn": 26
      },
      "0.05": {
        "max_fpr": 0.05,
        "threshold": 0.2936188280582428,
        "recall": 0.9801136363636364,
        "fpr": 0.04933333333333333,
        "tp": 345,
        "fp": 37,
        "tn": 713,
        "fn": 7
      }
    },
    "fixed_threshold": {
      "threshold": 0.25,
      "tp": 345,
      "fp": 40,
      "tn": 710,
      "fn": 7,
      "tpr": 0.9801136363636364,
      "fpr": 0.05333333333333334,
      "by_negative_group": {
        "negative_in_domain": {
          "negative_images": 439,
          "false_positive_images": 32,
          "fpr": 0.07289293849658314
        },
        "negative_out_domain": {
          "negative_images": 311,
          "false_positive_images": 8,
          "fpr": 0.02572347266881029
        }
      }
    }
  }
}
