{
  "mAP": 0.6003902497693476,
  "mAP50": 0.9373253087460108,
  "mAP75": 0.6539103631515345,
  "mAP_small": null,
  "mAP_medium": 0.4869841187752303,
  "mAP_large": 0.6100655737019499,
  "AR1": 0.5900497512437812,
  "AR10": 0.6728855721393034,
  "AR100": 0.6756218905472637,
  "AR_small": null,
  "AR_medium": 0.6166666666666666,
  "AR_large": 0.6814207650273224,
  "mAP_tiny_rel": 0.28186047597610653,
  "mAP50_tiny_rel": 0.5996244195603794,
  "mAP75_tiny_rel": 0.3099177793656503,
  "AR100_tiny_rel": 0.49411764705882355,
  "mAP_small_rel": 0.4644881537047871,
  "mAP50_small_rel": 0.7706162340913711,
  "mAP75_small_rel": 0.4743153554862657,
  "AR100_small_rel": 0.5727272727272728,
  "mAP_medium_rel": 0.49227590655308173,
  "mAP50_medium_rel": 0.7925229823603097,
  "mAP75_medium_rel": 0.5084863707775249,
  "AR100_medium_rel": 0.590909090909091,
  "mAP_large_rel": 0.6301908605463125,
  "mAP50_large_rel": 0.929742518632528,
  "mAP75_large_rel": 0.7339712641977434,
  "AR100_large_rel": 0.716267942583732,
  "mAP_tiny": 0.28186047597610653,
  "image_AUROC": 0.992189393939394,
  "image_AP": 0.9827653717219358,
  "FPR@95TPR": 0.030666666666666665,
  "threshold@95TPR": 0.7530785799026489,
  "TPR@95TPR": 0.9517045454545454,
  "Recall@FPR=1%": 0.9090909090909091,
  "Recall@FPR=5%": 0.9744318181818182,
  "in_domain_FPR@95TPR": 0.04555808656036447,
  "out_domain_FPR@95TPR": 0.00964630225080386,
  "in_domain_FPR@fixed": 0.12300683371298406,
  "out_domain_FPR@fixed": 0.03215434083601286,
  "split": "val",
  "images": 1102,
  "ground_truth_objects": 402,
  "input_predictions": 12012,
  "detections": 12012,
  "invalid_predictions_dropped": 0,
  "fppi_threshold": 0.25,
  "false_positives_on_negatives": {
    "total_negative_images": 750,
    "total_false_positives": 86,
    "fppi": 0.11466666666666667,
    "by_group": {
      "negative_in_domain": {
        "negative_images": 439,
        "false_positives": 73,
        "fppi": 0.1662870159453303
      },
      "negative_out_domain": {
        "negative_images": 311,
        "false_positives": 13,
        "fppi": 0.04180064308681672
      }
    }
  },
  "predictions_above_fppi_threshold_by_group": {
    "negative_in_domain": 73,
    "negative_out_domain": 13,
    "positive": 632
  },
  "relative_scale_metrics": {
    "tiny": {
      "mAP": 0.28186047597610653,
      "mAP50": 0.5996244195603794,
      "mAP75": 0.3099177793656503,
      "mAP_small": null,
      "mAP_medium": 0.31968192377556953,
      "mAP_large": 0.1,
      "AR1": 0.4117647058823529,
      "AR10": 0.49411764705882355,
      "AR100": 0.49411764705882355,
      "AR_small": null,
      "AR_medium": 0.5125,
      "AR_large": 0.2,
      "objects": 17,
      "positive_images": 14,
      "detections": 3153
    },
    "small": {
      "mAP": 0.4644881537047871,
      "mAP50": 0.7706162340913711,
      "mAP75": 0.4743153554862657,
      "mAP_small": null,
      "mAP_medium": 0.47685279708119277,
      "mAP_large": 0.46267990665045716,
      "AR1": 0.38701298701298703,
      "AR10": 0.5727272727272728,
      "AR100": 0.5727272727272728,
      "AR_small": null,
      "AR_medium": 0.585,
      "AR_large": 0.5684210526315789,
      "objects": 77,
      "positive_images": 51,
      "detections": 3635
    },
    "medium": {
      "mAP": 0.49227590655308173,
      "mAP50": 0.7925229823603097,
      "mAP75": 0.5084863707775249,
      "mAP_small": null,
      "mAP_medium": null,
      "mAP_large": 0.4925988513411995,
      "AR1": 0.5343434343434345,
      "AR10": 0.590909090909091,
      "AR100": 0.590909090909091,
      "AR_small": null,
      "AR_medium": null,
      "AR_large": 0.590909090909091,
      "objects": 99,
      "positive_images": 94,
      "detections": 3974
    },
    "large": {
      "mAP": 0.6301908605463125,
      "mAP50": 0.929742518632528,
      "mAP75": 0.7339712641977434,
      "mAP_small": null,
      "mAP_medium": null,
      "mAP_large": 0.6301908605463125,
      "AR1": 0.7038277511961722,
      "AR10": 0.716267942583732,
      "AR100": 0.716267942583732,
      "AR_small": null,
      "AR_medium": null,
      "AR_large": 0.716267942583732,
      "objects": 209,
      "positive_images": 207,
      "detections": 1250
    }
  },
  "image_level": {
    "positive_images": 352,
    "negative_images": 750,
    "auroc": 0.992189393939394,
    "average_precision": 0.9827653717219358,
    "fpr_at_target_tpr": {
      "threshold": 0.7530785799026489,
      "tp": 335,
      "fp": 23,
      "tn": 727,
      "fn": 17,
      "tpr": 0.9517045454545454,
      "fpr": 0.030666666666666665,
      "by_negative_group": {
        "negative_in_domain": {
          "negative_images": 439,
          "false_positive_images": 20,
          "fpr": 0.04555808656036447
        },
        "negative_out_domain": {
          "negative_images": 311,
          "false_positive_images": 3,
          "fpr": 0.00964630225080386
        }
      },
      "target_tpr": 0.95
    },
    "recall_at_fpr": {
      "0.01": {
        "max_fpr": 0.01,
        "threshold": 0.9288716316223145,
        "recall": 0.9090909090909091,
        "fpr": 0.009333333333333334,
        "tp": 320,
        "fp": 7,
        "tn": 743,
        "fn": 32
      },
      "0.05": {
        "max_fpr": 0.05,
        "threshold": 0.5588717460632324,
        "recall": 0.9744318181818182,
        "fpr": 0.044,
        "tp": 343,
        "fp": 33,
        "tn": 717,
        "fn": 9
      }
    },
    "fixed_threshold": {
      "threshold": 0.25,
      "tp": 345,
      "fp": 64,
      "tn": 686,
      "fn": 7,
      "tpr": 0.9801136363636364,
      "fpr": 0.08533333333333333,
      "by_negative_group": {
        "negative_in_domain": {
          "negative_images": 439,
          "false_positive_images": 54,
          "fpr": 0.12300683371298406
        },
        "negative_out_domain": {
          "negative_images": 311,
          "false_positive_images": 10,
          "fpr": 0.03215434083601286
        }
      }
    }
  }
}
