{
  "mAP": 0.6368134186458468,
  "mAP50": 0.8777784613545683,
  "mAP75": 0.7421998839103884,
  "mAP_small": null,
  "mAP_medium": 0.34472914133663957,
  "mAP_large": 0.6685471604176323,
  "AR1": 0.6718905472636816,
  "AR10": 0.7495024875621892,
  "AR100": 0.7507462686567166,
  "AR_small": null,
  "AR_medium": 0.5055555555555555,
  "AR_large": 0.7748633879781421,
  "mAP_tiny_rel": 0.2370819883590594,
  "mAP50_tiny_rel": 0.5377203607923885,
  "mAP75_tiny_rel": 0.17891466566011435,
  "AR100_tiny_rel": 0.4411764705882352,
  "mAP_small_rel": 0.42181424973665865,
  "mAP50_small_rel": 0.694250960133744,
  "mAP75_small_rel": 0.45743797232434685,
  "AR100_small_rel": 0.5285714285714286,
  "mAP_medium_rel": 0.5409147396990536,
  "mAP50_medium_rel": 0.7504053422070658,
  "mAP75_medium_rel": 0.6331844301345617,
  "AR100_medium_rel": 0.6707070707070707,
  "mAP_large_rel": 0.7153834059767432,
  "mAP50_large_rel": 0.9087246202406739,
  "mAP75_large_rel": 0.8363911343779106,
  "AR100_large_rel": 0.8291866028708134,
  "mAP_tiny": 0.2370819883590594,
  "image_AUROC": 0.9601780303030303,
  "image_AP": 0.9235708489015374,
  "FPR@95TPR": 0.19466666666666665,
  "threshold@95TPR": 0.5037294626235962,
  "TPR@95TPR": 0.9517045454545454,
  "Recall@FPR=1%": 0.42045454545454547,
  "Recall@FPR=5%": 0.8153409090909091,
  "in_domain_FPR@95TPR": 0.20045558086560364,
  "out_domain_FPR@95TPR": 0.1864951768488746,
  "in_domain_FPR@fixed": 0.28018223234624146,
  "out_domain_FPR@fixed": 0.2861736334405145,
  "split": "val",
  "images": 1102,
  "ground_truth_objects": 402,
  "input_predictions": 162932,
  "detections": 162932,
  "invalid_predictions_dropped": 0,
  "fppi_threshold": 0.25,
  "false_positives_on_negatives": {
    "total_negative_images": 750,
    "total_false_positives": 227,
    "fppi": 0.30266666666666664,
    "by_group": {
      "negative_in_domain": {
        "negative_images": 439,
        "false_positives": 132,
        "fppi": 0.30068337129840544
      },
      "negative_out_domain": {
        "negative_images": 311,
        "false_positives": 95,
        "fppi": 0.3054662379421222
      }
    }
  },
  "predictions_above_fppi_threshold_by_group": {
    "negative_in_domain": 132,
    "negative_out_domain": 95,
    "positive": 394
  },
  "relative_scale_metrics": {
    "tiny": {
      "mAP": 0.2370819883590594,
      "mAP50": 0.5377203607923885,
      "mAP75": 0.17891466566011435,
      "mAP_small": null,
      "mAP_medium": 0.2245835140117964,
      "mAP_large": 0.5999999999999999,
      "AR1": 0.24705882352941178,
      "AR10": 0.4235294117647058,
      "AR100": 0.4411764705882352,
      "AR_small": null,
      "AR_medium": 0.43125,
      "AR_large": 0.6,
      "objects": 17,
      "positive_images": 14,
      "detections": 108216
    },
    "small": {
      "mAP": 0.42181424973665865,
      "mAP50": 0.694250960133744,
      "mAP75": 0.45743797232434685,
      "mAP_small": null,
      "mAP_medium": 0.294836695601088,
      "mAP_large": 0.47873005855392764,
      "AR1": 0.33766233766233766,
      "AR10": 0.5285714285714286,
      "AR100": 0.5285714285714286,
      "AR_small": null,
      "AR_medium": 0.35500000000000004,
      "AR_large": 0.5894736842105263,
      "objects": 77,
      "positive_images": 51,
      "detections": 45539
    },
    "medium": {
      "mAP": 0.5409147396990536,
      "mAP50": 0.7504053422070658,
      "mAP75": 0.6331844301345617,
      "mAP_small": null,
      "mAP_medium": null,
      "mAP_large": 0.5470699815899619,
      "AR1": 0.6373737373737375,
      "AR10": 0.6707070707070707,
      "AR100": 0.6707070707070707,
      "AR_small": null,
      "AR_medium": null,
      "AR_large": 0.6707070707070707,
      "objects": 99,
      "positive_images": 94,
      "detections": 7609
    },
    "large": {
      "mAP": 0.7153834059767432,
      "mAP50": 0.9087246202406739,
      "mAP75": 0.8363911343779106,
      "mAP_small": null,
      "mAP_medium": null,
      "mAP_large": 0.7153834059767432,
      "AR1": 0.8210526315789475,
      "AR10": 0.8291866028708134,
      "AR100": 0.8291866028708134,
      "AR_small": null,
      "AR_medium": null,
      "AR_large": 0.8291866028708134,
      "objects": 209,
      "positive_images": 207,
      "detections": 1568
    }
  },
  "image_level": {
    "positive_images": 352,
    "negative_images": 750,
    "auroc": 0.9601780303030303,
    "average_precision": 0.9235708489015374,
    "fpr_at_target_tpr": {
      "threshold": 0.5037294626235962,
      "tp": 335,
      "fp": 146,
      "tn": 604,
      "fn": 17,
      "tpr": 0.9517045454545454,
      "fpr": 0.19466666666666665,
      "by_negative_group": {
        "negative_in_domain": {
          "negative_images": 439,
          "false_positive_images": 88,
          "fpr": 0.20045558086560364
        },
        "negative_out_domain": {
          "negative_images": 311,
          "false_positive_images": 58,
          "fpr": 0.1864951768488746
        }
      },
      "target_tpr": 0.95
    },
    "recall_at_fpr": {
      "0.01": {
        "max_fpr": 0.01,
        "threshold": 0.9999563694000244,
        "recall": 0.42045454545454547,
        "fpr": 0.009333333333333334,
        "tp": 148,
        "fp": 7,
        "tn": 743,
        "fn": 204
      },
      "0.05": {
        "max_fpr": 0.05,
        "threshold": 0.9905754327774048,
        "recall": 0.8153409090909091,
        "fpr": 0.044,
        "tp": 287,
        "fp": 33,
        "tn": 717,
        "fn": 65
      }
    },
    "fixed_threshold": {
      "threshold": 0.25,
      "tp": 343,
      "fp": 212,
      "tn": 538,
      "fn": 9,
      "tpr": 0.9744318181818182,
      "fpr": 0.2826666666666667,
      "by_negative_group": {
        "negative_in_domain": {
          "negative_images": 439,
          "false_positive_images": 123,
          "fpr": 0.28018223234624146
        },
        "negative_out_domain": {
          "negative_images": 311,
          "false_positive_images": 89,
          "fpr": 0.2861736334405145
        }
      }
    }
  }
}
