{
  "mAP": 0.6619130173265345,
  "mAP50": 0.9594558598436709,
  "mAP75": 0.7614767001952191,
  "mAP_small": null,
  "mAP_medium": 0.5036893174528387,
  "mAP_large": 0.675616719107521,
  "AR1": 0.6318407960199004,
  "AR10": 0.728358208955224,
  "AR100": 0.7286069651741294,
  "AR_small": null,
  "AR_medium": 0.6138888888888889,
  "AR_large": 0.7398907103825137,
  "mAP_tiny_rel": 0.4120562438344571,
  "mAP50_tiny_rel": 0.7579314704674378,
  "mAP75_tiny_rel": 0.44127942542538007,
  "AR100_tiny_rel": 0.5588235294117647,
  "mAP_small_rel": 0.45809070038911937,
  "mAP50_small_rel": 0.764618355820446,
  "mAP75_small_rel": 0.4916269620676424,
  "AR100_small_rel": 0.5727272727272728,
  "mAP_medium_rel": 0.5299129450033411,
  "mAP50_medium_rel": 0.7929824573504227,
  "mAP75_medium_rel": 0.5954877637574643,
  "AR100_medium_rel": 0.6575757575757575,
  "mAP_large_rel": 0.7010697013386442,
  "mAP50_large_rel": 0.9370039316535188,
  "mAP75_large_rel": 0.8353386110203169,
  "AR100_large_rel": 0.7636363636363636,
  "mAP_tiny": 0.4120562438344571,
  "image_AUROC": 0.9934431818181818,
  "image_AP": 0.9869038116391029,
  "FPR@95TPR": 0.02666666666666667,
  "threshold@95TPR": 0.7955411672592163,
  "TPR@95TPR": 0.9517045454545454,
  "Recall@FPR=1%": 0.9261363636363636,
  "Recall@FPR=5%": 0.9772727272727273,
  "in_domain_FPR@95TPR": 0.04328018223234624,
  "out_domain_FPR@95TPR": 0.003215434083601286,
  "in_domain_FPR@fixed": 0.09111617312072894,
  "out_domain_FPR@fixed": 0.03215434083601286,
  "split": "val",
  "images": 1102,
  "ground_truth_objects": 402,
  "input_predictions": 4089,
  "detections": 4089,
  "invalid_predictions_dropped": 0,
  "fppi_threshold": 0.25,
  "false_positives_on_negatives": {
    "total_negative_images": 750,
    "total_false_positives": 63,
    "fppi": 0.084,
    "by_group": {
      "negative_in_domain": {
        "negative_images": 439,
        "false_positives": 49,
        "fppi": 0.11161731207289294
      },
      "negative_out_domain": {
        "negative_images": 311,
        "false_positives": 14,
        "fppi": 0.04501607717041801
      }
    }
  },
  "predictions_above_fppi_threshold_by_group": {
    "negative_in_domain": 49,
    "negative_out_domain": 14,
    "positive": 485
  },
  "relative_scale_metrics": {
    "tiny": {
      "mAP": 0.4120562438344571,
      "mAP50": 0.7579314704674378,
      "mAP75": 0.44127942542538007,
      "mAP_small": null,
      "mAP_medium": 0.3936383067079888,
      "mAP_large": 0.7999999999999999,
      "AR1": 0.4588235294117647,
      "AR10": 0.5588235294117647,
      "AR100": 0.5588235294117647,
      "AR_small": null,
      "AR_medium": 0.54375,
      "AR_large": 0.8,
      "objects": 17,
      "positive_images": 14,
      "detections": 663
    },
    "small": {
      "mAP": 0.45809070038911937,
      "mAP50": 0.764618355820446,
      "mAP75": 0.4916269620676424,
      "mAP_small": null,
      "mAP_medium": 0.3626614033614018,
      "mAP_large": 0.49853007812825223,
      "AR1": 0.3441558441558442,
      "AR10": 0.5727272727272728,
      "AR100": 0.5727272727272728,
      "AR_small": null,
      "AR_medium": 0.5,
      "AR_large": 0.5982456140350877,
      "objects": 77,
      "positive_images": 51,
      "detections": 930
    },
    "medium": {
      "mAP": 0.5299129450033411,
      "mAP50": 0.7929824573504227,
      "mAP75": 0.5954877637574643,
      "mAP_small": null,
      "mAP_medium": null,
      "mAP_large": 0.5301756339988032,
      "AR1": 0.6020202020202021,
      "AR10": 0.6575757575757575,
      "AR100": 0.6575757575757575,
      "AR_small": null,
      "AR_medium": null,
      "AR_large": 0.6575757575757575,
      "objects": 99,
      "positive_images": 94,
      "detections": 1532
    },
    "large": {
      "mAP": 0.7010697013386442,
      "mAP50": 0.9370039316535188,
      "mAP75": 0.8353386110203169,
      "mAP_small": null,
      "mAP_medium": null,
      "mAP_large": 0.7010697013386442,
      "AR1": 0.7535885167464115,
      "AR10": 0.7636363636363636,
      "AR100": 0.7636363636363636,
      "AR_small": null,
      "AR_medium": null,
      "AR_large": 0.7636363636363636,
      "objects": 209,
      "positive_images": 207,
      "detections": 964
    }
  },
  "image_level": {
    "positive_images": 352,
    "negative_images": 750,
    "auroc": 0.9934431818181818,
    "average_precision": 0.9869038116391029,
    "fpr_at_target_tpr": {
      "threshold": 0.7955411672592163,
      "tp": 335,
      "fp": 20,
      "tn": 730,
      "fn": 17,
      "tpr": 0.9517045454545454,
      "fpr": 0.02666666666666667,
      "by_negative_group": {
        "negative_in_domain": {
          "negative_images": 439,
          "false_positive_images": 19,
          "fpr": 0.04328018223234624
        },
        "negative_out_domain": {
          "negative_images": 311,
          "false_positive_images": 1,
          "fpr": 0.003215434083601286
        }
      },
      "target_tpr": 0.95
    },
    "recall_at_fpr": {
      "0.01": {
        "max_fpr": 0.01,
        "threshold": 0.9487015604972839,
        "recall": 0.9261363636363636,
        "fpr": 0.009333333333333334,
        "tp": 326,
        "fp": 7,
        "tn": 743,
        "fn": 26
      },
      "0.05": {
        "max_fpr": 0.05,
        "threshold": 0.5323597192764282,
        "recall": 0.9772727272727273,
        "fpr": 0.04133333333333333,
        "tp": 344,
        "fp": 31,
        "tn": 719,
        "fn": 8
      }
    },
    "fixed_threshold": {
      "threshold": 0.25,
      "tp": 345,
      "fp": 50,
      "tn": 700,
      "fn": 7,
      "tpr": 0.9801136363636364,
      "fpr": 0.06666666666666667,
      "by_negative_group": {
        "negative_in_domain": {
          "negative_images": 439,
          "false_positive_images": 40,
          "fpr": 0.09111617312072894
        },
        "negative_out_domain": {
          "negative_images": 311,
          "false_positive_images": 10,
          "fpr": 0.03215434083601286
        }
      }
    }
  }
}
