{
  "mAP": 0.5830080443828827,
  "mAP50": 0.9229102339615978,
  "mAP75": 0.6698174067771552,
  "mAP_small": null,
  "mAP_medium": 0.24434128048454457,
  "mAP_large": 0.6095901053835294,
  "AR1": 0.5880597014925373,
  "AR10": 0.664676616915423,
  "AR100": 0.6654228855721394,
  "AR_small": null,
  "AR_medium": 0.43888888888888894,
  "AR_large": 0.687704918032787,
  "mAP_tiny_rel": 0.2373480156042756,
  "mAP50_tiny_rel": 0.5923885306605141,
  "mAP75_tiny_rel": 0.07005890462463966,
  "AR100_tiny_rel": 0.3764705882352941,
  "mAP_small_rel": 0.34834956585680044,
  "mAP50_small_rel": 0.6976260333298674,
  "mAP75_small_rel": 0.3658025549201669,
  "AR100_small_rel": 0.4909090909090909,
  "mAP_medium_rel": 0.482052762000916,
  "mAP50_medium_rel": 0.753195691313983,
  "mAP75_medium_rel": 0.5486179387834327,
  "AR100_medium_rel": 0.6202020202020202,
  "mAP_large_rel": 0.6349107440307865,
  "mAP50_large_rel": 0.9265430993634268,
  "mAP75_large_rel": 0.7664511798790115,
  "AR100_large_rel": 0.7210526315789474,
  "mAP_tiny": 0.2373480156042756,
  "image_AUROC": 0.9870227272727272,
  "image_AP": 0.9733862669544704,
  "FPR@95TPR": 0.064,
  "threshold@95TPR": 0.4212344288825989,
  "TPR@95TPR": 0.9517045454545454,
  "Recall@FPR=1%": 0.8210227272727273,
  "Recall@FPR=5%": 0.9403409090909091,
  "in_domain_FPR@95TPR": 0.10022779043280182,
  "out_domain_FPR@95TPR": 0.012861736334405145,
  "in_domain_FPR@fixed": 0.12984054669703873,
  "out_domain_FPR@fixed": 0.01929260450160772,
  "split": "val",
  "images": 1102,
  "ground_truth_objects": 402,
  "input_predictions": 11057,
  "detections": 11057,
  "invalid_predictions_dropped": 0,
  "fppi_threshold": 0.25,
  "false_positives_on_negatives": {
    "total_negative_images": 750,
    "total_false_positives": 75,
    "fppi": 0.1,
    "by_group": {
      "negative_in_domain": {
        "negative_images": 439,
        "false_positives": 66,
        "fppi": 0.15034168564920272
      },
      "negative_out_domain": {
        "negative_images": 311,
        "false_positives": 9,
        "fppi": 0.028938906752411574
      }
    }
  },
  "predictions_above_fppi_threshold_by_group": {
    "negative_in_domain": 66,
    "negative_out_domain": 9,
    "positive": 477
  },
  "relative_scale_metrics": {
    "tiny": {
      "mAP": 0.2373480156042756,
      "mAP50": 0.5923885306605141,
      "mAP75": 0.07005890462463966,
      "mAP_small": null,
      "mAP_medium": 0.2306173485608272,
      "mAP_large": 0.6999999999999998,
      "AR1": 0.24705882352941178,
      "AR10": 0.37058823529411766,
      "AR100": 0.3764705882352941,
      "AR_small": null,
      "AR_medium": 0.35625,
      "AR_large": 0.7,
      "objects": 17,
      "positive_images": 14,
      "detections": 2545
    },
    "small": {
      "mAP": 0.34834956585680044,
      "mAP50": 0.6976260333298674,
      "mAP75": 0.3658025549201669,
      "mAP_small": null,
      "mAP_medium": 0.17021183531368267,
      "mAP_large": 0.4156892959500719,
      "AR1": 0.2987012987012987,
      "AR10": 0.4909090909090909,
      "AR100": 0.4909090909090909,
      "AR_small": null,
      "AR_medium": 0.33999999999999997,
      "AR_large": 0.543859649122807,
      "objects": 77,
      "positive_images": 51,
      "detections": 3987
    },
    "medium": {
      "mAP": 0.482052762000916,
      "mAP50": 0.753195691313983,
      "mAP75": 0.5486179387834327,
      "mAP_small": null,
      "mAP_medium": null,
      "mAP_large": 0.4826122845942714,
      "AR1": 0.5707070707070707,
      "AR10": 0.6202020202020202,
      "AR100": 0.6202020202020202,
      "AR_small": null,
      "AR_medium": null,
      "AR_large": 0.6202020202020202,
      "objects": 99,
      "positive_images": 94,
      "detections": 2961
    },
    "large": {
      "mAP": 0.6349107440307865,
      "mAP50": 0.9265430993634268,
      "mAP75": 0.7664511798790115,
      "mAP_small": null,
      "mAP_medium": null,
      "mAP_large": 0.6349110209041114,
      "AR1": 0.7119617224880381,
      "AR10": 0.7210526315789474,
      "AR100": 0.7210526315789474,
      "AR_small": null,
      "AR_medium": null,
      "AR_large": 0.7210526315789474,
      "objects": 209,
      "positive_images": 207,
      "detections": 1564
    }
  },
  "image_level": {
    "positive_images": 352,
    "negative_images": 750,
    "auroc": 0.9870227272727272,
    "average_precision": 0.9733862669544704,
    "fpr_at_target_tpr": {
      "threshold": 0.4212344288825989,
      "tp": 335,
      "fp": 48,
      "tn": 702,
      "fn": 17,
      "tpr": 0.9517045454545454,
      "fpr": 0.064,
      "by_negative_group": {
        "negative_in_domain": {
          "negative_images": 439,
          "false_positive_images": 44,
          "fpr": 0.10022779043280182
        },
        "negative_out_domain": {
          "negative_images": 311,
          "false_positive_images": 4,
          "fpr": 0.012861736334405145
        }
      },
      "target_tpr": 0.95
    },
    "recall_at_fpr": {
      "0.01": {
        "max_fpr": 0.01,
        "threshold": 0.9373352527618408,
        "recall": 0.8210227272727273,
        "fpr": 0.009333333333333334,
        "tp": 289,
        "fp": 7,
        "tn": 743,
        "fn": 63
      },
      "0.05": {
        "max_fpr": 0.05,
        "threshold": 0.5313833951950073,
        "recall": 0.9403409090909091,
        "fpr": 0.048,
        "tp": 331,
        "fp": 36,
        "tn": 714,
        "fn": 21
      }
    },
    "fixed_threshold": {
      "threshold": 0.25,
      "tp": 338,
      "fp": 63,
      "tn": 687,
      "fn": 14,
      "tpr": 0.9602272727272727,
      "fpr": 0.084,
      "by_negative_group": {
        "negative_in_domain": {
          "negative_images": 439,
          "false_positive_images": 57,
          "fpr": 0.12984054669703873
        },
        "negative_out_domain": {
          "negative_images": 311,
          "false_positive_images": 6,
          "fpr": 0.01929260450160772
        }
      }
    }
  }
}
