{
  "mAP": 0.6531705424822826,
  "mAP50": 0.951480546622633,
  "mAP75": 0.7529741418651247,
  "mAP_small": null,
  "mAP_medium": 0.48159355409220883,
  "mAP_large": 0.6678344308087368,
  "AR1": 0.6373134328358209,
  "AR10": 0.7253731343283583,
  "AR100": 0.7263681592039801,
  "AR_small": null,
  "AR_medium": 0.611111111111111,
  "AR_large": 0.7377049180327868,
  "mAP_tiny_rel": 0.3033610774375653,
  "mAP50_tiny_rel": 0.6246386763964826,
  "mAP75_tiny_rel": 0.31202922923871335,
  "AR100_tiny_rel": 0.5,
  "mAP_small_rel": 0.4465734893686677,
  "mAP50_small_rel": 0.7457403072988986,
  "mAP75_small_rel": 0.5088975625199716,
  "AR100_small_rel": 0.5688311688311688,
  "mAP_medium_rel": 0.5484566206311894,
  "mAP50_medium_rel": 0.815077717767175,
  "mAP75_medium_rel": 0.6073123333656756,
  "AR100_medium_rel": 0.6494949494949496,
  "mAP_large_rel": 0.6955352631191247,
  "mAP50_large_rel": 0.9401981494815791,
  "mAP75_large_rel": 0.8340352574566724,
  "AR100_large_rel": 0.7693779904306219,
  "mAP_tiny": 0.3033610774375653,
  "image_AUROC": 0.9883787878787879,
  "image_AP": 0.9787052360493779,
  "FPR@95TPR": 0.07066666666666667,
  "threshold@95TPR": 0.8496729135513306,
  "TPR@95TPR": 0.9517045454545454,
  "Recall@FPR=1%": 0.8920454545454546,
  "Recall@FPR=5%": 0.9460227272727273,
  "in_domain_FPR@95TPR": 0.11617312072892938,
  "out_domain_FPR@95TPR": 0.006430868167202572,
  "in_domain_FPR@fixed": 0.2847380410022779,
  "out_domain_FPR@fixed": 0.04180064308681672,
  "split": "val",
  "images": 1102,
  "ground_truth_objects": 402,
  "input_predictions": 5466,
  "detections": 5466,
  "invalid_predictions_dropped": 0,
  "fppi_threshold": 0.25,
  "false_positives_on_negatives": {
    "total_negative_images": 750,
    "total_false_positives": 176,
    "fppi": 0.23466666666666666,
    "by_group": {
      "negative_in_domain": {
        "negative_images": 439,
        "false_positives": 155,
        "fppi": 0.3530751708428246
      },
      "negative_out_domain": {
        "negative_images": 311,
        "false_positives": 21,
        "fppi": 0.06752411575562701
      }
    }
  },
  "predictions_above_fppi_threshold_by_group": {
    "negative_in_domain": 155,
    "negative_out_domain": 21,
    "positive": 486
  },
  "relative_scale_metrics": {
    "tiny": {
      "mAP": 0.3033610774375653,
      "mAP50": 0.6246386763964826,
      "mAP75": 0.31202922923871335,
      "mAP_small": null,
      "mAP_medium": 0.3004722914280733,
      "mAP_large": 0.6999999999999998,
      "AR1": 0.388235294117647,
      "AR10": 0.5,
      "AR100": 0.5,
      "AR_small": null,
      "AR_medium": 0.4875,
      "AR_large": 0.7,
      "objects": 17,
      "positive_images": 14,
      "detections": 1047
    },
    "small": {
      "mAP": 0.4465734893686677,
      "mAP50": 0.7457403072988986,
      "mAP75": 0.5088975625199716,
      "mAP_small": null,
      "mAP_medium": 0.3513833223846928,
      "mAP_large": 0.48591350361629143,
      "AR1": 0.37922077922077924,
      "AR10": 0.5688311688311688,
      "AR100": 0.5688311688311688,
      "AR_small": null,
      "AR_medium": 0.485,
      "AR_large": 0.5982456140350877,
      "objects": 77,
      "positive_images": 51,
      "detections": 1169
    },
    "medium": {
      "mAP": 0.5484566206311894,
      "mAP50": 0.815077717767175,
      "mAP75": 0.6073123333656756,
      "mAP_small": null,
      "mAP_medium": null,
      "mAP_large": 0.548866709659378,
      "AR1": 0.5878787878787878,
      "AR10": 0.6494949494949496,
      "AR100": 0.6494949494949496,
      "AR_small": null,
      "AR_medium": null,
      "AR_large": 0.6494949494949496,
      "objects": 99,
      "positive_images": 94,
      "detections": 1950
    },
    "large": {
      "mAP": 0.6955352631191247,
      "mAP50": 0.9401981494815791,
      "mAP75": 0.8340352574566724,
      "mAP_small": null,
      "mAP_medium": null,
      "mAP_large": 0.6955352631191247,
      "AR1": 0.7617224880382774,
      "AR10": 0.7693779904306219,
      "AR100": 0.7693779904306219,
      "AR_small": null,
      "AR_medium": null,
      "AR_large": 0.7693779904306219,
      "objects": 209,
      "positive_images": 207,
      "detections": 1300
    }
  },
  "image_level": {
    "positive_images": 352,
    "negative_images": 750,
    "auroc": 0.9883787878787879,
    "average_precision": 0.9787052360493779,
    "fpr_at_target_tpr": {
      "threshold": 0.8496729135513306,
      "tp": 335,
      "fp": 53,
      "tn": 697,
      "fn": 17,
      "tpr": 0.9517045454545454,
      "fpr": 0.07066666666666667,
      "by_negative_group": {
        "negative_in_domain": {
          "negative_images": 439,
          "false_positive_images": 51,
          "fpr": 0.11617312072892938
        },
        "negative_out_domain": {
          "negative_images": 311,
          "false_positive_images": 2,
          "fpr": 0.006430868167202572
        }
      },
      "target_tpr": 0.95
    },
    "recall_at_fpr": {
      "0.01": {
        "max_fpr": 0.01,
        "threshold": 0.9817742109298706,
        "recall": 0.8920454545454546,
        "fpr": 0.008,
        "tp": 314,
        "fp": 6,
        "tn": 744,
        "fn": 38
      },
      "0.05": {
        "max_fpr": 0.05,
        "threshold": 0.9291128516197205,
        "recall": 0.9460227272727273,
        "fpr": 0.04533333333333334,
        "tp": 333,
        "fp": 34,
        "tn": 716,
        "fn": 19
      }
    },
    "fixed_threshold": {
      "threshold": 0.25,
      "tp": 347,
      "fp": 138,
      "tn": 612,
      "fn": 5,
      "tpr": 0.9857954545454546,
      "fpr": 0.184,
      "by_negative_group": {
        "negative_in_domain": {
          "negative_images": 439,
          "false_positive_images": 125,
          "fpr": 0.2847380410022779
        },
        "negative_out_domain": {
          "negative_images": 311,
          "false_positive_images": 13,
          "fpr": 0.04180064308681672
        }
      }
    }
  }
}
