{
  "mAP": 0.6363692624255021,
  "mAP50": 0.8775365615061128,
  "mAP75": 0.7392267543120626,
  "mAP_small": null,
  "mAP_medium": 0.34583020938262354,
  "mAP_large": 0.6678236869672105,
  "AR1": 0.6721393034825871,
  "AR10": 0.75,
  "AR100": 0.7512437810945274,
  "AR_small": null,
  "AR_medium": 0.5083333333333334,
  "AR_large": 0.7751366120218579,
  "mAP_tiny_rel": 0.23964878089815678,
  "mAP50_tiny_rel": 0.5377231287579599,
  "mAP75_tiny_rel": 0.17891466566011435,
  "AR100_tiny_rel": 0.4470588235294117,
  "mAP_small_rel": 0.42238925270878,
  "mAP50_small_rel": 0.6942020434635522,
  "mAP75_small_rel": 0.45742502421175013,
  "AR100_small_rel": 0.5298701298701298,
  "mAP_medium_rel": 0.5375503223986283,
  "mAP50_medium_rel": 0.750370711681962,
  "mAP75_medium_rel": 0.6210051622211487,
  "AR100_medium_rel": 0.6707070707070708,
  "mAP_large_rel": 0.7162163006514236,
  "mAP50_large_rel": 0.9086666735595281,
  "mAP75_large_rel": 0.8362009716043091,
  "AR100_large_rel": 0.8296650717703349,
  "mAP_tiny": 0.23964878089815678,
  "image_AUROC": 0.9600719696969697,
  "image_AP": 0.923429117864901,
  "FPR@95TPR": 0.19466666666666665,
  "threshold@95TPR": 0.5127837061882019,
  "TPR@95TPR": 0.9517045454545454,
  "Recall@FPR=1%": 0.42045454545454547,
  "Recall@FPR=5%": 0.8153409090909091,
  "in_domain_FPR@95TPR": 0.20045558086560364,
  "out_domain_FPR@95TPR": 0.1864951768488746,
  "in_domain_FPR@fixed": 0.2824601366742597,
  "out_domain_FPR@fixed": 0.2861736334405145,
  "split": "val",
  "images": 1102,
  "ground_truth_objects": 402,
  "input_predictions": 162738,
  "detections": 162738,
  "invalid_predictions_dropped": 0,
  "fppi_threshold": 0.25,
  "false_positives_on_negatives": {
    "total_negative_images": 750,
    "total_false_positives": 228,
    "fppi": 0.304,
    "by_group": {
      "negative_in_domain": {
        "negative_images": 439,
        "false_positives": 133,
        "fppi": 0.30296127562642367
      },
      "negative_out_domain": {
        "negative_images": 311,
        "false_positives": 95,
        "fppi": 0.3054662379421222
      }
    }
  },
  "predictions_above_fppi_threshold_by_group": {
    "negative_in_domain": 133,
    "negative_out_domain": 95,
    "positive": 394
  },
  "relative_scale_metrics": {
    "tiny": {
      "mAP": 0.23964878089815678,
      "mAP50": 0.5377231287579599,
      "mAP75": 0.17891466566011435,
      "mAP_small": null,
      "mAP_medium": 0.22729012572980076,
      "mAP_large": 0.5999999999999999,
      "AR1": 0.2529411764705882,
      "AR10": 0.42941176470588227,
      "AR100": 0.4470588235294117,
      "AR_small": null,
      "AR_medium": 0.4375,
      "AR_large": 0.6,
      "objects": 17,
      "positive_images": 14,
      "detections": 108004
    },
    "small": {
      "mAP": 0.42238925270878,
      "mAP50": 0.6942020434635522,
      "mAP75": 0.45742502421175013,
      "mAP_small": null,
      "mAP_medium": 0.294836695601088,
      "mAP_large": 0.47946680432034783,
      "AR1": 0.33766233766233766,
      "AR10": 0.5298701298701298,
      "AR100": 0.5298701298701298,
      "AR_small": null,
      "AR_medium": 0.35500000000000004,
      "AR_large": 0.5912280701754387,
      "objects": 77,
      "positive_images": 51,
      "detections": 45481
    },
    "medium": {
      "mAP": 0.5375503223986283,
      "mAP50": 0.750370711681962,
      "mAP75": 0.6210051622211487,
      "mAP_small": null,
      "mAP_medium": null,
      "mAP_large": 0.5435403782217927,
      "AR1": 0.6363636363636365,
      "AR10": 0.6707070707070708,
      "AR100": 0.6707070707070708,
      "AR_small": null,
      "AR_medium": null,
      "AR_large": 0.6707070707070708,
      "objects": 99,
      "positive_images": 94,
      "detections": 7677
    },
    "large": {
      "mAP": 0.7162163006514236,
      "mAP50": 0.9086666735595281,
      "mAP75": 0.8362009716043091,
      "mAP_small": null,
      "mAP_medium": null,
      "mAP_large": 0.7162163006514236,
      "AR1": 0.8215311004784688,
      "AR10": 0.8296650717703349,
      "AR100": 0.8296650717703349,
      "AR_small": null,
      "AR_medium": null,
      "AR_large": 0.8296650717703349,
      "objects": 209,
      "positive_images": 207,
      "detections": 1576
    }
  },
  "image_level": {
    "positive_images": 352,
    "negative_images": 750,
    "auroc": 0.9600719696969697,
    "average_precision": 0.923429117864901,
    "fpr_at_target_tpr": {
      "threshold": 0.5127837061882019,
      "tp": 335,
      "fp": 146,
      "tn": 604,
      "fn": 17,
      "tpr": 0.9517045454545454,
      "fpr": 0.19466666666666665,
      "by_negative_group": {
        "negative_in_domain": {
          "negative_images": 439,
          "false_positive_images": 88,
          "fpr": 0.20045558086560364
        },
        "negative_out_domain": {
          "negative_images": 311,
          "false_positive_images": 58,
          "fpr": 0.1864951768488746
        }
      },
      "target_tpr": 0.95
    },
    "recall_at_fpr": {
      "0.01": {
        "max_fpr": 0.01,
        "threshold": 0.9999563694000244,
        "recall": 0.42045454545454547,
        "fpr": 0.009333333333333334,
        "tp": 148,
        "fp": 7,
        "tn": 743,
        "fn": 204
      },
      "0.05": {
        "max_fpr": 0.05,
        "threshold": 0.990667998790741,
        "recall": 0.8153409090909091,
        "fpr": 0.044,
        "tp": 287,
        "fp": 33,
        "tn": 717,
        "fn": 65
      }
    },
    "fixed_threshold": {
      "threshold": 0.25,
      "tp": 343,
      "fp": 213,
      "tn": 537,
      "fn": 9,
      "tpr": 0.9744318181818182,
      "fpr": 0.284,
      "by_negative_group": {
        "negative_in_domain": {
          "negative_images": 439,
          "false_positive_images": 124,
          "fpr": 0.2824601366742597
        },
        "negative_out_domain": {
          "negative_images": 311,
          "false_positive_images": 89,
          "fpr": 0.2861736334405145
        }
      }
    }
  }
}
