{
  "mAP": 0.6685087941852865,
  "mAP50": 0.956823436247065,
  "mAP75": 0.7779278019429708,
  "mAP_small": null,
  "mAP_medium": 0.5005803241673233,
  "mAP_large": 0.6826587729940597,
  "AR1": 0.6398009950248756,
  "AR10": 0.7365671641791045,
  "AR100": 0.7378109452736319,
  "AR_small": null,
  "AR_medium": 0.6222222222222222,
  "AR_large": 0.7491803278688526,
  "mAP_tiny_rel": 0.4713469541463497,
  "mAP50_tiny_rel": 0.8218194450742282,
  "mAP75_tiny_rel": 0.579089213269153,
  "AR100_tiny_rel": 0.6,
  "mAP_small_rel": 0.4632650443715333,
  "mAP50_small_rel": 0.7692466238538604,
  "mAP75_small_rel": 0.4831152095801533,
  "AR100_small_rel": 0.5623376623376624,
  "mAP_medium_rel": 0.5511840858279443,
  "mAP50_medium_rel": 0.8110529884624893,
  "mAP75_medium_rel": 0.6391714826170715,
  "AR100_medium_rel": 0.685858585858586,
  "mAP_large_rel": 0.7054277887744184,
  "mAP50_large_rel": 0.9336239925017736,
  "mAP75_large_rel": 0.8397558818886907,
  "AR100_large_rel": 0.7736842105263159,
  "mAP_tiny": 0.4713469541463497,
  "image_AUROC": 0.9917291666666667,
  "image_AP": 0.9848281002870528,
  "FPR@95TPR": 0.02266666666666667,
  "threshold@95TPR": 0.8367081880569458,
  "TPR@95TPR": 0.9517045454545454,
  "Recall@FPR=1%": 0.9318181818181818,
  "Recall@FPR=5%": 0.9801136363636364,
  "in_domain_FPR@95TPR": 0.03644646924829157,
  "out_domain_FPR@95TPR": 0.003215434083601286,
  "in_domain_FPR@fixed": 0.09111617312072894,
  "out_domain_FPR@fixed": 0.01929260450160772,
  "split": "val",
  "images": 1102,
  "ground_truth_objects": 402,
  "input_predictions": 3916,
  "detections": 3916,
  "invalid_predictions_dropped": 0,
  "fppi_threshold": 0.25,
  "false_positives_on_negatives": {
    "total_negative_images": 750,
    "total_false_positives": 58,
    "fppi": 0.07733333333333334,
    "by_group": {
      "negative_in_domain": {
        "negative_images": 439,
        "false_positives": 47,
        "fppi": 0.1070615034168565
      },
      "negative_out_domain": {
        "negative_images": 311,
        "false_positives": 11,
        "fppi": 0.03536977491961415
      }
    }
  },
  "predictions_above_fppi_threshold_by_group": {
    "negative_in_domain": 47,
    "negative_out_domain": 11,
    "positive": 476
  },
  "relative_scale_metrics": {
    "tiny": {
      "mAP": 0.4713469541463497,
      "mAP50": 0.8218194450742282,
      "mAP75": 0.579089213269153,
      "mAP_small": null,
      "mAP_medium": 0.4584236431161913,
      "mAP_large": 0.7999999999999999,
      "AR1": 0.5058823529411764,
      "AR10": 0.6,
      "AR100": 0.6,
      "AR_small": null,
      "AR_medium": 0.5875,
      "AR_large": 0.8,
      "objects": 17,
      "positive_images": 14,
      "detections": 654
    },
    "small": {
      "mAP": 0.4632650443715333,
      "mAP50": 0.7692466238538604,
      "mAP75": 0.4831152095801533,
      "mAP_small": null,
      "mAP_medium": 0.35697534582703644,
      "mAP_large": 0.5044018053871455,
      "AR1": 0.34545454545454546,
      "AR10": 0.5623376623376624,
      "AR100": 0.5623376623376624,
      "AR_small": null,
      "AR_medium": 0.4600000000000001,
      "AR_large": 0.5982456140350878,
      "objects": 77,
      "positive_images": 51,
      "detections": 964
    },
    "medium": {
      "mAP": 0.5511840858279443,
      "mAP50": 0.8110529884624893,
      "mAP75": 0.6391714826170715,
      "mAP_small": null,
      "mAP_medium": null,
      "mAP_large": 0.5514752681410687,
      "AR1": 0.6212121212121212,
      "AR10": 0.685858585858586,
      "AR100": 0.685858585858586,
      "AR_small": null,
      "AR_medium": null,
      "AR_large": 0.685858585858586,
      "objects": 99,
      "positive_images": 94,
      "detections": 1452
    },
    "large": {
      "mAP": 0.7054277887744184,
      "mAP50": 0.9336239925017736,
      "mAP75": 0.8397558818886907,
      "mAP_small": null,
      "mAP_medium": null,
      "mAP_large": 0.7054277887744184,
      "AR1": 0.7612440191387561,
      "AR10": 0.7736842105263159,
      "AR100": 0.7736842105263159,
      "AR_small": null,
      "AR_medium": null,
      "AR_large": 0.7736842105263159,
      "objects": 209,
      "positive_images": 207,
      "detections": 846
    }
  },
  "image_level": {
    "positive_images": 352,
    "negative_images": 750,
    "auroc": 0.9917291666666667,
    "average_precision": 0.9848281002870528,
    "fpr_at_target_tpr": {
      "threshold": 0.8367081880569458,
      "tp": 335,
      "fp": 17,
      "tn": 733,
      "fn": 17,
      "tpr": 0.9517045454545454,
      "fpr": 0.02266666666666667,
      "by_negative_group": {
        "negative_in_domain": {
          "negative_images": 439,
          "false_positive_images": 16,
          "fpr": 0.03644646924829157
        },
        "negative_out_domain": {
          "negative_images": 311,
          "false_positive_images": 1,
          "fpr": 0.003215434083601286
        }
      },
      "target_tpr": 0.95
    },
    "recall_at_fpr": {
      "0.01": {
        "max_fpr": 0.01,
        "threshold": 0.9399075508117676,
        "recall": 0.9318181818181818,
        "fpr": 0.009333333333333334,
        "tp": 328,
        "fp": 7,
        "tn": 743,
        "fn": 24
      },
      "0.05": {
        "max_fpr": 0.05,
        "threshold": 0.3937283456325531,
        "recall": 0.9801136363636364,
        "fpr": 0.044,
        "tp": 345,
        "fp": 33,
        "tn": 717,
        "fn": 7
      }
    },
    "fixed_threshold": {
      "threshold": 0.25,
      "tp": 345,
      "fp": 46,
      "tn": 704,
      "fn": 7,
      "tpr": 0.9801136363636364,
      "fpr": 0.06133333333333333,
      "by_negative_group": {
        "negative_in_domain": {
          "negative_images": 439,
          "false_positive_images": 40,
          "fpr": 0.09111617312072894
        },
        "negative_out_domain": {
          "negative_images": 311,
          "false_positive_images": 6,
          "fpr": 0.01929260450160772
        }
      }
    }
  }
}
