{
  "mAP": 0.6850158004799988,
  "mAP50": 0.9577073057669814,
  "mAP75": 0.794674669383816,
  "mAP_small": 0.5999999999999999,
  "mAP_medium": 0.4450880601132694,
  "mAP_large": 0.7066729110699571,
  "AR1": 0.657934508816121,
  "AR10": 0.7481108312342569,
  "AR100": 0.7481108312342569,
  "AR_small": 0.6,
  "AR_medium": 0.5470588235294118,
  "AR_large": 0.767403314917127,
  "mAP_tiny_rel": 0.402289762514055,
  "mAP50_tiny_rel": 0.6546408987691861,
  "mAP75_tiny_rel": 0.4185418541854186,
  "AR100_tiny_rel": 0.4866666666666667,
  "mAP_small_rel": 0.4697967950471125,
  "mAP50_small_rel": 0.8330944149915596,
  "mAP75_small_rel": 0.46983107829225396,
  "AR100_small_rel": 0.5799999999999998,
  "mAP_medium_rel": 0.6542015678260447,
  "mAP50_medium_rel": 0.8887302701239429,
  "mAP75_medium_rel": 0.7514414879152052,
  "AR100_medium_rel": 0.7327102803738318,
  "mAP_large_rel": 0.7453902684076676,
  "mAP50_large_rel": 0.9608326075539235,
  "mAP75_large_rel": 0.9138594778477799,
  "AR100_large_rel": 0.806829268292683,
  "mAP_tiny": 0.402289762514055,
  "image_AUROC": 0.9886381766381767,
  "image_AP": 0.9814943028971784,
  "FPR@95TPR": 0.06666666666666667,
  "threshold@95TPR": 0.9128020405769348,
  "TPR@95TPR": 0.9515669515669516,
  "Recall@FPR=1%": 0.8803418803418803,
  "Recall@FPR=5%": 0.9458689458689459,
  "in_domain_FPR@95TPR": 0.11389521640091116,
  "out_domain_FPR@95TPR": 0.0,
  "in_domain_FPR@fixed": 0.27790432801822323,
  "out_domain_FPR@fixed": 0.06109324758842444,
  "split": "test",
  "images": 1101,
  "ground_truth_objects": 397,
  "input_predictions": 4468,
  "detections": 4468,
  "invalid_predictions_dropped": 0,
  "fppi_threshold": 0.25,
  "false_positives_on_negatives": {
    "total_negative_images": 750,
    "total_false_positives": 171,
    "fppi": 0.228,
    "by_group": {
      "negative_in_domain": {
        "negative_images": 439,
        "false_positives": 147,
        "fppi": 0.3348519362186788
      },
      "negative_out_domain": {
        "negative_images": 311,
        "false_positives": 24,
        "fppi": 0.07717041800643087
      }
    }
  },
  "predictions_above_fppi_threshold_by_group": {
    "negative_in_domain": 147,
    "negative_out_domain": 24,
    "positive": 452
  },
  "relative_scale_metrics": {
    "tiny": {
      "mAP": 0.402289762514055,
      "mAP50": 0.6546408987691861,
      "mAP75": 0.4185418541854186,
      "mAP_small": 0.5999999999999999,
      "mAP_medium": 0.42535654066714423,
      "mAP_large": 0.0,
      "AR1": 0.38,
      "AR10": 0.4866666666666667,
      "AR100": 0.4866666666666667,
      "AR_small": 0.6,
      "AR_medium": 0.5153846153846154,
      "AR_large": 0.0,
      "objects": 15,
      "positive_images": 14,
      "detections": 664
    },
    "small": {
      "mAP": 0.4697967950471125,
      "mAP50": 0.8330944149915596,
      "mAP75": 0.46983107829225396,
      "mAP_small": null,
      "mAP_medium": 0.42227730494770394,
      "mAP_large": 0.495384193135433,
      "AR1": 0.3928571428571428,
      "AR10": 0.5799999999999998,
      "AR100": 0.5799999999999998,
      "AR_small": null,
      "AR_medium": 0.5349999999999999,
      "AR_large": 0.5979999999999999,
      "objects": 70,
      "positive_images": 51,
      "detections": 917
    },
    "medium": {
      "mAP": 0.6542015678260447,
      "mAP50": 0.8887302701239429,
      "mAP75": 0.7514414879152052,
      "mAP_small": null,
      "mAP_medium": 0.6999999999999998,
      "mAP_large": 0.656294722328142,
      "AR1": 0.6551401869158878,
      "AR10": 0.7327102803738318,
      "AR100": 0.7327102803738318,
      "AR_small": null,
      "AR_medium": 0.7,
      "AR_large": 0.7330188679245283,
      "objects": 107,
      "positive_images": 97,
      "detections": 1674
    },
    "large": {
      "mAP": 0.7453902684076676,
      "mAP50": 0.9608326075539235,
      "mAP75": 0.9138594778477799,
      "mAP_small": null,
      "mAP_medium": null,
      "mAP_large": 0.7453902684076676,
      "AR1": 0.8004878048780487,
      "AR10": 0.806829268292683,
      "AR100": 0.806829268292683,
      "AR_small": null,
      "AR_medium": null,
      "AR_large": 0.806829268292683,
      "objects": 205,
      "positive_images": 204,
      "detections": 1213
    }
  },
  "image_level": {
    "positive_images": 351,
    "negative_images": 750,
    "auroc": 0.9886381766381767,
    "average_precision": 0.9814943028971784,
    "fpr_at_target_tpr": {
      "threshold": 0.9128020405769348,
      "tp": 334,
      "fp": 50,
      "tn": 700,
      "fn": 17,
      "tpr": 0.9515669515669516,
      "fpr": 0.06666666666666667,
      "by_negative_group": {
        "negative_in_domain": {
          "negative_images": 439,
          "false_positive_images": 50,
          "fpr": 0.11389521640091116
        },
        "negative_out_domain": {
          "negative_images": 311,
          "false_positive_images": 0,
          "fpr": 0.0
        }
      },
      "target_tpr": 0.95
    },
    "recall_at_fpr": {
      "0.01": {
        "max_fpr": 0.01,
        "threshold": 0.9894227385520935,
        "recall": 0.8803418803418803,
        "fpr": 0.009333333333333334,
        "tp": 309,
        "fp": 7,
        "tn": 743,
        "fn": 42
      },
      "0.05": {
        "max_fpr": 0.05,
        "threshold": 0.9454240798950195,
        "recall": 0.9458689458689459,
        "fpr": 0.04933333333333333,
        "tp": 332,
        "fp": 37,
        "tn": 713,
        "fn": 19
      }
    },
    "fixed_threshold": {
      "threshold": 0.25,
      "tp": 346,
      "fp": 141,
      "tn": 609,
      "fn": 5,
      "tpr": 0.9857549857549858,
      "fpr": 0.188,
      "by_negative_group": {
        "negative_in_domain": {
          "negative_images": 439,
          "false_positive_images": 122,
          "fpr": 0.27790432801822323
        },
        "negative_out_domain": {
          "negative_images": 311,
          "false_positive_images": 19,
          "fpr": 0.06109324758842444
        }
      }
    }
  }
}
