{
  "mAP": 0.5941827738302647,
  "mAP50": 0.9077521192489174,
  "mAP75": 0.6692552817025461,
  "mAP_small": null,
  "mAP_medium": 0.20266849057534878,
  "mAP_large": 0.6241490067804469,
  "AR1": 0.5888059701492537,
  "AR10": 0.6728855721393034,
  "AR100": 0.6761194029850747,
  "AR_small": null,
  "AR_medium": 0.44444444444444436,
  "AR_large": 0.6989071038251368,
  "mAP_tiny_rel": 0.09280618244830305,
  "mAP50_tiny_rel": 0.29199267421735237,
  "mAP75_tiny_rel": 0.00862536186863012,
  "AR100_tiny_rel": 0.36470588235294116,
  "mAP_small_rel": 0.35604607975809155,
  "mAP50_small_rel": 0.6444995531734163,
  "mAP75_small_rel": 0.3392371742907937,
  "AR100_small_rel": 0.4896103896103896,
  "mAP_medium_rel": 0.4924254550798596,
  "mAP50_medium_rel": 0.753989962733163,
  "mAP75_medium_rel": 0.5915238371734,
  "AR100_medium_rel": 0.6090909090909091,
  "mAP_large_rel": 0.6599008392639693,
  "mAP50_large_rel": 0.9306757582000013,
  "mAP75_large_rel": 0.7806713045597156,
  "AR100_large_rel": 0.7373205741626794,
  "mAP_tiny": 0.09280618244830305,
  "image_AUROC": 0.983814393939394,
  "image_AP": 0.9675522764001434,
  "FPR@95TPR": 0.06266666666666666,
  "threshold@95TPR": 0.36284148693084717,
  "TPR@95TPR": 0.9517045454545454,
  "Recall@FPR=1%": 0.8210227272727273,
  "Recall@FPR=5%": 0.9403409090909091,
  "in_domain_FPR@95TPR": 0.0979498861047836,
  "out_domain_FPR@95TPR": 0.012861736334405145,
  "in_domain_FPR@fixed": 0.1366742596810934,
  "out_domain_FPR@fixed": 0.01929260450160772,
  "split": "val",
  "images": 1102,
  "ground_truth_objects": 402,
  "input_predictions": 13048,
  "detections": 13048,
  "invalid_predictions_dropped": 0,
  "fppi_threshold": 0.25,
  "false_positives_on_negatives": {
    "total_negative_images": 750,
    "total_false_positives": 84,
    "fppi": 0.112,
    "by_group": {
      "negative_in_domain": {
        "negative_images": 439,
        "false_positives": 70,
        "fppi": 0.15945330296127563
      },
      "negative_out_domain": {
        "negative_images": 311,
        "false_positives": 14,
        "fppi": 0.04501607717041801
      }
    }
  },
  "predictions_above_fppi_threshold_by_group": {
    "negative_in_domain": 70,
    "negative_out_domain": 14,
    "positive": 499
  },
  "relative_scale_metrics": {
    "tiny": {
      "mAP": 0.09280618244830305,
      "mAP50": 0.29199267421735237,
      "mAP75": 0.00862536186863012,
      "mAP_small": null,
      "mAP_medium": 0.10710421757867133,
      "mAP_large": 0.06666666666666665,
      "AR1": 0.1588235294117647,
      "AR10": 0.36470588235294116,
      "AR100": 0.36470588235294116,
      "AR_small": null,
      "AR_medium": 0.3625,
      "AR_large": 0.4,
      "objects": 17,
      "positive_images": 14,
      "detections": 3977
    },
    "small": {
      "mAP": 0.35604607975809155,
      "mAP50": 0.6444995531734163,
      "mAP75": 0.3392371742907937,
      "mAP_small": null,
      "mAP_medium": 0.1647832275296269,
      "mAP_large": 0.4284067816982299,
      "AR1": 0.30259740259740264,
      "AR10": 0.48441558441558435,
      "AR100": 0.4896103896103896,
      "AR_small": null,
      "AR_medium": 0.37,
      "AR_large": 0.531578947368421,
      "objects": 77,
      "positive_images": 51,
      "detections": 5588
    },
    "medium": {
      "mAP": 0.4924254550798596,
      "mAP50": 0.753989962733163,
      "mAP75": 0.5915238371734,
      "mAP_small": null,
      "mAP_medium": null,
      "mAP_large": 0.492968573595206,
      "AR1": 0.5565656565656567,
      "AR10": 0.6090909090909091,
      "AR100": 0.6090909090909091,
      "AR_small": null,
      "AR_medium": null,
      "AR_large": 0.6090909090909091,
      "objects": 99,
      "positive_images": 94,
      "detections": 2533
    },
    "large": {
      "mAP": 0.6599008392639693,
      "mAP50": 0.9306757582000013,
      "mAP75": 0.7806713045597156,
      "mAP_small": null,
      "mAP_medium": null,
      "mAP_large": 0.6599008392639693,
      "AR1": 0.7253588516746412,
      "AR10": 0.7373205741626794,
      "AR100": 0.7373205741626794,
      "AR_small": null,
      "AR_medium": null,
      "AR_large": 0.7373205741626794,
      "objects": 209,
      "positive_images": 207,
      "detections": 950
    }
  },
  "image_level": {
    "positive_images": 352,
    "negative_images": 750,
    "auroc": 0.983814393939394,
    "average_precision": 0.9675522764001434,
    "fpr_at_target_tpr": {
      "threshold": 0.36284148693084717,
      "tp": 335,
      "fp": 47,
      "tn": 703,
      "fn": 17,
      "tpr": 0.9517045454545454,
      "fpr": 0.06266666666666666,
      "by_negative_group": {
        "negative_in_domain": {
          "negative_images": 439,
          "false_positive_images": 43,
          "fpr": 0.0979498861047836
        },
        "negative_out_domain": {
          "negative_images": 311,
          "false_positive_images": 4,
          "fpr": 0.012861736334405145
        }
      },
      "target_tpr": 0.95
    },
    "recall_at_fpr": {
      "0.01": {
        "max_fpr": 0.01,
        "threshold": 0.9323702454566956,
        "recall": 0.8210227272727273,
        "fpr": 0.009333333333333334,
        "tp": 289,
        "fp": 7,
        "tn": 743,
        "fn": 63
      },
      "0.05": {
        "max_fpr": 0.05,
        "threshold": 0.5390151143074036,
        "recall": 0.9403409090909091,
        "fpr": 0.04666666666666667,
        "tp": 331,
        "fp": 35,
        "tn": 715,
        "fn": 21
      }
    },
    "fixed_threshold": {
      "threshold": 0.25,
      "tp": 338,
      "fp": 66,
      "tn": 684,
      "fn": 14,
      "tpr": 0.9602272727272727,
      "fpr": 0.088,
      "by_negative_group": {
        "negative_in_domain": {
          "negative_images": 439,
          "false_positive_images": 60,
          "fpr": 0.1366742596810934
        },
        "negative_out_domain": {
          "negative_images": 311,
          "false_positive_images": 6,
          "fpr": 0.01929260450160772
        }
      }
    }
  }
}
