{
  "mAP": 0.0004755977236038972,
  "mAP50": 0.0018386708324651657,
  "mAP75": 0.00011778361926311761,
  "mAP_small": null,
  "mAP_medium": 0.0,
  "mAP_large": 0.0005725716319875401,
  "AR1": 0.0004975124378109452,
  "AR10": 0.007960199004975124,
  "AR100": 0.22935323383084577,
  "AR_small": null,
  "AR_medium": 0.0,
  "AR_large": 0.25191256830601094,
  "mAP_tiny_rel": 0.0,
  "mAP50_tiny_rel": 0.0,
  "mAP75_tiny_rel": 0.0,
  "AR100_tiny_rel": 0.0,
  "mAP_small_rel": 0.0,
  "mAP50_small_rel": 0.0,
  "mAP75_small_rel": 0.0,
  "AR100_small_rel": 0.0,
  "mAP_medium_rel": 0.00011460539969039041,
  "mAP50_medium_rel": 0.0005107326072332118,
  "mAP75_medium_rel": 3.246669796095609e-06,
  "AR100_medium_rel": 0.13333333333333336,
  "mAP_large_rel": 0.002447387622537013,
  "mAP50_large_rel": 0.010313200554262297,
  "mAP75_large_rel": 0.0006291022192167492,
  "AR100_large_rel": 0.3607655502392345,
  "mAP_tiny": 0.0,
  "image_AUROC": 0.4840265151515151,
  "image_AP": 0.3061634798482192,
  "FPR@95TPR": 0.8746666666666667,
  "threshold@95TPR": 0.06398942321538925,
  "TPR@95TPR": 0.9517045454545454,
  "Recall@FPR=1%": 0.005681818181818182,
  "Recall@FPR=5%": 0.05113636363636364,
  "in_domain_FPR@95TPR": 0.9772209567198178,
  "out_domain_FPR@95TPR": 0.729903536977492,
  "in_domain_FPR@fixed": 0.0,
  "out_domain_FPR@fixed": 0.0,
  "split": "val",
  "images": 1102,
  "ground_truth_objects": 402,
  "input_predictions": 110200,
  "detections": 110200,
  "invalid_predictions_dropped": 0,
  "fppi_threshold": 0.25,
  "false_positives_on_negatives": {
    "total_negative_images": 750,
    "total_false_positives": 0,
    "fppi": 0.0,
    "by_group": {
      "negative_in_domain": {
        "negative_images": 439,
        "false_positives": 0,
        "fppi": 0.0
      },
      "negative_out_domain": {
        "negative_images": 311,
        "false_positives": 0,
        "fppi": 0.0
      }
    }
  },
  "predictions_above_fppi_threshold_by_group": {},
  "relative_scale_metrics": {
    "tiny": {
      "mAP": 0.0,
      "mAP50": 0.0,
      "mAP75": 0.0,
      "mAP_small": null,
      "mAP_medium": 0.0,
      "mAP_large": 0.0,
      "AR1": 0.0,
      "AR10": 0.0,
      "AR100": 0.0,
      "AR_small": null,
      "AR_medium": 0.0,
      "AR_large": 0.0,
      "objects": 17,
      "positive_images": 14,
      "detections": 3316
    },
    "small": {
      "mAP": 0.0,
      "mAP50": 0.0,
      "mAP75": 0.0,
      "mAP_small": null,
      "mAP_medium": 0.0,
      "mAP_large": 0.0,
      "AR1": 0.0,
      "AR10": 0.0,
      "AR100": 0.0,
      "AR_small": null,
      "AR_medium": 0.0,
      "AR_large": 0.0,
      "objects": 77,
      "positive_images": 51,
      "detections": 32419
    },
    "medium": {
      "mAP": 0.00011460539969039041,
      "mAP50": 0.0005107326072332118,
      "mAP75": 3.246669796095609e-06,
      "mAP_small": null,
      "mAP_medium": null,
      "mAP_large": 0.0001182801124593412,
      "AR1": 0.00202020202020202,
      "AR10": 0.01919191919191919,
      "AR100": 0.13333333333333336,
      "AR_small": null,
      "AR_medium": null,
      "AR_large": 0.13333333333333336,
      "objects": 99,
      "positive_images": 94,
      "detections": 38432
    },
    "large": {
      "mAP": 0.002447387622537013,
      "mAP50": 0.010313200554262297,
      "mAP75": 0.0006291022192167492,
      "mAP_small": null,
      "mAP_medium": null,
      "mAP_large": 0.0024533822572334694,
      "AR1": 0.005263157894736842,
      "AR10": 0.20765550239234448,
      "AR100": 0.3607655502392345,
      "AR_small": null,
      "AR_medium": null,
      "AR_large": 0.3607655502392345,
      "objects": 209,
      "positive_images": 207,
      "detections": 36033
    }
  },
  "image_level": {
    "positive_images": 352,
    "negative_images": 750,
    "auroc": 0.4840265151515151,
    "average_precision": 0.3061634798482192,
    "fpr_at_target_tpr": {
      "threshold": 0.06398942321538925,
      "tp": 335,
      "fp": 656,
      "tn": 94,
      "fn": 17,
      "tpr": 0.9517045454545454,
      "fpr": 0.8746666666666667,
      "by_negative_group": {
        "negative_in_domain": {
          "negative_images": 439,
          "false_positive_images": 429,
          "fpr": 0.9772209567198178
        },
        "negative_out_domain": {
          "negative_images": 311,
          "false_positive_images": 227,
          "fpr": 0.729903536977492
        }
      },
      "target_tpr": 0.95
    },
    "recall_at_fpr": {
      "0.01": {
        "max_fpr": 0.01,
        "threshold": 0.09108049422502518,
        "recall": 0.005681818181818182,
        "fpr": 0.008,
        "tp": 2,
        "fp": 6,
        "tn": 744,
        "fn": 350
      },
      "0.05": {
        "max_fpr": 0.05,
        "threshold": 0.0880521908402443,
        "recall": 0.05113636363636364,
        "fpr": 0.04666666666666667,
        "tp": 18,
        "fp": 35,
        "tn": 715,
        "fn": 334
      }
    },
    "fixed_threshold": {
      "threshold": 0.25,
      "tp": 0,
      "fp": 0,
      "tn": 750,
      "fn": 352,
      "tpr": 0.0,
      "fpr": 0.0,
      "by_negative_group": {
        "negative_in_domain": {
          "negative_images": 439,
          "false_positive_images": 0,
          "fpr": 0.0
        },
        "negative_out_domain": {
          "negative_images": 311,
          "false_positive_images": 0,
          "fpr": 0.0
        }
      }
    }
  }
}
