{
  "mAP": 0.5786363918835851,
  "mAP50": 0.9485707921818991,
  "mAP75": 0.6471244238085591,
  "mAP_small": null,
  "mAP_medium": 0.45720175929053086,
  "mAP_large": 0.5904004716783657,
  "AR1": 0.5820895522388059,
  "AR10": 0.668905472636816,
  "AR100": 0.6703980099502488,
  "AR_small": null,
  "AR_medium": 0.5805555555555555,
  "AR_large": 0.6792349726775957,
  "mAP_tiny_rel": 0.4201496522406983,
  "mAP50_tiny_rel": 0.749577401923506,
  "mAP75_tiny_rel": 0.42916291629162917,
  "AR100_tiny_rel": 0.5470588235294118,
  "mAP_small_rel": 0.4415905467824608,
  "mAP50_small_rel": 0.7447491886543778,
  "mAP75_small_rel": 0.4581986206465965,
  "AR100_small_rel": 0.5506493506493506,
  "mAP_medium_rel": 0.42273907989312276,
  "mAP50_medium_rel": 0.7214429652597217,
  "mAP75_medium_rel": 0.44998368455009796,
  "AR100_medium_rel": 0.6333333333333333,
  "mAP_large_rel": 0.5826745835928266,
  "mAP50_large_rel": 0.8988969740006112,
  "mAP75_large_rel": 0.6936235700970604,
  "AR100_large_rel": 0.6650717703349283,
  "mAP_tiny": 0.4201496522406983,
  "image_AUROC": 0.9936666666666667,
  "image_AP": 0.9877523055832107,
  "FPR@95TPR": 0.02266666666666667,
  "threshold@95TPR": 0.8346866965293884,
  "TPR@95TPR": 0.9517045454545454,
  "Recall@FPR=1%": 0.9147727272727273,
  "Recall@FPR=5%": 0.9801136363636364,
  "in_domain_FPR@95TPR": 0.03644646924829157,
  "out_domain_FPR@95TPR": 0.003215434083601286,
  "in_domain_FPR@fixed": 0.11389521640091116,
  "out_domain_FPR@fixed": 0.04501607717041801,
  "split": "val",
  "images": 1102,
  "ground_truth_objects": 402,
  "input_predictions": 5885,
  "detections": 5885,
  "invalid_predictions_dropped": 0,
  "fppi_threshold": 0.25,
  "false_positives_on_negatives": {
    "total_negative_images": 750,
    "total_false_positives": 79,
    "fppi": 0.10533333333333333,
    "by_group": {
      "negative_in_domain": {
        "negative_images": 439,
        "false_positives": 58,
        "fppi": 0.13211845102505695
      },
      "negative_out_domain": {
        "negative_images": 311,
        "false_positives": 21,
        "fppi": 0.06752411575562701
      }
    }
  },
  "predictions_above_fppi_threshold_by_group": {
    "negative_in_domain": 58,
    "negative_out_domain": 21,
    "positive": 524
  },
  "relative_scale_metrics": {
    "tiny": {
      "mAP": 0.4201496522406983,
      "mAP50": 0.749577401923506,
      "mAP75": 0.42916291629162917,
      "mAP_small": null,
      "mAP_medium": 0.3957334828536857,
      "mAP_large": 0.6999999999999998,
      "AR1": 0.4294117647058823,
      "AR10": 0.5470588235294118,
      "AR100": 0.5470588235294118,
      "AR_small": null,
      "AR_medium": 0.5375,
      "AR_large": 0.7,
      "objects": 17,
      "positive_images": 14,
      "detections": 742
    },
    "small": {
      "mAP": 0.4415905467824608,
      "mAP50": 0.7447491886543778,
      "mAP75": 0.4581986206465965,
      "mAP_small": null,
      "mAP_medium": 0.3338820956670049,
      "mAP_large": 0.4831515760768531,
      "AR1": 0.35454545454545455,
      "AR10": 0.5506493506493506,
      "AR100": 0.5506493506493506,
      "AR_small": null,
      "AR_medium": 0.46499999999999997,
      "AR_large": 0.5807017543859649,
      "objects": 77,
      "positive_images": 51,
      "detections": 1339
    },
    "medium": {
      "mAP": 0.42273907989312276,
      "mAP50": 0.7214429652597217,
      "mAP75": 0.44998368455009796,
      "mAP_small": null,
      "mAP_medium": null,
      "mAP_large": 0.42293625061037815,
      "AR1": 0.5787878787878787,
      "AR10": 0.6333333333333333,
      "AR100": 0.6333333333333333,
      "AR_small": null,
      "AR_medium": null,
      "AR_large": 0.6333333333333333,
      "objects": 99,
      "positive_images": 94,
      "detections": 2395
    },
    "large": {
      "mAP": 0.5826745835928266,
      "mAP50": 0.8988969740006112,
      "mAP75": 0.6936235700970604,
      "mAP_small": null,
      "mAP_medium": null,
      "mAP_large": 0.5826745835928266,
      "AR1": 0.6483253588516747,
      "AR10": 0.6650717703349283,
      "AR100": 0.6650717703349283,
      "AR_small": null,
      "AR_medium": null,
      "AR_large": 0.6650717703349283,
      "objects": 209,
      "positive_images": 207,
      "detections": 1409
    }
  },
  "image_level": {
    "positive_images": 352,
    "negative_images": 750,
    "auroc": 0.9936666666666667,
    "average_precision": 0.9877523055832107,
    "fpr_at_target_tpr": {
      "threshold": 0.8346866965293884,
      "tp": 335,
      "fp": 17,
      "tn": 733,
      "fn": 17,
      "tpr": 0.9517045454545454,
      "fpr": 0.02266666666666667,
      "by_negative_group": {
        "negative_in_domain": {
          "negative_images": 439,
          "false_positive_images": 16,
          "fpr": 0.03644646924829157
        },
        "negative_out_domain": {
          "negative_images": 311,
          "false_positive_images": 1,
          "fpr": 0.003215434083601286
        }
      },
      "target_tpr": 0.95
    },
    "recall_at_fpr": {
      "0.01": {
        "max_fpr": 0.01,
        "threshold": 0.9389306306838989,
        "recall": 0.9147727272727273,
        "fpr": 0.009333333333333334,
        "tp": 322,
        "fp": 7,
        "tn": 743,
        "fn": 30
      },
      "0.05": {
        "max_fpr": 0.05,
        "threshold": 0.6028357148170471,
        "recall": 0.9801136363636364,
        "fpr": 0.04533333333333334,
        "tp": 345,
        "fp": 34,
        "tn": 716,
        "fn": 7
      }
    },
    "fixed_threshold": {
      "threshold": 0.25,
      "tp": 346,
      "fp": 64,
      "tn": 686,
      "fn": 6,
      "tpr": 0.9829545454545454,
      "fpr": 0.08533333333333333,
      "by_negative_group": {
        "negative_in_domain": {
          "negative_images": 439,
          "false_positive_images": 50,
          "fpr": 0.11389521640091116
        },
        "negative_out_domain": {
          "negative_images": 311,
          "false_positive_images": 14,
          "fpr": 0.04501607717041801
        }
      }
    }
  }
}
