{
  "mAP": 0.552873915861396,
  "mAP50": 0.9316657227862093,
  "mAP75": 0.594684965467985,
  "mAP_small": null,
  "mAP_medium": 0.4147735458633912,
  "mAP_large": 0.5652629092983571,
  "AR1": 0.5557213930348259,
  "AR10": 0.6422885572139304,
  "AR100": 0.6485074626865671,
  "AR_small": null,
  "AR_medium": 0.5666666666666667,
  "AR_large": 0.6565573770491804,
  "mAP_tiny_rel": 0.30618964635654333,
  "mAP50_tiny_rel": 0.626917688176629,
  "mAP75_tiny_rel": 0.1782178217821782,
  "AR100_tiny_rel": 0.5294117647058824,
  "mAP_small_rel": 0.40799634617367,
  "mAP50_small_rel": 0.7229194055946062,
  "mAP75_small_rel": 0.44924199428380973,
  "AR100_small_rel": 0.561038961038961,
  "mAP_medium_rel": 0.4186799604207846,
  "mAP50_medium_rel": 0.6828635112798982,
  "mAP75_medium_rel": 0.4425920705964804,
  "AR100_medium_rel": 0.6191919191919192,
  "mAP_large_rel": 0.544965258909791,
  "mAP50_large_rel": 0.8763741958833474,
  "mAP75_large_rel": 0.6141265780489121,
  "AR100_large_rel": 0.6354066985645933,
  "mAP_tiny": 0.30618964635654333,
  "image_AUROC": 0.9884166666666667,
  "image_AP": 0.9814111902443813,
  "FPR@95TPR": 0.034666666666666665,
  "threshold@95TPR": 0.705123782157898,
  "TPR@95TPR": 0.9517045454545454,
  "Recall@FPR=1%": 0.8465909090909091,
  "Recall@FPR=5%": 0.9659090909090909,
  "in_domain_FPR@95TPR": 0.05694760820045558,
  "out_domain_FPR@95TPR": 0.003215434083601286,
  "in_domain_FPR@fixed": 0.17995444191343962,
  "out_domain_FPR@fixed": 0.07717041800643087,
  "split": "val",
  "images": 1102,
  "ground_truth_objects": 402,
  "input_predictions": 15042,
  "detections": 15042,
  "invalid_predictions_dropped": 0,
  "fppi_threshold": 0.25,
  "false_positives_on_negatives": {
    "total_negative_images": 750,
    "total_false_positives": 152,
    "fppi": 0.20266666666666666,
    "by_group": {
      "negative_in_domain": {
        "negative_images": 439,
        "false_positives": 115,
        "fppi": 0.2619589977220957
      },
      "negative_out_domain": {
        "negative_images": 311,
        "false_positives": 37,
        "fppi": 0.1189710610932476
      }
    }
  },
  "predictions_above_fppi_threshold_by_group": {
    "negative_in_domain": 115,
    "negative_out_domain": 37,
    "positive": 633
  },
  "relative_scale_metrics": {
    "tiny": {
      "mAP": 0.30618964635654333,
      "mAP50": 0.626917688176629,
      "mAP75": 0.1782178217821782,
      "mAP_small": null,
      "mAP_medium": 0.3282650340292404,
      "mAP_large": 0.35,
      "AR1": 0.4235294117647059,
      "AR10": 0.5294117647058824,
      "AR100": 0.5294117647058824,
      "AR_small": null,
      "AR_medium": 0.51875,
      "AR_large": 0.7,
      "objects": 17,
      "positive_images": 14,
      "detections": 4631
    },
    "small": {
      "mAP": 0.40799634617367,
      "mAP50": 0.7229194055946062,
      "mAP75": 0.44924199428380973,
      "mAP_small": null,
      "mAP_medium": 0.34888910862793077,
      "mAP_large": 0.4373986523666447,
      "AR1": 0.3558441558441558,
      "AR10": 0.561038961038961,
      "AR100": 0.561038961038961,
      "AR_small": null,
      "AR_medium": 0.52,
      "AR_large": 0.5754385964912281,
      "objects": 77,
      "positive_images": 51,
      "detections": 4787
    },
    "medium": {
      "mAP": 0.4186799604207846,
      "mAP50": 0.6828635112798982,
      "mAP75": 0.4425920705964804,
      "mAP_small": null,
      "mAP_medium": null,
      "mAP_large": 0.4192930530153654,
      "AR1": 0.5585858585858586,
      "AR10": 0.6191919191919192,
      "AR100": 0.6191919191919192,
      "AR_small": null,
      "AR_medium": null,
      "AR_large": 0.6191919191919192,
      "objects": 99,
      "positive_images": 94,
      "detections": 4376
    },
    "large": {
      "mAP": 0.544965258909791,
      "mAP50": 0.8763741958833474,
      "mAP75": 0.6141265780489121,
      "mAP_small": null,
      "mAP_medium": null,
      "mAP_large": 0.544965258909791,
      "AR1": 0.6229665071770335,
      "AR10": 0.6354066985645933,
      "AR100": 0.6354066985645933,
      "AR_small": null,
      "AR_medium": null,
      "AR_large": 0.6354066985645933,
      "objects": 209,
      "positive_images": 207,
      "detections": 1248
    }
  },
  "image_level": {
    "positive_images": 352,
    "negative_images": 750,
    "auroc": 0.9884166666666667,
    "average_precision": 0.9814111902443813,
    "fpr_at_target_tpr": {
      "threshold": 0.705123782157898,
      "tp": 335,
      "fp": 26,
      "tn": 724,
      "fn": 17,
      "tpr": 0.9517045454545454,
      "fpr": 0.034666666666666665,
      "by_negative_group": {
        "negative_in_domain": {
          "negative_images": 439,
          "false_positive_images": 25,
          "fpr": 0.05694760820045558
        },
        "negative_out_domain": {
          "negative_images": 311,
          "false_positive_images": 1,
          "fpr": 0.003215434083601286
        }
      },
      "target_tpr": 0.95
    },
    "recall_at_fpr": {
      "0.01": {
        "max_fpr": 0.01,
        "threshold": 0.9332764744758606,
        "recall": 0.8465909090909091,
        "fpr": 0.009333333333333334,
        "tp": 298,
        "fp": 7,
        "tn": 743,
        "fn": 54
      },
      "0.05": {
        "max_fpr": 0.05,
        "threshold": 0.6067611575126648,
        "recall": 0.9659090909090909,
        "fpr": 0.048,
        "tp": 340,
        "fp": 36,
        "tn": 714,
        "fn": 12
      }
    },
    "fixed_threshold": {
      "threshold": 0.25,
      "tp": 347,
      "fp": 103,
      "tn": 647,
      "fn": 5,
      "tpr": 0.9857954545454546,
      "fpr": 0.13733333333333334,
      "by_negative_group": {
        "negative_in_domain": {
          "negative_images": 439,
          "false_positive_images": 79,
          "fpr": 0.17995444191343962
        },
        "negative_out_domain": {
          "negative_images": 311,
          "false_positive_images": 24,
          "fpr": 0.07717041800643087
        }
      }
    }
  }
}
