{
  "mAP": 0.4971708429124996,
  "mAP50": 0.8808139445288531,
  "mAP75": 0.4887830116131174,
  "mAP_small": null,
  "mAP_medium": 0.39131538350045514,
  "mAP_large": 0.5129862494086224,
  "AR1": 0.5119402985074627,
  "AR10": 0.6184079601990049,
  "AR100": 0.6291044776119403,
  "AR_small": null,
  "AR_medium": 0.5666666666666667,
  "AR_large": 0.6352459016393442,
  "mAP_tiny_rel": 0.19903281469610345,
  "mAP50_tiny_rel": 0.4064613613710162,
  "mAP75_tiny_rel": 0.15099009900990099,
  "AR100_tiny_rel": 0.44117647058823534,
  "mAP_small_rel": 0.3800017162128225,
  "mAP50_small_rel": 0.6891498777240685,
  "mAP75_small_rel": 0.30278668740165876,
  "AR100_small_rel": 0.561038961038961,
  "mAP_medium_rel": 0.3929564924749411,
  "mAP50_medium_rel": 0.6769906619844894,
  "mAP75_medium_rel": 0.39607562993085377,
  "AR100_medium_rel": 0.5545454545454546,
  "mAP_large_rel": 0.54910125687826,
  "mAP50_large_rel": 0.9262324863515505,
  "mAP75_large_rel": 0.5795782182787139,
  "AR100_large_rel": 0.6617224880382775,
  "mAP_tiny": 0.19903281469610345,
  "image_AUROC": 0.9788560606060606,
  "image_AP": 0.9633668532355741,
  "FPR@95TPR": 0.12533333333333332,
  "threshold@95TPR": 0.5512654185295105,
  "TPR@95TPR": 0.9517045454545454,
  "Recall@FPR=1%": 0.7102272727272727,
  "Recall@FPR=5%": 0.9005681818181818,
  "in_domain_FPR@95TPR": 0.15261958997722094,
  "out_domain_FPR@95TPR": 0.08681672025723473,
  "in_domain_FPR@fixed": 0.30296127562642367,
  "out_domain_FPR@fixed": 0.1832797427652733,
  "split": "val",
  "images": 1102,
  "ground_truth_objects": 402,
  "input_predictions": 20041,
  "detections": 20041,
  "invalid_predictions_dropped": 0,
  "fppi_threshold": 0.25,
  "false_positives_on_negatives": {
    "total_negative_images": 750,
    "total_false_positives": 258,
    "fppi": 0.344,
    "by_group": {
      "negative_in_domain": {
        "negative_images": 439,
        "false_positives": 174,
        "fppi": 0.39635535307517084
      },
      "negative_out_domain": {
        "negative_images": 311,
        "false_positives": 84,
        "fppi": 0.27009646302250806
      }
    }
  },
  "predictions_above_fppi_threshold_by_group": {
    "negative_in_domain": 174,
    "negative_out_domain": 84,
    "positive": 673
  },
  "relative_scale_metrics": {
    "tiny": {
      "mAP": 0.19903281469610345,
      "mAP50": 0.4064613613710162,
      "mAP75": 0.15099009900990099,
      "mAP_small": null,
      "mAP_medium": 0.21731592549012155,
      "mAP_large": 0.009090909090909092,
      "AR1": 0.2705882352941177,
      "AR10": 0.4235294117647058,
      "AR100": 0.44117647058823534,
      "AR_small": null,
      "AR_medium": 0.45625,
      "AR_large": 0.2,
      "objects": 17,
      "positive_images": 14,
      "detections": 4729
    },
    "small": {
      "mAP": 0.3800017162128225,
      "mAP50": 0.6891498777240685,
      "mAP75": 0.30278668740165876,
      "mAP_small": null,
      "mAP_medium": 0.3826976657472836,
      "mAP_large": 0.3916385442090373,
      "AR1": 0.3311688311688311,
      "AR10": 0.5571428571428572,
      "AR100": 0.561038961038961,
      "AR_small": null,
      "AR_medium": 0.575,
      "AR_large": 0.5561403508771929,
      "objects": 77,
      "positive_images": 51,
      "detections": 6455
    },
    "medium": {
      "mAP": 0.3929564924749411,
      "mAP50": 0.6769906619844894,
      "mAP75": 0.39607562993085377,
      "mAP_small": null,
      "mAP_medium": null,
      "mAP_large": 0.39377359489520375,
      "AR1": 0.45151515151515154,
      "AR10": 0.5545454545454546,
      "AR100": 0.5545454545454546,
      "AR_small": null,
      "AR_medium": null,
      "AR_large": 0.5545454545454546,
      "objects": 99,
      "positive_images": 94,
      "detections": 5790
    },
    "large": {
      "mAP": 0.54910125687826,
      "mAP50": 0.9262324863515505,
      "mAP75": 0.5795782182787139,
      "mAP_small": null,
      "mAP_medium": null,
      "mAP_large": 0.549101757864587,
      "AR1": 0.6406698564593302,
      "AR10": 0.6617224880382775,
      "AR100": 0.6617224880382775,
      "AR_small": null,
      "AR_medium": null,
      "AR_large": 0.6617224880382775,
      "objects": 209,
      "positive_images": 207,
      "detections": 3067
    }
  },
  "image_level": {
    "positive_images": 352,
    "negative_images": 750,
    "auroc": 0.9788560606060606,
    "average_precision": 0.9633668532355741,
    "fpr_at_target_tpr": {
      "threshold": 0.5512654185295105,
      "tp": 335,
      "fp": 94,
      "tn": 656,
      "fn": 17,
      "tpr": 0.9517045454545454,
      "fpr": 0.12533333333333332,
      "by_negative_group": {
        "negative_in_domain": {
          "negative_images": 439,
          "false_positive_images": 67,
          "fpr": 0.15261958997722094
        },
        "negative_out_domain": {
          "negative_images": 311,
          "false_positive_images": 27,
          "fpr": 0.08681672025723473
        }
      },
      "target_tpr": 0.95
    },
    "recall_at_fpr": {
      "0.01": {
        "max_fpr": 0.01,
        "threshold": 0.9415861368179321,
        "recall": 0.7102272727272727,
        "fpr": 0.009333333333333334,
        "tp": 250,
        "fp": 7,
        "tn": 743,
        "fn": 102
      },
      "0.05": {
        "max_fpr": 0.05,
        "threshold": 0.7746774554252625,
        "recall": 0.9005681818181818,
        "fpr": 0.048,
        "tp": 317,
        "fp": 36,
        "tn": 714,
        "fn": 35
      }
    },
    "fixed_threshold": {
      "threshold": 0.25,
      "tp": 345,
      "fp": 190,
      "tn": 560,
      "fn": 7,
      "tpr": 0.9801136363636364,
      "fpr": 0.25333333333333335,
      "by_negative_group": {
        "negative_in_domain": {
          "negative_images": 439,
          "false_positive_images": 133,
          "fpr": 0.30296127562642367
        },
        "negative_out_domain": {
          "negative_images": 311,
          "false_positive_images": 57,
          "fpr": 0.1832797427652733
        }
      }
    }
  }
}
