{
  "mAP": 0.6626822414835918,
  "mAP50": 0.9512679060950574,
  "mAP75": 0.7812752972162653,
  "mAP_small": null,
  "mAP_medium": 0.4877746763436805,
  "mAP_large": 0.6778323689720928,
  "AR1": 0.6365671641791045,
  "AR10": 0.7315920398009951,
  "AR100": 0.7315920398009951,
  "AR_small": null,
  "AR_medium": 0.6083333333333333,
  "AR_large": 0.7437158469945355,
  "mAP_tiny_rel": 0.33375016730756013,
  "mAP50_tiny_rel": 0.624515230112708,
  "mAP75_tiny_rel": 0.41501607961307646,
  "AR100_tiny_rel": 0.5,
  "mAP_small_rel": 0.4269535138818731,
  "mAP50_small_rel": 0.7237372142597537,
  "mAP75_small_rel": 0.4895419007392957,
  "AR100_small_rel": 0.5506493506493506,
  "mAP_medium_rel": 0.5681774851006517,
  "mAP50_medium_rel": 0.8175308547969629,
  "mAP75_medium_rel": 0.6507596347035601,
  "AR100_medium_rel": 0.6747474747474749,
  "mAP_large_rel": 0.6985457320375564,
  "mAP50_large_rel": 0.9310807584453743,
  "mAP75_large_rel": 0.8413678793096256,
  "AR100_large_rel": 0.7665071770334928,
  "mAP_tiny": 0.33375016730756013,
  "image_AUROC": 0.9917613636363637,
  "image_AP": 0.9848904030226545,
  "FPR@95TPR": 0.018666666666666668,
  "threshold@95TPR": 0.876554012298584,
  "TPR@95TPR": 0.9517045454545454,
  "Recall@FPR=1%": 0.9431818181818182,
  "Recall@FPR=5%": 0.9630681818181818,
  "in_domain_FPR@95TPR": 0.025056947608200455,
  "out_domain_FPR@95TPR": 0.00964630225080386,
  "in_domain_FPR@fixed": 0.08200455580865604,
  "out_domain_FPR@fixed": 0.10610932475884244,
  "split": "val",
  "images": 1102,
  "ground_truth_objects": 402,
  "input_predictions": 4164,
  "detections": 4164,
  "invalid_predictions_dropped": 0,
  "fppi_threshold": 0.25,
  "false_positives_on_negatives": {
    "total_negative_images": 750,
    "total_false_positives": 86,
    "fppi": 0.11466666666666667,
    "by_group": {
      "negative_in_domain": {
        "negative_images": 439,
        "false_positives": 42,
        "fppi": 0.09567198177676538
      },
      "negative_out_domain": {
        "negative_images": 311,
        "false_positives": 44,
        "fppi": 0.1414790996784566
      }
    }
  },
  "predictions_above_fppi_threshold_by_group": {
    "negative_in_domain": 42,
    "negative_out_domain": 44,
    "positive": 459
  },
  "relative_scale_metrics": {
    "tiny": {
      "mAP": 0.33375016730756013,
      "mAP50": 0.624515230112708,
      "mAP75": 0.41501607961307646,
      "mAP_small": null,
      "mAP_medium": 0.31501858222806634,
      "mAP_large": 0.6999999999999998,
      "AR1": 0.3764705882352941,
      "AR10": 0.5,
      "AR100": 0.5,
      "AR_small": null,
      "AR_medium": 0.4875,
      "AR_large": 0.7,
      "objects": 17,
      "positive_images": 14,
      "detections": 681
    },
    "small": {
      "mAP": 0.4269535138818731,
      "mAP50": 0.7237372142597537,
      "mAP75": 0.4895419007392957,
      "mAP_small": null,
      "mAP_medium": 0.2969000471475719,
      "mAP_large": 0.4803620703679226,
      "AR1": 0.35844155844155845,
      "AR10": 0.5506493506493506,
      "AR100": 0.5506493506493506,
      "AR_small": null,
      "AR_medium": 0.40499999999999997,
      "AR_large": 0.6017543859649123,
      "objects": 77,
      "positive_images": 51,
      "detections": 915
    },
    "medium": {
      "mAP": 0.5681774851006517,
      "mAP50": 0.8175308547969629,
      "mAP75": 0.6507596347035601,
      "mAP_small": null,
      "mAP_medium": null,
      "mAP_large": 0.5685093470173347,
      "AR1": 0.6121212121212122,
      "AR10": 0.6747474747474749,
      "AR100": 0.6747474747474749,
      "AR_small": null,
      "AR_medium": null,
      "AR_large": 0.6747474747474749,
      "objects": 99,
      "positive_images": 94,
      "detections": 1518
    },
    "large": {
      "mAP": 0.6985457320375564,
      "mAP50": 0.9310807584453743,
      "mAP75": 0.8413678793096256,
      "mAP_small": null,
      "mAP_medium": null,
      "mAP_large": 0.6985457320375564,
      "AR1": 0.7564593301435407,
      "AR10": 0.7665071770334928,
      "AR100": 0.7665071770334928,
      "AR_small": null,
      "AR_medium": null,
      "AR_large": 0.7665071770334928,
      "objects": 209,
      "positive_images": 207,
      "detections": 1050
    }
  },
  "image_level": {
    "positive_images": 352,
    "negative_images": 750,
    "auroc": 0.9917613636363637,
    "average_precision": 0.9848904030226545,
    "fpr_at_target_tpr": {
      "threshold": 0.876554012298584,
      "tp": 335,
      "fp": 14,
      "tn": 736,
      "fn": 17,
      "tpr": 0.9517045454545454,
      "fpr": 0.018666666666666668,
      "by_negative_group": {
        "negative_in_domain": {
          "negative_images": 439,
          "false_positive_images": 11,
          "fpr": 0.025056947608200455
        },
        "negative_out_domain": {
          "negative_images": 311,
          "false_positive_images": 3,
          "fpr": 0.00964630225080386
        }
      },
      "target_tpr": 0.95
    },
    "recall_at_fpr": {
      "0.01": {
        "max_fpr": 0.01,
        "threshold": 0.9287003874778748,
        "recall": 0.9431818181818182,
        "fpr": 0.009333333333333334,
        "tp": 332,
        "fp": 7,
        "tn": 743,
        "fn": 20
      },
      "0.05": {
        "max_fpr": 0.05,
        "threshold": 0.6473986506462097,
        "recall": 0.9630681818181818,
        "fpr": 0.042666666666666665,
        "tp": 339,
        "fp": 32,
        "tn": 718,
        "fn": 13
      }
    },
    "fixed_threshold": {
      "threshold": 0.25,
      "tp": 345,
      "fp": 69,
      "tn": 681,
      "fn": 7,
      "tpr": 0.9801136363636364,
      "fpr": 0.092,
      "by_negative_group": {
        "negative_in_domain": {
          "negative_images": 439,
          "false_positive_images": 36,
          "fpr": 0.08200455580865604
        },
        "negative_out_domain": {
          "negative_images": 311,
          "false_positive_images": 33,
          "fpr": 0.10610932475884244
        }
      }
    }
  }
}
