{
  "mAP": 0.6640982675810235,
  "mAP50": 0.949888166264772,
  "mAP75": 0.7881879170536433,
  "mAP_small": null,
  "mAP_medium": 0.4857482539392241,
  "mAP_large": 0.6794648125236049,
  "AR1": 0.6380597014925373,
  "AR10": 0.7323383084577115,
  "AR100": 0.7323383084577115,
  "AR_small": null,
  "AR_medium": 0.6138888888888889,
  "AR_large": 0.7439890710382513,
  "mAP_tiny_rel": 0.3385070405104084,
  "mAP50_tiny_rel": 0.6243461138221968,
  "mAP75_tiny_rel": 0.4299575737624914,
  "AR100_tiny_rel": 0.5058823529411764,
  "mAP_small_rel": 0.43020588409426946,
  "mAP50_small_rel": 0.7287764158105394,
  "mAP75_small_rel": 0.4840224606014858,
  "AR100_small_rel": 0.5623376623376624,
  "mAP_medium_rel": 0.5708111858573272,
  "mAP50_medium_rel": 0.8166671693824035,
  "mAP75_medium_rel": 0.6611726401734476,
  "AR100_medium_rel": 0.6747474747474748,
  "mAP_large_rel": 0.7005841172916827,
  "mAP50_large_rel": 0.9315120680576469,
  "mAP75_large_rel": 0.8484929543085178,
  "AR100_large_rel": 0.7674641148325358,
  "mAP_tiny": 0.3385070405104084,
  "image_AUROC": 0.9917765151515151,
  "image_AP": 0.984891464859639,
  "FPR@95TPR": 0.021333333333333333,
  "threshold@95TPR": 0.8746419548988342,
  "TPR@95TPR": 0.9517045454545454,
  "Recall@FPR=1%": 0.9431818181818182,
  "Recall@FPR=5%": 0.9659090909090909,
  "in_domain_FPR@95TPR": 0.029612756264236904,
  "out_domain_FPR@95TPR": 0.00964630225080386,
  "in_domain_FPR@fixed": 0.08428246013667426,
  "out_domain_FPR@fixed": 0.10932475884244373,
  "split": "val",
  "images": 1102,
  "ground_truth_objects": 402,
  "input_predictions": 4226,
  "detections": 4226,
  "invalid_predictions_dropped": 0,
  "fppi_threshold": 0.25,
  "false_positives_on_negatives": {
    "total_negative_images": 750,
    "total_false_positives": 91,
    "fppi": 0.12133333333333333,
    "by_group": {
      "negative_in_domain": {
        "negative_images": 439,
        "false_positives": 44,
        "fppi": 0.10022779043280182
      },
      "negative_out_domain": {
        "negative_images": 311,
        "false_positives": 47,
        "fppi": 0.15112540192926044
      }
    }
  },
  "predictions_above_fppi_threshold_by_group": {
    "negative_in_domain": 44,
    "negative_out_domain": 47,
    "positive": 463
  },
  "relative_scale_metrics": {
    "tiny": {
      "mAP": 0.3385070405104084,
      "mAP50": 0.6243461138221968,
      "mAP75": 0.4299575737624914,
      "mAP_small": null,
      "mAP_medium": 0.31998718768853374,
      "mAP_large": 0.6999999999999998,
      "AR1": 0.3823529411764706,
      "AR10": 0.5058823529411764,
      "AR100": 0.5058823529411764,
      "AR_small": null,
      "AR_medium": 0.49375,
      "AR_large": 0.7,
      "objects": 17,
      "positive_images": 14,
      "detections": 697
    },
    "small": {
      "mAP": 0.43020588409426946,
      "mAP50": 0.7287764158105394,
      "mAP75": 0.4840224606014858,
      "mAP_small": null,
      "mAP_medium": 0.32079093609403664,
      "mAP_large": 0.47897134052339013,
      "AR1": 0.3675324675324675,
      "AR10": 0.5623376623376624,
      "AR100": 0.5623376623376624,
      "AR_small": null,
      "AR_medium": 0.45499999999999996,
      "AR_large": 0.6,
      "objects": 77,
      "positive_images": 51,
      "detections": 927
    },
    "medium": {
      "mAP": 0.5708111858573272,
      "mAP50": 0.8166671693824035,
      "mAP75": 0.6611726401734476,
      "mAP_small": null,
      "mAP_medium": null,
      "mAP_large": 0.571113829568291,
      "AR1": 0.6151515151515151,
      "AR10": 0.6747474747474748,
      "AR100": 0.6747474747474748,
      "AR_small": null,
      "AR_medium": null,
      "AR_large": 0.6747474747474748,
      "objects": 99,
      "positive_images": 94,
      "detections": 1545
    },
    "large": {
      "mAP": 0.7005841172916827,
      "mAP50": 0.9315120680576469,
      "mAP75": 0.8484929543085178,
      "mAP_small": null,
      "mAP_medium": null,
      "mAP_large": 0.7005841172916827,
      "AR1": 0.7574162679425838,
      "AR10": 0.7674641148325358,
      "AR100": 0.7674641148325358,
      "AR_small": null,
      "AR_medium": null,
      "AR_large": 0.7674641148325358,
      "objects": 209,
      "positive_images": 207,
      "detections": 1057
    }
  },
  "image_level": {
    "positive_images": 352,
    "negative_images": 750,
    "auroc": 0.9917765151515151,
    "average_precision": 0.984891464859639,
    "fpr_at_target_tpr": {
      "threshold": 0.8746419548988342,
      "tp": 335,
      "fp": 16,
      "tn": 734,
      "fn": 17,
      "tpr": 0.9517045454545454,
      "fpr": 0.021333333333333333,
      "by_negative_group": {
        "negative_in_domain": {
          "negative_images": 439,
          "false_positive_images": 13,
          "fpr": 0.029612756264236904
        },
        "negative_out_domain": {
          "negative_images": 311,
          "false_positive_images": 3,
          "fpr": 0.00964630225080386
        }
      },
      "target_tpr": 0.95
    },
    "recall_at_fpr": {
      "0.01": {
        "max_fpr": 0.01,
        "threshold": 0.9328200221061707,
        "recall": 0.9431818181818182,
        "fpr": 0.009333333333333334,
        "tp": 332,
        "fp": 7,
        "tn": 743,
        "fn": 20
      },
      "0.05": {
        "max_fpr": 0.05,
        "threshold": 0.6213692426681519,
        "recall": 0.9659090909090909,
        "fpr": 0.04666666666666667,
        "tp": 340,
        "fp": 35,
        "tn": 715,
        "fn": 12
      }
    },
    "fixed_threshold": {
      "threshold": 0.25,
      "tp": 345,
      "fp": 71,
      "tn": 679,
      "fn": 7,
      "tpr": 0.9801136363636364,
      "fpr": 0.09466666666666666,
      "by_negative_group": {
        "negative_in_domain": {
          "negative_images": 439,
          "false_positive_images": 37,
          "fpr": 0.08428246013667426
        },
        "negative_out_domain": {
          "negative_images": 311,
          "false_positive_images": 34,
          "fpr": 0.10932475884244373
        }
      }
    }
  }
}
