{
  "mAP": 0.5838354332751151,
  "mAP50": 0.9280238108642892,
  "mAP75": 0.6858045905374359,
  "mAP_small": null,
  "mAP_medium": 0.4647208649191595,
  "mAP_large": 0.594838649046442,
  "AR1": 0.5883084577114428,
  "AR10": 0.6731343283582091,
  "AR100": 0.6761194029850747,
  "AR_small": null,
  "AR_medium": 0.5888888888888888,
  "AR_large": 0.6846994535519125,
  "mAP_tiny_rel": 0.28925658388407266,
  "mAP50_tiny_rel": 0.6585310596499127,
  "mAP75_tiny_rel": 0.1259473882098403,
  "AR100_tiny_rel": 0.48235294117647054,
  "mAP_small_rel": 0.42355483981297903,
  "mAP50_small_rel": 0.7395340434233811,
  "mAP75_small_rel": 0.4518535291305559,
  "AR100_small_rel": 0.5675324675324676,
  "mAP_medium_rel": 0.46676333508099677,
  "mAP50_medium_rel": 0.7487881086128795,
  "mAP75_medium_rel": 0.5032020797962017,
  "AR100_medium_rel": 0.6131313131313131,
  "mAP_large_rel": 0.613978050699911,
  "mAP50_large_rel": 0.913863406873476,
  "mAP75_large_rel": 0.7753691233917235,
  "AR100_large_rel": 0.7105263157894737,
  "mAP_tiny": 0.28925658388407266,
  "image_AUROC": 0.9804659090909091,
  "image_AP": 0.9662981751599127,
  "FPR@95TPR": 0.10933333333333334,
  "threshold@95TPR": 0.8613706827163696,
  "TPR@95TPR": 0.9517045454545454,
  "Recall@FPR=1%": 0.7954545454545454,
  "Recall@FPR=5%": 0.9005681818181818,
  "in_domain_FPR@95TPR": 0.17539863325740318,
  "out_domain_FPR@95TPR": 0.01607717041800643,
  "in_domain_FPR@fixed": 0.5535307517084282,
  "out_domain_FPR@fixed": 0.20257234726688103,
  "split": "val",
  "images": 1102,
  "ground_truth_objects": 402,
  "input_predictions": 27897,
  "detections": 27897,
  "invalid_predictions_dropped": 0,
  "fppi_threshold": 0.25,
  "false_positives_on_negatives": {
    "total_negative_images": 750,
    "total_false_positives": 613,
    "fppi": 0.8173333333333334,
    "by_group": {
      "negative_in_domain": {
        "negative_images": 439,
        "false_positives": 510,
        "fppi": 1.1617312072892938
      },
      "negative_out_domain": {
        "negative_images": 311,
        "false_positives": 103,
        "fppi": 0.3311897106109325
      }
    }
  },
  "predictions_above_fppi_threshold_by_group": {
    "negative_in_domain": 510,
    "negative_out_domain": 103,
    "positive": 801
  },
  "relative_scale_metrics": {
    "tiny": {
      "mAP": 0.28925658388407266,
      "mAP50": 0.6585310596499127,
      "mAP75": 0.1259473882098403,
      "mAP_small": null,
      "mAP_medium": 0.2789620609440691,
      "mAP_large": 0.6,
      "AR1": 0.3058823529411765,
      "AR10": 0.48235294117647054,
      "AR100": 0.48235294117647054,
      "AR_small": null,
      "AR_medium": 0.45625,
      "AR_large": 0.9,
      "objects": 17,
      "positive_images": 14,
      "detections": 7033
    },
    "small": {
      "mAP": 0.42355483981297903,
      "mAP50": 0.7395340434233811,
      "mAP75": 0.4518535291305559,
      "mAP_small": null,
      "mAP_medium": 0.39273682783662567,
      "mAP_large": 0.437554035258879,
      "AR1": 0.37402597402597404,
      "AR10": 0.5597402597402598,
      "AR100": 0.5675324675324676,
      "AR_small": null,
      "AR_medium": 0.5449999999999999,
      "AR_large": 0.5754385964912281,
      "objects": 77,
      "positive_images": 51,
      "detections": 9752
    },
    "medium": {
      "mAP": 0.46676333508099677,
      "mAP50": 0.7487881086128795,
      "mAP75": 0.5032020797962017,
      "mAP_small": null,
      "mAP_medium": null,
      "mAP_large": 0.4675854199758627,
      "AR1": 0.5525252525252524,
      "AR10": 0.6121212121212121,
      "AR100": 0.6131313131313131,
      "AR_small": null,
      "AR_medium": null,
      "AR_large": 0.6131313131313131,
      "objects": 99,
      "positive_images": 94,
      "detections": 8280
    },
    "large": {
      "mAP": 0.613978050699911,
      "mAP50": 0.913863406873476,
      "mAP75": 0.7753691233917235,
      "mAP_small": null,
      "mAP_medium": null,
      "mAP_large": 0.6139782797474967,
      "AR1": 0.699043062200957,
      "AR10": 0.7105263157894737,
      "AR100": 0.7105263157894737,
      "AR_small": null,
      "AR_medium": null,
      "AR_large": 0.7105263157894737,
      "objects": 209,
      "positive_images": 207,
      "detections": 2832
    }
  },
  "image_level": {
    "positive_images": 352,
    "negative_images": 750,
    "auroc": 0.9804659090909091,
    "average_precision": 0.9662981751599127,
    "fpr_at_target_tpr": {
      "threshold": 0.8613706827163696,
      "tp": 335,
      "fp": 82,
      "tn": 668,
      "fn": 17,
      "tpr": 0.9517045454545454,
      "fpr": 0.10933333333333334,
      "by_negative_group": {
        "negative_in_domain": {
          "negative_images": 439,
          "false_positive_images": 77,
          "fpr": 0.17539863325740318
        },
        "negative_out_domain": {
          "negative_images": 311,
          "false_positive_images": 5,
          "fpr": 0.01607717041800643
        }
      },
      "target_tpr": 0.95
    },
    "recall_at_fpr": {
      "0.01": {
        "max_fpr": 0.01,
        "threshold": 0.9805169701576233,
        "recall": 0.7954545454545454,
        "fpr": 0.009333333333333334,
        "tp": 280,
        "fp": 7,
        "tn": 743,
        "fn": 72
      },
      "0.05": {
        "max_fpr": 0.05,
        "threshold": 0.949203610420227,
        "recall": 0.9005681818181818,
        "fpr": 0.048,
        "tp": 317,
        "fp": 36,
        "tn": 714,
        "fn": 35
      }
    },
    "fixed_threshold": {
      "threshold": 0.25,
      "tp": 348,
      "fp": 306,
      "tn": 444,
      "fn": 4,
      "tpr": 0.9886363636363636,
      "fpr": 0.408,
      "by_negative_group": {
        "negative_in_domain": {
          "negative_images": 439,
          "false_positive_images": 243,
          "fpr": 0.5535307517084282
        },
        "negative_out_domain": {
          "negative_images": 311,
          "false_positive_images": 63,
          "fpr": 0.20257234726688103
        }
      }
    }
  }
}
