{
  "mAP": 0.5816938860448743,
  "mAP50": 0.9045959209036171,
  "mAP75": 0.6654356801914199,
  "mAP_small": null,
  "mAP_medium": 0.17040967547740377,
  "mAP_large": 0.6143006858288419,
  "AR1": 0.584825870646766,
  "AR10": 0.6614427860696517,
  "AR100": 0.6644278606965174,
  "AR_small": null,
  "AR_medium": 0.4027777777777778,
  "AR_large": 0.6901639344262295,
  "mAP_tiny_rel": 0.08630179253395658,
  "mAP50_tiny_rel": 0.31290926212649234,
  "mAP75_tiny_rel": 5.67934422505348e-05,
  "AR100_tiny_rel": 0.32941176470588235,
  "mAP_small_rel": 0.3470989154590873,
  "mAP50_small_rel": 0.6371402058665474,
  "mAP75_small_rel": 0.3997403762747398,
  "AR100_small_rel": 0.4909090909090909,
  "mAP_medium_rel": 0.4719109782133175,
  "mAP50_medium_rel": 0.7236194153224887,
  "mAP75_medium_rel": 0.561009259430915,
  "AR100_medium_rel": 0.602020202020202,
  "mAP_large_rel": 0.6384222154173831,
  "mAP50_large_rel": 0.9190729244539457,
  "mAP75_large_rel": 0.7626762226804634,
  "AR100_large_rel": 0.7229665071770335,
  "mAP_tiny": 0.08630179253395658,
  "image_AUROC": 0.9836628787878788,
  "image_AP": 0.9686889447236281,
  "FPR@95TPR": 0.07466666666666667,
  "threshold@95TPR": 0.353780061006546,
  "TPR@95TPR": 0.9517045454545454,
  "Recall@FPR=1%": 0.8153409090909091,
  "Recall@FPR=5%": 0.9375,
  "in_domain_FPR@95TPR": 0.11161731207289294,
  "out_domain_FPR@95TPR": 0.022508038585209004,
  "in_domain_FPR@fixed": 0.13211845102505695,
  "out_domain_FPR@fixed": 0.028938906752411574,
  "split": "val",
  "images": 1102,
  "ground_truth_objects": 402,
  "input_predictions": 15988,
  "detections": 15988,
  "invalid_predictions_dropped": 0,
  "fppi_threshold": 0.25,
  "false_positives_on_negatives": {
    "total_negative_images": 750,
    "total_false_positives": 83,
    "fppi": 0.11066666666666666,
    "by_group": {
      "negative_in_domain": {
        "negative_images": 439,
        "false_positives": 65,
        "fppi": 0.1480637813211845
      },
      "negative_out_domain": {
        "negative_images": 311,
        "false_positives": 18,
        "fppi": 0.05787781350482315
      }
    }
  },
  "predictions_above_fppi_threshold_by_group": {
    "negative_in_domain": 65,
    "negative_out_domain": 18,
    "positive": 495
  },
  "relative_scale_metrics": {
    "tiny": {
      "mAP": 0.08630179253395658,
      "mAP50": 0.31290926212649234,
      "mAP75": 5.67934422505348e-05,
      "mAP_small": null,
      "mAP_medium": 0.10090091122818882,
      "mAP_large": 0.042857142857142844,
      "AR1": 0.15294117647058822,
      "AR10": 0.32941176470588235,
      "AR100": 0.32941176470588235,
      "AR_small": null,
      "AR_medium": 0.33125,
      "AR_large": 0.3,
      "objects": 17,
      "positive_images": 14,
      "detections": 4318
    },
    "small": {
      "mAP": 0.3470989154590873,
      "mAP50": 0.6371402058665474,
      "mAP75": 0.3997403762747398,
      "mAP_small": null,
      "mAP_medium": 0.18808212550570966,
      "mAP_large": 0.4033560050038013,
      "AR1": 0.3025974025974026,
      "AR10": 0.4896103896103896,
      "AR100": 0.4909090909090909,
      "AR_small": null,
      "AR_medium": 0.375,
      "AR_large": 0.531578947368421,
      "objects": 77,
      "positive_images": 51,
      "detections": 7184
    },
    "medium": {
      "mAP": 0.4719109782133175,
      "mAP50": 0.7236194153224887,
      "mAP75": 0.561009259430915,
      "mAP_small": null,
      "mAP_medium": null,
      "mAP_large": 0.47245655225055155,
      "AR1": 0.5383838383838385,
      "AR10": 0.602020202020202,
      "AR100": 0.602020202020202,
      "AR_small": null,
      "AR_medium": null,
      "AR_large": 0.602020202020202,
      "objects": 99,
      "positive_images": 94,
      "detections": 3337
    },
    "large": {
      "mAP": 0.6384222154173831,
      "mAP50": 0.9190729244539457,
      "mAP75": 0.7626762226804634,
      "mAP_small": null,
      "mAP_medium": null,
      "mAP_large": 0.6384222154173831,
      "AR1": 0.7143540669856459,
      "AR10": 0.7229665071770335,
      "AR100": 0.7229665071770335,
      "AR_small": null,
      "AR_medium": null,
      "AR_large": 0.7229665071770335,
      "objects": 209,
      "positive_images": 207,
      "detections": 1149
    }
  },
  "image_level": {
    "positive_images": 352,
    "negative_images": 750,
    "auroc": 0.9836628787878788,
    "average_precision": 0.9686889447236281,
    "fpr_at_target_tpr": {
      "threshold": 0.353780061006546,
      "tp": 335,
      "fp": 56,
      "tn": 694,
      "fn": 17,
      "tpr": 0.9517045454545454,
      "fpr": 0.07466666666666667,
      "by_negative_group": {
        "negative_in_domain": {
          "negative_images": 439,
          "false_positive_images": 49,
          "fpr": 0.11161731207289294
        },
        "negative_out_domain": {
          "negative_images": 311,
          "false_positive_images": 7,
          "fpr": 0.022508038585209004
        }
      },
      "target_tpr": 0.95
    },
    "recall_at_fpr": {
      "0.01": {
        "max_fpr": 0.01,
        "threshold": 0.9171947240829468,
        "recall": 0.8153409090909091,
        "fpr": 0.009333333333333334,
        "tp": 287,
        "fp": 7,
        "tn": 743,
        "fn": 65
      },
      "0.05": {
        "max_fpr": 0.05,
        "threshold": 0.4603888988494873,
        "recall": 0.9375,
        "fpr": 0.04666666666666667,
        "tp": 330,
        "fp": 35,
        "tn": 715,
        "fn": 22
      }
    },
    "fixed_threshold": {
      "threshold": 0.25,
      "tp": 337,
      "fp": 67,
      "tn": 683,
      "fn": 15,
      "tpr": 0.9573863636363636,
      "fpr": 0.08933333333333333,
      "by_negative_group": {
        "negative_in_domain": {
          "negative_images": 439,
          "false_positive_images": 58,
          "fpr": 0.13211845102505695
        },
        "negative_out_domain": {
          "negative_images": 311,
          "false_positive_images": 9,
          "fpr": 0.028938906752411574
        }
      }
    }
  }
}
