{
  "mAP": 0.5906583986690037,
  "mAP50": 0.9268835566028072,
  "mAP75": 0.6741014156862318,
  "mAP_small": null,
  "mAP_medium": 0.23855417624424705,
  "mAP_large": 0.6165630105677425,
  "AR1": 0.5930348258706467,
  "AR10": 0.672636815920398,
  "AR100": 0.673134328358209,
  "AR_small": null,
  "AR_medium": 0.4722222222222222,
  "AR_large": 0.6928961748633881,
  "mAP_tiny_rel": 0.2627488568488457,
  "mAP50_tiny_rel": 0.6919067830959552,
  "mAP75_tiny_rel": 0.0830975954738331,
  "AR100_tiny_rel": 0.40588235294117647,
  "mAP_small_rel": 0.3670558933452448,
  "mAP50_small_rel": 0.6877782881683653,
  "mAP75_small_rel": 0.37050935080657443,
  "AR100_small_rel": 0.5194805194805194,
  "mAP_medium_rel": 0.481622324786494,
  "mAP50_medium_rel": 0.7640090888752679,
  "mAP75_medium_rel": 0.5267018343644488,
  "AR100_medium_rel": 0.6252525252525254,
  "mAP_large_rel": 0.6439929658505859,
  "mAP50_large_rel": 0.9276754905546221,
  "mAP75_large_rel": 0.7920229761334326,
  "AR100_large_rel": 0.7272727272727273,
  "mAP_tiny": 0.2627488568488457,
  "image_AUROC": 0.9880719696969696,
  "image_AP": 0.9737567734796962,
  "FPR@95TPR": 0.05466666666666667,
  "threshold@95TPR": 0.42381730675697327,
  "TPR@95TPR": 0.9517045454545454,
  "Recall@FPR=1%": 0.8153409090909091,
  "Recall@FPR=5%": 0.9460227272727273,
  "in_domain_FPR@95TPR": 0.09111617312072894,
  "out_domain_FPR@95TPR": 0.003215434083601286,
  "in_domain_FPR@fixed": 0.11617312072892938,
  "out_domain_FPR@fixed": 0.01607717041800643,
  "split": "val",
  "images": 1102,
  "ground_truth_objects": 402,
  "input_predictions": 9516,
  "detections": 9516,
  "invalid_predictions_dropped": 0,
  "fppi_threshold": 0.25,
  "false_positives_on_negatives": {
    "total_negative_images": 750,
    "total_false_positives": 72,
    "fppi": 0.096,
    "by_group": {
      "negative_in_domain": {
        "negative_images": 439,
        "false_positives": 61,
        "fppi": 0.13895216400911162
      },
      "negative_out_domain": {
        "negative_images": 311,
        "false_positives": 11,
        "fppi": 0.03536977491961415
      }
    }
  },
  "predictions_above_fppi_threshold_by_group": {
    "negative_in_domain": 61,
    "negative_out_domain": 11,
    "positive": 477
  },
  "relative_scale_metrics": {
    "tiny": {
      "mAP": 0.2627488568488457,
      "mAP50": 0.6919067830959552,
      "mAP75": 0.0830975954738331,
      "mAP_small": null,
      "mAP_medium": 0.24483689482136228,
      "mAP_large": 0.6999999999999998,
      "AR1": 0.27647058823529413,
      "AR10": 0.4,
      "AR100": 0.40588235294117647,
      "AR_small": null,
      "AR_medium": 0.3875,
      "AR_large": 0.7,
      "objects": 17,
      "positive_images": 14,
      "detections": 2247
    },
    "small": {
      "mAP": 0.3670558933452448,
      "mAP50": 0.6877782881683653,
      "mAP75": 0.37050935080657443,
      "mAP_small": null,
      "mAP_medium": 0.1993802552065743,
      "mAP_large": 0.43172514126408396,
      "AR1": 0.3259740259740259,
      "AR10": 0.5194805194805194,
      "AR100": 0.5194805194805194,
      "AR_small": null,
      "AR_medium": 0.41,
      "AR_large": 0.5578947368421053,
      "objects": 77,
      "positive_images": 51,
      "detections": 3320
    },
    "medium": {
      "mAP": 0.481622324786494,
      "mAP50": 0.7640090888752679,
      "mAP75": 0.5267018343644488,
      "mAP_small": null,
      "mAP_medium": null,
      "mAP_large": 0.4820124311648803,
      "AR1": 0.5727272727272726,
      "AR10": 0.6242424242424243,
      "AR100": 0.6252525252525254,
      "AR_small": null,
      "AR_medium": null,
      "AR_large": 0.6252525252525254,
      "objects": 99,
      "positive_images": 94,
      "detections": 2529
    },
    "large": {
      "mAP": 0.6439929658505859,
      "mAP50": 0.9276754905546221,
      "mAP75": 0.7920229761334326,
      "mAP_small": null,
      "mAP_medium": null,
      "mAP_large": 0.6439929658505859,
      "AR1": 0.7181818181818181,
      "AR10": 0.7272727272727273,
      "AR100": 0.7272727272727273,
      "AR_small": null,
      "AR_medium": null,
      "AR_large": 0.7272727272727273,
      "objects": 209,
      "positive_images": 207,
      "detections": 1420
    }
  },
  "image_level": {
    "positive_images": 352,
    "negative_images": 750,
    "auroc": 0.9880719696969696,
    "average_precision": 0.9737567734796962,
    "fpr_at_target_tpr": {
      "threshold": 0.42381730675697327,
      "tp": 335,
      "fp": 41,
      "tn": 709,
      "fn": 17,
      "tpr": 0.9517045454545454,
      "fpr": 0.05466666666666667,
      "by_negative_group": {
        "negative_in_domain": {
          "negative_images": 439,
          "false_positive_images": 40,
          "fpr": 0.09111617312072894
        },
        "negative_out_domain": {
          "negative_images": 311,
          "false_positive_images": 1,
          "fpr": 0.003215434083601286
        }
      },
      "target_tpr": 0.95
    },
    "recall_at_fpr": {
      "0.01": {
        "max_fpr": 0.01,
        "threshold": 0.949218213558197,
        "recall": 0.8153409090909091,
        "fpr": 0.009333333333333334,
        "tp": 287,
        "fp": 7,
        "tn": 743,
        "fn": 65
      },
      "0.05": {
        "max_fpr": 0.05,
        "threshold": 0.5202932953834534,
        "recall": 0.9460227272727273,
        "fpr": 0.044,
        "tp": 333,
        "fp": 33,
        "tn": 717,
        "fn": 19
      }
    },
    "fixed_threshold": {
      "threshold": 0.25,
      "tp": 339,
      "fp": 56,
      "tn": 694,
      "fn": 13,
      "tpr": 0.9630681818181818,
      "fpr": 0.07466666666666667,
      "by_negative_group": {
        "negative_in_domain": {
          "negative_images": 439,
          "false_positive_images": 51,
          "fpr": 0.11617312072892938
        },
        "negative_out_domain": {
          "negative_images": 311,
          "false_positive_images": 5,
          "fpr": 0.01607717041800643
        }
      }
    }
  }
}
