{
  "mAP": 0.6541621403125997,
  "mAP50": 0.9486360179766793,
  "mAP75": 0.7531511699778616,
  "mAP_small": 0.011111111111111113,
  "mAP_medium": 0.3763369316132267,
  "mAP_large": 0.6805317534773224,
  "AR1": 0.6382871536523929,
  "AR10": 0.7083123425692696,
  "AR100": 0.7136020151133502,
  "AR_small": 0.2,
  "AR_medium": 0.47352941176470587,
  "AR_large": 0.7375690607734806,
  "mAP_tiny_rel": 0.18096432414380365,
  "mAP50_tiny_rel": 0.4084126477331691,
  "mAP75_tiny_rel": 0.1338907574968023,
  "AR100_tiny_rel": 0.35333333333333333,
  "mAP_small_rel": 0.41245680378535654,
  "mAP50_small_rel": 0.7525207181318009,
  "mAP75_small_rel": 0.35117301964557973,
  "AR100_small_rel": 0.5242857142857142,
  "mAP_medium_rel": 0.621905860317842,
  "mAP50_medium_rel": 0.8634594283134465,
  "mAP75_medium_rel": 0.7596104628121464,
  "AR100_medium_rel": 0.7009345794392523,
  "mAP_large_rel": 0.7187009777425595,
  "mAP50_large_rel": 0.9561290299221641,
  "mAP75_large_rel": 0.876605738696082,
  "AR100_large_rel": 0.7731707317073171,
  "mAP_tiny": 0.18096432414380365,
  "image_AUROC": 0.9933561253561254,
  "image_AP": 0.9878824051787302,
  "FPR@95TPR": 0.030666666666666665,
  "threshold@95TPR": 0.732053816318512,
  "TPR@95TPR": 0.9515669515669516,
  "Recall@FPR=1%": 0.9031339031339032,
  "Recall@FPR=5%": 0.9572649572649573,
  "in_domain_FPR@95TPR": 0.05239179954441914,
  "out_domain_FPR@95TPR": 0.0,
  "in_domain_FPR@fixed": 0.12300683371298406,
  "out_domain_FPR@fixed": 0.028938906752411574,
  "split": "test",
  "images": 1101,
  "ground_truth_objects": 397,
  "input_predictions": 7815,
  "detections": 7815,
  "invalid_predictions_dropped": 0,
  "fppi_threshold": 0.25,
  "false_positives_on_negatives": {
    "total_negative_images": 750,
    "total_false_positives": 74,
    "fppi": 0.09866666666666667,
    "by_group": {
      "negative_in_domain": {
        "negative_images": 439,
        "false_positives": 63,
        "fppi": 0.14350797266514806
      },
      "negative_out_domain": {
        "negative_images": 311,
        "false_positives": 11,
        "fppi": 0.03536977491961415
      }
    }
  },
  "predictions_above_fppi_threshold_by_group": {
    "negative_in_domain": 63,
    "negative_out_domain": 11,
    "positive": 441
  },
  "relative_scale_metrics": {
    "tiny": {
      "mAP": 0.18096432414380365,
      "mAP50": 0.4084126477331691,
      "mAP75": 0.1338907574968023,
      "mAP_small": 0.016666666666666666,
      "mAP_medium": 0.20727303695382235,
      "mAP_large": 0.0022222222222222222,
      "AR1": 0.2,
      "AR10": 0.35333333333333333,
      "AR100": 0.35333333333333333,
      "AR_small": 0.2,
      "AR_medium": 0.37692307692307697,
      "AR_large": 0.2,
      "objects": 15,
      "positive_images": 14,
      "detections": 1747
    },
    "small": {
      "mAP": 0.41245680378535654,
      "mAP50": 0.7525207181318009,
      "mAP75": 0.35117301964557973,
      "mAP_small": null,
      "mAP_medium": 0.4187699452718381,
      "mAP_large": 0.42322670162420795,
      "AR1": 0.33999999999999997,
      "AR10": 0.5242857142857142,
      "AR100": 0.5242857142857142,
      "AR_small": null,
      "AR_medium": 0.49499999999999994,
      "AR_large": 0.5359999999999999,
      "objects": 70,
      "positive_images": 51,
      "detections": 3030
    },
    "medium": {
      "mAP": 0.621905860317842,
      "mAP50": 0.8634594283134465,
      "mAP75": 0.7596104628121464,
      "mAP_small": null,
      "mAP_medium": 0.6999999999999998,
      "mAP_large": 0.6214823567567413,
      "AR1": 0.6233644859813083,
      "AR10": 0.7,
      "AR100": 0.7009345794392523,
      "AR_small": null,
      "AR_medium": 0.7,
      "AR_large": 0.7009433962264151,
      "objects": 107,
      "positive_images": 97,
      "detections": 2170
    },
    "large": {
      "mAP": 0.7187009777425595,
      "mAP50": 0.9561290299221641,
      "mAP75": 0.876605738696082,
      "mAP_small": null,
      "mAP_medium": null,
      "mAP_large": 0.7187009777425595,
      "AR1": 0.7673170731707317,
      "AR10": 0.7731707317073171,
      "AR100": 0.7731707317073171,
      "AR_small": null,
      "AR_medium": null,
      "AR_large": 0.7731707317073171,
      "objects": 205,
      "positive_images": 204,
      "detections": 868
    }
  },
  "image_level": {
    "positive_images": 351,
    "negative_images": 750,
    "auroc": 0.9933561253561254,
    "average_precision": 0.9878824051787302,
    "fpr_at_target_tpr": {
      "threshold": 0.732053816318512,
      "tp": 334,
      "fp": 23,
      "tn": 727,
      "fn": 17,
      "tpr": 0.9515669515669516,
      "fpr": 0.030666666666666665,
      "by_negative_group": {
        "negative_in_domain": {
          "negative_images": 439,
          "false_positive_images": 23,
          "fpr": 0.05239179954441914
        },
        "negative_out_domain": {
          "negative_images": 311,
          "false_positive_images": 0,
          "fpr": 0.0
        }
      },
      "target_tpr": 0.95
    },
    "recall_at_fpr": {
      "0.01": {
        "max_fpr": 0.01,
        "threshold": 0.9220607280731201,
        "recall": 0.9031339031339032,
        "fpr": 0.009333333333333334,
        "tp": 317,
        "fp": 7,
        "tn": 743,
        "fn": 34
      },
      "0.05": {
        "max_fpr": 0.05,
        "threshold": 0.621922492980957,
        "recall": 0.9572649572649573,
        "fpr": 0.04666666666666667,
        "tp": 336,
        "fp": 35,
        "tn": 715,
        "fn": 15
      }
    },
    "fixed_threshold": {
      "threshold": 0.25,
      "tp": 345,
      "fp": 63,
      "tn": 687,
      "fn": 6,
      "tpr": 0.9829059829059829,
      "fpr": 0.084,
      "by_negative_group": {
        "negative_in_domain": {
          "negative_images": 439,
          "false_positive_images": 54,
          "fpr": 0.12300683371298406
        },
        "negative_out_domain": {
          "negative_images": 311,
          "false_positive_images": 9,
          "fpr": 0.028938906752411574
        }
      }
    }
  }
}
