{
  "mAP": 0.657693661315896,
  "mAP50": 0.9398822196515138,
  "mAP75": 0.7723534017592458,
  "mAP_small": null,
  "mAP_medium": 0.4670391196247224,
  "mAP_large": 0.6751758347138138,
  "AR1": 0.6432835820895522,
  "AR10": 0.7340796019900498,
  "AR100": 0.7343283582089553,
  "AR_small": null,
  "AR_medium": 0.5944444444444444,
  "AR_large": 0.7480874316939891,
  "mAP_tiny_rel": 0.33888645567793546,
  "mAP50_tiny_rel": 0.6557392535415555,
  "mAP75_tiny_rel": 0.4319291556484841,
  "AR100_tiny_rel": 0.5058823529411764,
  "mAP_small_rel": 0.4456438202186145,
  "mAP50_small_rel": 0.740469463777895,
  "mAP75_small_rel": 0.48214772885688395,
  "AR100_small_rel": 0.5896103896103896,
  "mAP_medium_rel": 0.5694330180863826,
  "mAP50_medium_rel": 0.8163531760082191,
  "mAP75_medium_rel": 0.690699908967931,
  "AR100_medium_rel": 0.6696969696969697,
  "mAP_large_rel": 0.7032423705350701,
  "mAP50_large_rel": 0.9351460227191335,
  "mAP75_large_rel": 0.8318083387836331,
  "AR100_large_rel": 0.7746411483253588,
  "mAP_tiny": 0.33888645567793546,
  "image_AUROC": 0.9819772727272728,
  "image_AP": 0.9709770965605383,
  "FPR@95TPR": 0.08266666666666667,
  "threshold@95TPR": 0.9476362466812134,
  "TPR@95TPR": 0.9517045454545454,
  "Recall@FPR=1%": 0.78125,
  "Recall@FPR=5%": 0.9431818181818182,
  "in_domain_FPR@95TPR": 0.07972665148063782,
  "out_domain_FPR@95TPR": 0.08681672025723473,
  "in_domain_FPR@fixed": 0.38724373576309795,
  "out_domain_FPR@fixed": 0.40514469453376206,
  "split": "val",
  "images": 1102,
  "ground_truth_objects": 402,
  "input_predictions": 7283,
  "detections": 7283,
  "invalid_predictions_dropped": 0,
  "fppi_threshold": 0.25,
  "false_positives_on_negatives": {
    "total_negative_images": 750,
    "total_false_positives": 437,
    "fppi": 0.5826666666666667,
    "by_group": {
      "negative_in_domain": {
        "negative_images": 439,
        "false_positives": 228,
        "fppi": 0.5193621867881549
      },
      "negative_out_domain": {
        "negative_images": 311,
        "false_positives": 209,
        "fppi": 0.6720257234726688
      }
    }
  },
  "predictions_above_fppi_threshold_by_group": {
    "negative_in_domain": 228,
    "negative_out_domain": 209,
    "positive": 483
  },
  "relative_scale_metrics": {
    "tiny": {
      "mAP": 0.33888645567793546,
      "mAP50": 0.6557392535415555,
      "mAP75": 0.4319291556484841,
      "mAP_small": null,
      "mAP_medium": 0.34024483949102846,
      "mAP_large": 0.6999999999999998,
      "AR1": 0.38235294117647056,
      "AR10": 0.5058823529411764,
      "AR100": 0.5058823529411764,
      "AR_small": null,
      "AR_medium": 0.49375,
      "AR_large": 0.7,
      "objects": 17,
      "positive_images": 14,
      "detections": 1590
    },
    "small": {
      "mAP": 0.4456438202186145,
      "mAP50": 0.740469463777895,
      "mAP75": 0.48214772885688395,
      "mAP_small": null,
      "mAP_medium": 0.35178793534017005,
      "mAP_large": 0.4827556849779995,
      "AR1": 0.38051948051948054,
      "AR10": 0.5896103896103896,
      "AR100": 0.5896103896103896,
      "AR_small": null,
      "AR_medium": 0.505,
      "AR_large": 0.619298245614035,
      "objects": 77,
      "positive_images": 51,
      "detections": 1337
    },
    "medium": {
      "mAP": 0.5694330180863826,
      "mAP50": 0.8163531760082191,
      "mAP75": 0.690699908967931,
      "mAP_small": null,
      "mAP_medium": null,
      "mAP_large": 0.5696145474540721,
      "AR1": 0.61010101010101,
      "AR10": 0.6696969696969697,
      "AR100": 0.6696969696969697,
      "AR_small": null,
      "AR_medium": null,
      "AR_large": 0.6696969696969697,
      "objects": 99,
      "positive_images": 94,
      "detections": 2540
    },
    "large": {
      "mAP": 0.7032423705350701,
      "mAP50": 0.9351460227191335,
      "mAP75": 0.8318083387836331,
      "mAP_small": null,
      "mAP_medium": null,
      "mAP_large": 0.7032423705350701,
      "AR1": 0.7665071770334928,
      "AR10": 0.7746411483253588,
      "AR100": 0.7746411483253588,
      "AR_small": null,
      "AR_medium": null,
      "AR_large": 0.7746411483253588,
      "objects": 209,
      "positive_images": 207,
      "detections": 1816
    }
  },
  "image_level": {
    "positive_images": 352,
    "negative_images": 750,
    "auroc": 0.9819772727272728,
    "average_precision": 0.9709770965605383,
    "fpr_at_target_tpr": {
      "threshold": 0.9476362466812134,
      "tp": 335,
      "fp": 62,
      "tn": 688,
      "fn": 17,
      "tpr": 0.9517045454545454,
      "fpr": 0.08266666666666667,
      "by_negative_group": {
        "negative_in_domain": {
          "negative_images": 439,
          "false_positive_images": 35,
          "fpr": 0.07972665148063782
        },
        "negative_out_domain": {
          "negative_images": 311,
          "false_positive_images": 27,
          "fpr": 0.08681672025723473
        }
      },
      "target_tpr": 0.95
    },
    "recall_at_fpr": {
      "0.01": {
        "max_fpr": 0.01,
        "threshold": 0.9957658052444458,
        "recall": 0.78125,
        "fpr": 0.009333333333333334,
        "tp": 275,
        "fp": 7,
        "tn": 743,
        "fn": 77
      },
      "0.05": {
        "max_fpr": 0.05,
        "threshold": 0.9722996950149536,
        "recall": 0.9431818181818182,
        "fpr": 0.04533333333333334,
        "tp": 332,
        "fp": 34,
        "tn": 716,
        "fn": 20
      }
    },
    "fixed_threshold": {
      "threshold": 0.25,
      "tp": 347,
      "fp": 296,
      "tn": 454,
      "fn": 5,
      "tpr": 0.9857954545454546,
      "fpr": 0.39466666666666667,
      "by_negative_group": {
        "negative_in_domain": {
          "negative_images": 439,
          "false_positive_images": 170,
          "fpr": 0.38724373576309795
        },
        "negative_out_domain": {
          "negative_images": 311,
          "false_positive_images": 126,
          "fpr": 0.40514469453376206
        }
      }
    }
  }
}
