{
  "mAP": 2.374338153239784e-06,
  "mAP50": 2.374338153239784e-05,
  "mAP75": 0.0,
  "mAP_small": null,
  "mAP_medium": 0.0,
  "mAP_large": 2.374338153239784e-06,
  "AR1": 0.0004975124378109452,
  "AR10": 0.0004975124378109452,
  "AR100": 0.0004975124378109452,
  "AR_small": null,
  "AR_medium": 0.0,
  "AR_large": 0.000546448087431694,
  "mAP_tiny_rel": 0.0,
  "mAP50_tiny_rel": 0.0,
  "mAP75_tiny_rel": 0.0,
  "AR100_tiny_rel": 0.0,
  "mAP_small_rel": 0.0,
  "mAP50_small_rel": 0.0,
  "mAP75_small_rel": 0.0,
  "AR100_small_rel": 0.0,
  "mAP_medium_rel": 4.974442811986578e-06,
  "mAP50_medium_rel": 4.974442811986578e-05,
  "mAP75_medium_rel": 0.0,
  "AR100_medium_rel": 0.00202020202020202,
  "mAP_large_rel": 0.0,
  "mAP50_large_rel": 0.0,
  "mAP75_large_rel": 0.0,
  "AR100_large_rel": 0.0,
  "mAP_tiny": 0.0,
  "image_AUROC": 0.360782196969697,
  "image_AP": 0.25224543899811264,
  "FPR@95TPR": 0.9853333333333333,
  "threshold@95TPR": 0.032604750245809555,
  "TPR@95TPR": 0.9517045454545454,
  "Recall@FPR=1%": 0.0,
  "Recall@FPR=5%": 0.019886363636363636,
  "in_domain_FPR@95TPR": 0.9908883826879271,
  "out_domain_FPR@95TPR": 0.977491961414791,
  "in_domain_FPR@fixed": 0.0,
  "out_domain_FPR@fixed": 0.0,
  "split": "val",
  "images": 1102,
  "ground_truth_objects": 402,
  "input_predictions": 110200,
  "detections": 110200,
  "invalid_predictions_dropped": 0,
  "fppi_threshold": 0.25,
  "false_positives_on_negatives": {
    "total_negative_images": 750,
    "total_false_positives": 0,
    "fppi": 0.0,
    "by_group": {
      "negative_in_domain": {
        "negative_images": 439,
        "false_positives": 0,
        "fppi": 0.0
      },
      "negative_out_domain": {
        "negative_images": 311,
        "false_positives": 0,
        "fppi": 0.0
      }
    }
  },
  "predictions_above_fppi_threshold_by_group": {},
  "relative_scale_metrics": {
    "tiny": {
      "mAP": 0.0,
      "mAP50": 0.0,
      "mAP75": 0.0,
      "mAP_small": null,
      "mAP_medium": 0.0,
      "mAP_large": 0.0,
      "AR1": 0.0,
      "AR10": 0.0,
      "AR100": 0.0,
      "AR_small": null,
      "AR_medium": 0.0,
      "AR_large": 0.0,
      "objects": 17,
      "positive_images": 14,
      "detections": 0
    },
    "small": {
      "mAP": 0.0,
      "mAP50": 0.0,
      "mAP75": 0.0,
      "mAP_small": null,
      "mAP_medium": 0.0,
      "mAP_large": 0.0,
      "AR1": 0.0,
      "AR10": 0.0,
      "AR100": 0.0,
      "AR_small": null,
      "AR_medium": 0.0,
      "AR_large": 0.0,
      "objects": 77,
      "positive_images": 51,
      "detections": 0
    },
    "medium": {
      "mAP": 4.974442811986578e-06,
      "mAP50": 4.974442811986578e-05,
      "mAP75": 0.0,
      "mAP_small": null,
      "mAP_medium": null,
      "mAP_large": 4.977839368602237e-06,
      "AR1": 0.00202020202020202,
      "AR10": 0.00202020202020202,
      "AR100": 0.00202020202020202,
      "AR_small": null,
      "AR_medium": null,
      "AR_large": 0.00202020202020202,
      "objects": 99,
      "positive_images": 94,
      "detections": 110200
    },
    "large": {
      "mAP": 0.0,
      "mAP50": 0.0,
      "mAP75": 0.0,
      "mAP_small": null,
      "mAP_medium": null,
      "mAP_large": 0.0,
      "AR1": 0.0,
      "AR10": 0.0,
      "AR100": 0.0,
      "AR_small": null,
      "AR_medium": null,
      "AR_large": 0.0,
      "objects": 209,
      "positive_images": 207,
      "detections": 0
    }
  },
  "image_level": {
    "positive_images": 352,
    "negative_images": 750,
    "auroc": 0.360782196969697,
    "average_precision": 0.25224543899811264,
    "fpr_at_target_tpr": {
      "threshold": 0.032604750245809555,
      "tp": 335,
      "fp": 739,
      "tn": 11,
      "fn": 17,
      "tpr": 0.9517045454545454,
      "fpr": 0.9853333333333333,
      "by_negative_group": {
        "negative_in_domain": {
          "negative_images": 439,
          "false_positive_images": 435,
          "fpr": 0.9908883826879271
        },
        "negative_out_domain": {
          "negative_images": 311,
          "false_positive_images": 304,
          "fpr": 0.977491961414791
        }
      },
      "target_tpr": 0.95
    },
    "recall_at_fpr": {
      "0.01": {
        "max_fpr": 0.01,
        "threshold": 1.0333205461502075,
        "recall": 0.0,
        "fpr": 0.0,
        "tp": 0,
        "fp": 0,
        "tn": 750,
        "fn": 352
      },
      "0.05": {
        "max_fpr": 0.05,
        "threshold": 0.03282647952437401,
        "recall": 0.019886363636363636,
        "fpr": 0.04533333333333334,
        "tp": 7,
        "fp": 34,
        "tn": 716,
        "fn": 345
      }
    },
    "fixed_threshold": {
      "threshold": 0.25,
      "tp": 0,
      "fp": 0,
      "tn": 750,
      "fn": 352,
      "tpr": 0.0,
      "fpr": 0.0,
      "by_negative_group": {
        "negative_in_domain": {
          "negative_images": 439,
          "false_positive_images": 0,
          "fpr": 0.0
        },
        "negative_out_domain": {
          "negative_images": 311,
          "false_positive_images": 0,
          "fpr": 0.0
        }
      }
    }
  }
}
