{
  "mAP": 0.6681936063383546,
  "mAP50": 0.9565583519193169,
  "mAP75": 0.7719074840930382,
  "mAP_small": null,
  "mAP_medium": 0.5061001615449107,
  "mAP_large": 0.6822708895714044,
  "AR1": 0.6405472636815921,
  "AR10": 0.7348258706467662,
  "AR100": 0.7348258706467662,
  "AR_small": null,
  "AR_medium": 0.6166666666666667,
  "AR_large": 0.7464480874316941,
  "mAP_tiny_rel": 0.47338703334386734,
  "mAP50_tiny_rel": 0.8260103843724139,
  "mAP75_tiny_rel": 0.5806007102258214,
  "AR100_tiny_rel": 0.6,
  "mAP_small_rel": 0.471561738582505,
  "mAP50_small_rel": 0.7711975080437269,
  "mAP75_small_rel": 0.5270097777515677,
  "AR100_small_rel": 0.5636363636363637,
  "mAP_medium_rel": 0.5627806146330786,
  "mAP50_medium_rel": 0.8335709132933941,
  "mAP75_medium_rel": 0.6363826134882283,
  "AR100_medium_rel": 0.6737373737373737,
  "mAP_large_rel": 0.7103328603653631,
  "mAP50_large_rel": 0.9356571859160284,
  "mAP75_large_rel": 0.8394998999751702,
  "AR100_large_rel": 0.7784688995215311,
  "mAP_tiny": 0.47338703334386734,
  "image_AUROC": 0.9928295454545455,
  "image_AP": 0.9857844316648054,
  "FPR@95TPR": 0.02666666666666667,
  "threshold@95TPR": 0.7520454525947571,
  "TPR@95TPR": 0.9517045454545454,
  "Recall@FPR=1%": 0.9261363636363636,
  "Recall@FPR=5%": 0.9772727272727273,
  "in_domain_FPR@95TPR": 0.04328018223234624,
  "out_domain_FPR@95TPR": 0.003215434083601286,
  "in_domain_FPR@fixed": 0.07517084282460136,
  "out_domain_FPR@fixed": 0.022508038585209004,
  "split": "val",
  "images": 1102,
  "ground_truth_objects": 402,
  "input_predictions": 3304,
  "detections": 3304,
  "invalid_predictions_dropped": 0,
  "fppi_threshold": 0.25,
  "false_positives_on_negatives": {
    "total_negative_images": 750,
    "total_false_positives": 49,
    "fppi": 0.06533333333333333,
    "by_group": {
      "negative_in_domain": {
        "negative_images": 439,
        "false_positives": 38,
        "fppi": 0.08656036446469248
      },
      "negative_out_domain": {
        "negative_images": 311,
        "false_positives": 11,
        "fppi": 0.03536977491961415
      }
    }
  },
  "predictions_above_fppi_threshold_by_group": {
    "negative_in_domain": 38,
    "negative_out_domain": 11,
    "positive": 458
  },
  "relative_scale_metrics": {
    "tiny": {
      "mAP": 0.47338703334386734,
      "mAP50": 0.8260103843724139,
      "mAP75": 0.5806007102258214,
      "mAP_small": null,
      "mAP_medium": 0.4625396589858012,
      "mAP_large": 0.7999999999999999,
      "AR1": 0.5,
      "AR10": 0.6,
      "AR100": 0.6,
      "AR_small": null,
      "AR_medium": 0.5875,
      "AR_large": 0.8,
      "objects": 17,
      "positive_images": 14,
      "detections": 433
    },
    "small": {
      "mAP": 0.471561738582505,
      "mAP50": 0.7711975080437269,
      "mAP75": 0.5270097777515677,
      "mAP_small": null,
      "mAP_medium": 0.36766209190043425,
      "mAP_large": 0.5157390621418658,
      "AR1": 0.3571428571428571,
      "AR10": 0.5636363636363637,
      "AR100": 0.5636363636363637,
      "AR_small": null,
      "AR_medium": 0.44499999999999995,
      "AR_large": 0.6052631578947367,
      "objects": 77,
      "positive_images": 51,
      "detections": 740
    },
    "medium": {
      "mAP": 0.5627806146330786,
      "mAP50": 0.8335709132933941,
      "mAP75": 0.6363826134882283,
      "mAP_small": null,
      "mAP_medium": null,
      "mAP_large": 0.5630663376032853,
      "AR1": 0.6151515151515151,
      "AR10": 0.6737373737373737,
      "AR100": 0.6737373737373737,
      "AR_small": null,
      "AR_medium": null,
      "AR_large": 0.6737373737373737,
      "objects": 99,
      "positive_images": 94,
      "detections": 1280
    },
    "large": {
      "mAP": 0.7103328603653631,
      "mAP50": 0.9356571859160284,
      "mAP75": 0.8394998999751702,
      "mAP_small": null,
      "mAP_medium": null,
      "mAP_large": 0.7103328603653631,
      "AR1": 0.7669856459330143,
      "AR10": 0.7784688995215311,
      "AR100": 0.7784688995215311,
      "AR_small": null,
      "AR_medium": null,
      "AR_large": 0.7784688995215311,
      "objects": 209,
      "positive_images": 207,
      "detections": 851
    }
  },
  "image_level": {
    "positive_images": 352,
    "negative_images": 750,
    "auroc": 0.9928295454545455,
    "average_precision": 0.9857844316648054,
    "fpr_at_target_tpr": {
      "threshold": 0.7520454525947571,
      "tp": 335,
      "fp": 20,
      "tn": 730,
      "fn": 17,
      "tpr": 0.9517045454545454,
      "fpr": 0.02666666666666667,
      "by_negative_group": {
        "negative_in_domain": {
          "negative_images": 439,
          "false_positive_images": 19,
          "fpr": 0.04328018223234624
        },
        "negative_out_domain": {
          "negative_images": 311,
          "false_positive_images": 1,
          "fpr": 0.003215434083601286
        }
      },
      "target_tpr": 0.95
    },
    "recall_at_fpr": {
      "0.01": {
        "max_fpr": 0.01,
        "threshold": 0.9416582584381104,
        "recall": 0.9261363636363636,
        "fpr": 0.009333333333333334,
        "tp": 326,
        "fp": 7,
        "tn": 743,
        "fn": 26
      },
      "0.05": {
        "max_fpr": 0.05,
        "threshold": 0.41624677181243896,
        "recall": 0.9772727272727273,
        "fpr": 0.04,
        "tp": 344,
        "fp": 30,
        "tn": 720,
        "fn": 8
      }
    },
    "fixed_threshold": {
      "threshold": 0.25,
      "tp": 345,
      "fp": 40,
      "tn": 710,
      "fn": 7,
      "tpr": 0.9801136363636364,
      "fpr": 0.05333333333333334,
      "by_negative_group": {
        "negative_in_domain": {
          "negative_images": 439,
          "false_positive_images": 33,
          "fpr": 0.07517084282460136
        },
        "negative_out_domain": {
          "negative_images": 311,
          "false_positive_images": 7,
          "fpr": 0.022508038585209004
        }
      }
    }
  }
}
