{
  "mAP": 0.6678106114763351,
  "mAP50": 0.9556420099055544,
  "mAP75": 0.7859466521133176,
  "mAP_small": null,
  "mAP_medium": 0.4833696438008874,
  "mAP_large": 0.6836829593768905,
  "AR1": 0.6422885572139303,
  "AR10": 0.735820895522388,
  "AR100": 0.7360696517412936,
  "AR_small": null,
  "AR_medium": 0.6111111111111112,
  "AR_large": 0.7483606557377049,
  "mAP_tiny_rel": 0.4457410186909019,
  "mAP50_tiny_rel": 0.7669302518696114,
  "mAP75_tiny_rel": 0.42555865493670103,
  "AR100_tiny_rel": 0.5647058823529412,
  "mAP_small_rel": 0.4718782307700698,
  "mAP50_small_rel": 0.7754534411089112,
  "mAP75_small_rel": 0.49840668213956646,
  "AR100_small_rel": 0.5974025974025974,
  "mAP_medium_rel": 0.5583557861962403,
  "mAP50_medium_rel": 0.8221049259980208,
  "mAP75_medium_rel": 0.6278813533483938,
  "AR100_medium_rel": 0.6505050505050505,
  "mAP_large_rel": 0.6942146360549681,
  "mAP50_large_rel": 0.9290305160204215,
  "mAP75_large_rel": 0.8567669400315585,
  "AR100_large_rel": 0.7727272727272727,
  "mAP_tiny": 0.4457410186909019,
  "image_AUROC": 0.9946060606060606,
  "image_AP": 0.9895782335195265,
  "FPR@95TPR": 0.013333333333333334,
  "threshold@95TPR": 0.8815715312957764,
  "TPR@95TPR": 0.9517045454545454,
  "Recall@FPR=1%": 0.9460227272727273,
  "Recall@FPR=5%": 0.9801136363636364,
  "in_domain_FPR@95TPR": 0.02050113895216401,
  "out_domain_FPR@95TPR": 0.003215434083601286,
  "in_domain_FPR@fixed": 0.0683371298405467,
  "out_domain_FPR@fixed": 0.006430868167202572,
  "split": "val",
  "images": 1102,
  "ground_truth_objects": 402,
  "input_predictions": 3101,
  "detections": 3101,
  "invalid_predictions_dropped": 0,
  "fppi_threshold": 0.25,
  "false_positives_on_negatives": {
    "total_negative_images": 750,
    "total_false_positives": 39,
    "fppi": 0.052,
    "by_group": {
      "negative_in_domain": {
        "negative_images": 439,
        "false_positives": 34,
        "fppi": 0.0774487471526196
      },
      "negative_out_domain": {
        "negative_images": 311,
        "false_positives": 5,
        "fppi": 0.01607717041800643
      }
    }
  },
  "predictions_above_fppi_threshold_by_group": {
    "negative_in_domain": 34,
    "negative_out_domain": 5,
    "positive": 459
  },
  "relative_scale_metrics": {
    "tiny": {
      "mAP": 0.4457410186909019,
      "mAP50": 0.7669302518696114,
      "mAP75": 0.42555865493670103,
      "mAP_small": null,
      "mAP_medium": 0.41615257679614115,
      "mAP_large": 0.7999999999999999,
      "AR1": 0.4352941176470588,
      "AR10": 0.5647058823529412,
      "AR100": 0.5647058823529412,
      "AR_small": null,
      "AR_medium": 0.55,
      "AR_large": 0.8,
      "objects": 17,
      "positive_images": 14,
      "detections": 346
    },
    "small": {
      "mAP": 0.4718782307700698,
      "mAP50": 0.7754534411089112,
      "mAP75": 0.49840668213956646,
      "mAP_small": null,
      "mAP_medium": 0.3661232310391564,
      "mAP_large": 0.5182521697288659,
      "AR1": 0.3779220779220779,
      "AR10": 0.5948051948051948,
      "AR100": 0.5974025974025974,
      "AR_small": null,
      "AR_medium": 0.51,
      "AR_large": 0.6280701754385964,
      "objects": 77,
      "positive_images": 51,
      "detections": 617
    },
    "medium": {
      "mAP": 0.5583557861962403,
      "mAP50": 0.8221049259980208,
      "mAP75": 0.6278813533483938,
      "mAP_small": null,
      "mAP_medium": null,
      "mAP_large": 0.5585895474395888,
      "AR1": 0.5929292929292929,
      "AR10": 0.6505050505050505,
      "AR100": 0.6505050505050505,
      "AR_small": null,
      "AR_medium": null,
      "AR_large": 0.6505050505050505,
      "objects": 99,
      "positive_images": 94,
      "detections": 1291
    },
    "large": {
      "mAP": 0.6942146360549681,
      "mAP50": 0.9290305160204215,
      "mAP75": 0.8567669400315585,
      "mAP_small": null,
      "mAP_medium": null,
      "mAP_large": 0.6942146360549681,
      "AR1": 0.7655502392344496,
      "AR10": 0.7727272727272727,
      "AR100": 0.7727272727272727,
      "AR_small": null,
      "AR_medium": null,
      "AR_large": 0.7727272727272727,
      "objects": 209,
      "positive_images": 207,
      "detections": 847
    }
  },
  "image_level": {
    "positive_images": 352,
    "negative_images": 750,
    "auroc": 0.9946060606060606,
    "average_precision": 0.9895782335195265,
    "fpr_at_target_tpr": {
      "threshold": 0.8815715312957764,
      "tp": 335,
      "fp": 10,
      "tn": 740,
      "fn": 17,
      "tpr": 0.9517045454545454,
      "fpr": 0.013333333333333334,
      "by_negative_group": {
        "negative_in_domain": {
          "negative_images": 439,
          "false_positive_images": 9,
          "fpr": 0.02050113895216401
        },
        "negative_out_domain": {
          "negative_images": 311,
          "false_positive_images": 1,
          "fpr": 0.003215434083601286
        }
      },
      "target_tpr": 0.95
    },
    "recall_at_fpr": {
      "0.01": {
        "max_fpr": 0.01,
        "threshold": 0.9291844964027405,
        "recall": 0.9460227272727273,
        "fpr": 0.009333333333333334,
        "tp": 333,
        "fp": 7,
        "tn": 743,
        "fn": 19
      },
      "0.05": {
        "max_fpr": 0.05,
        "threshold": 0.3999937176704407,
        "recall": 0.9801136363636364,
        "fpr": 0.034666666666666665,
        "tp": 345,
        "fp": 26,
        "tn": 724,
        "fn": 7
      }
    },
    "fixed_threshold": {
      "threshold": 0.25,
      "tp": 345,
      "fp": 32,
      "tn": 718,
      "fn": 7,
      "tpr": 0.9801136363636364,
      "fpr": 0.042666666666666665,
      "by_negative_group": {
        "negative_in_domain": {
          "negative_images": 439,
          "false_positive_images": 30,
          "fpr": 0.0683371298405467
        },
        "negative_out_domain": {
          "negative_images": 311,
          "false_positive_images": 2,
          "fpr": 0.006430868167202572
        }
      }
    }
  }
}
