{
  "val": {
    "mAP": 0.6646562216160332,
    "mAP50": 0.9514168664194883,
    "mAP75": 0.7756252370356402,
    "mAP_small": null,
    "mAP_medium": 0.49669054660467604,
    "mAP_large": 0.6790057189151992,
    "AR1": 0.6395522388059701,
    "AR10": 0.7313432835820897,
    "AR100": 0.7320895522388061,
    "AR_small": null,
    "AR_medium": 0.6222222222222222,
    "AR_large": 0.742896174863388,
    "mAP_tiny_rel": 0.39497435809233594,
    "mAP50_tiny_rel": 0.6742361018928231,
    "mAP75_tiny_rel": 0.48560231023102296,
    "AR100_tiny_rel": 0.5176470588235295,
    "mAP_small_rel": 0.45017932625437407,
    "mAP50_small_rel": 0.7555214168685286,
    "mAP75_small_rel": 0.48100497981389884,
    "AR100_small_rel": 0.5740259740259741,
    "mAP_medium_rel": 0.5895329183409361,
    "mAP50_medium_rel": 0.8309482492689532,
    "mAP75_medium_rel": 0.6815215427170107,
    "AR100_medium_rel": 0.6767676767676768,
    "mAP_large_rel": 0.6986272142844964,
    "mAP50_large_rel": 0.9378865329013182,
    "mAP75_large_rel": 0.8352308302535032,
    "AR100_large_rel": 0.767464114832536,
    "mAP_tiny": 0.39497435809233594,
    "image_AUROC": 0.9918257575757575,
    "image_AP": 0.9850681708901988,
    "FPR@95TPR": 0.02266666666666667,
    "threshold@95TPR": 0.8603443503379822,
    "TPR@95TPR": 0.9517045454545454,
    "Recall@FPR=1%": 0.9261363636363636,
    "Recall@FPR=5%": 0.9630681818181818,
    "in_domain_FPR@95TPR": 0.03189066059225513,
    "out_domain_FPR@95TPR": 0.00964630225080386,
    "in_domain_FPR@fixed": 0.09567198177676538,
    "out_domain_FPR@fixed": 0.10289389067524116,
    "split": "val",
    "images": 1102,
    "ground_truth_objects": 402,
    "input_predictions": 4971,
    "detections": 4971,
    "invalid_predictions_dropped": 0,
    "fppi_threshold": 0.25,
    "false_positives_on_negatives": {
      "total_negative_images": 750,
      "total_false_positives": 91,
      "fppi": 0.12133333333333333,
      "by_group": {
        "negative_in_domain": {
          "negative_images": 439,
          "false_positives": 48,
          "fppi": 0.10933940774487472
        },
        "negative_out_domain": {
          "negative_images": 311,
          "false_positives": 43,
          "fppi": 0.1382636655948553
        }
      }
    },
    "predictions_above_fppi_threshold_by_group": {
      "negative_in_domain": 48,
      "negative_out_domain": 43,
      "positive": 476
    },
    "relative_scale_metrics": {
      "tiny": {
        "mAP": 0.39497435809233594,
        "mAP50": 0.6742361018928231,
        "mAP75": 0.48560231023102296,
        "mAP_small": null,
        "mAP_medium": 0.37694426342384124,
        "mAP_large": 0.7999999999999999,
        "AR1": 0.3823529411764706,
        "AR10": 0.5176470588235295,
        "AR100": 0.5176470588235295,
        "AR_small": null,
        "AR_medium": 0.5,
        "AR_large": 0.8,
        "objects": 17,
        "positive_images": 14,
        "detections": 1002
      },
      "small": {
        "mAP": 0.45017932625437407,
        "mAP50": 0.7555214168685286,
        "mAP75": 0.48100497981389884,
        "mAP_small": null,
        "mAP_medium": 0.3568540159261515,
        "mAP_large": 0.49193055770701577,
        "AR1": 0.3805194805194805,
        "AR10": 0.5727272727272728,
        "AR100": 0.5740259740259741,
        "AR_small": null,
        "AR_medium": 0.4999999999999999,
        "AR_large": 0.5999999999999999,
        "objects": 77,
        "positive_images": 51,
        "detections": 1159
      },
      "medium": {
        "mAP": 0.5895329183409361,
        "mAP50": 0.8309482492689532,
        "mAP75": 0.6815215427170107,
        "mAP_small": null,
        "mAP_medium": null,
        "mAP_large": 0.5898882471822677,
        "AR1": 0.6171717171717173,
        "AR10": 0.6767676767676768,
        "AR100": 0.6767676767676768,
        "AR_small": null,
        "AR_medium": null,
        "AR_large": 0.6767676767676768,
        "objects": 99,
        "positive_images": 94,
        "detections": 1686
      },
      "large": {
        "mAP": 0.6986272142844964,
        "mAP50": 0.9378865329013182,
        "mAP75": 0.8352308302535032,
        "mAP_small": null,
        "mAP_medium": null,
        "mAP_large": 0.6986272142844964,
        "AR1": 0.7583732057416268,
        "AR10": 0.767464114832536,
        "AR100": 0.767464114832536,
        "AR_small": null,
        "AR_medium": null,
        "AR_large": 0.767464114832536,
        "objects": 209,
        "positive_images": 207,
        "detections": 1124
      }
    },
    "image_level": {
      "positive_images": 352,
      "negative_images": 750,
      "auroc": 0.9918257575757575,
      "average_precision": 0.9850681708901988,
      "fpr_at_target_tpr": {
        "threshold": 0.8603443503379822,
        "tp": 335,
        "fp": 17,
        "tn": 733,
        "fn": 17,
        "tpr": 0.9517045454545454,
        "fpr": 0.02266666666666667,
        "by_negative_group": {
          "negative_in_domain": {
            "negative_images": 439,
            "false_positive_images": 14,
            "fpr": 0.03189066059225513
          },
          "negative_out_domain": {
            "negative_images": 311,
            "false_positive_images": 3,
            "fpr": 0.00964630225080386
          }
        },
        "target_tpr": 0.95
      },
      "recall_at_fpr": {
        "0.01": {
          "max_fpr": 0.01,
          "threshold": 0.9580168128013611,
          "recall": 0.9261363636363636,
          "fpr": 0.008,
          "tp": 326,
          "fp": 6,
          "tn": 744,
          "fn": 26
        },
        "0.05": {
          "max_fpr": 0.05,
          "threshold": 0.685943067073822,
          "recall": 0.9630681818181818,
          "fpr": 0.042666666666666665,
          "tp": 339,
          "fp": 32,
          "tn": 718,
          "fn": 13
        }
      },
      "fixed_threshold": {
        "threshold": 0.25,
        "tp": 345,
        "fp": 74,
        "tn": 676,
        "fn": 7,
        "tpr": 0.9801136363636364,
        "fpr": 0.09866666666666667,
        "by_negative_group": {
          "negative_in_domain": {
            "negative_images": 439,
            "false_positive_images": 42,
            "fpr": 0.09567198177676538
          },
          "negative_out_domain": {
            "negative_images": 311,
            "false_positive_images": 32,
            "fpr": 0.10289389067524116
          }
        }
      }
    }
  },
  "test": {
    "mAP": 0.693298472449674,
    "mAP50": 0.9675681106204548,
    "mAP75": 0.7979830635907048,
    "mAP_small": 0.39999999999999997,
    "mAP_medium": 0.5063983936429872,
    "mAP_large": 0.7107333496943831,
    "AR1": 0.6687657430730478,
    "AR10": 0.7513853904282117,
    "AR100": 0.7513853904282117,
    "AR_small": 0.4,
    "AR_medium": 0.5794117647058823,
    "AR_large": 0.7685082872928176,
    "mAP_tiny_rel": 0.32844948466104534,
    "mAP50_tiny_rel": 0.614334064672673,
    "mAP75_tiny_rel": 0.2677392739273927,
    "AR100_tiny_rel": 0.44000000000000006,
    "mAP_small_rel": 0.452128047320716,
    "mAP50_small_rel": 0.8003383341572153,
    "mAP75_small_rel": 0.42555248828753156,
    "AR100_small_rel": 0.5485714285714286,
    "mAP_medium_rel": 0.6451205687847642,
    "mAP50_medium_rel": 0.8690628641719407,
    "mAP75_medium_rel": 0.7557455828868105,
    "AR100_medium_rel": 0.7327102803738318,
    "mAP_large_rel": 0.7478680095026579,
    "mAP50_large_rel": 0.9577224309642294,
    "mAP75_large_rel": 0.9171532434709171,
    "AR100_large_rel": 0.8058536585365854,
    "mAP_tiny": 0.32844948466104534,
    "image_AUROC": 0.9936182336182336,
    "image_AP": 0.9901276660750439,
    "FPR@95TPR": 0.02266666666666667,
    "threshold@95TPR": 0.8602026700973511,
    "TPR@95TPR": 0.9515669515669516,
    "Recall@FPR=1%": 0.9230769230769231,
    "Recall@FPR=5%": 0.9715099715099715,
    "in_domain_FPR@95TPR": 0.029612756264236904,
    "out_domain_FPR@95TPR": 0.012861736334405145,
    "in_domain_FPR@fixed": 0.10250569476082004,