{
  "mAP": 0.6610874831511622,
  "mAP50": 0.9588820926665097,
  "mAP75": 0.7612688778112275,
  "mAP_small": null,
  "mAP_medium": 0.50029036365904,
  "mAP_large": 0.6747961156471707,
  "AR1": 0.6388059701492537,
  "AR10": 0.7305970149253731,
  "AR100": 0.7305970149253731,
  "AR_small": null,
  "AR_medium": 0.6138888888888888,
  "AR_large": 0.7420765027322405,
  "mAP_tiny_rel": 0.4170671000925115,
  "mAP50_tiny_rel": 0.7466807797004286,
  "mAP75_tiny_rel": 0.4402032308494008,
  "AR100_tiny_rel": 0.5647058823529412,
  "mAP_small_rel": 0.46494519227493486,
  "mAP50_small_rel": 0.763914352835386,
  "mAP75_small_rel": 0.5067810052644389,
  "AR100_small_rel": 0.5753246753246753,
  "mAP_medium_rel": 0.5520169110464588,
  "mAP50_medium_rel": 0.8229198531787396,
  "mAP75_medium_rel": 0.5940347027529367,
  "AR100_medium_rel": 0.6555555555555556,
  "mAP_large_rel": 0.7021277636410458,
  "mAP50_large_rel": 0.9417742096703325,
  "mAP75_large_rel": 0.8522851298503772,
  "AR100_large_rel": 0.7789473684210526,
  "mAP_tiny": 0.4170671000925115,
  "image_AUROC": 0.9936628787878787,
  "image_AP": 0.9882011639054598,
  "FPR@95TPR": 0.018666666666666668,
  "threshold@95TPR": 0.8000280857086182,
  "TPR@95TPR": 0.9517045454545454,
  "Recall@FPR=1%": 0.9289772727272727,
  "Recall@FPR=5%": 0.9772727272727273,
  "in_domain_FPR@95TPR": 0.029612756264236904,
  "out_domain_FPR@95TPR": 0.003215434083601286,
  "in_domain_FPR@fixed": 0.10022779043280182,
  "out_domain_FPR@fixed": 0.022508038585209004,
  "split": "val",
  "images": 1102,
  "ground_truth_objects": 402,
  "input_predictions": 4073,
  "detections": 4073,
  "invalid_predictions_dropped": 0,
  "fppi_threshold": 0.25,
  "false_positives_on_negatives": {
    "total_negative_images": 750,
    "total_false_positives": 62,
    "fppi": 0.08266666666666667,
    "by_group": {
      "negative_in_domain": {
        "negative_images": 439,
        "false_positives": 51,
        "fppi": 0.11617312072892938
      },
      "negative_out_domain": {
        "negative_images": 311,
        "false_positives": 11,
        "fppi": 0.03536977491961415
      }
    }
  },
  "predictions_above_fppi_threshold_by_group": {
    "negative_in_domain": 51,
    "negative_out_domain": 11,
    "positive": 477
  },
  "relative_scale_metrics": {
    "tiny": {
      "mAP": 0.4170671000925115,
      "mAP50": 0.7466807797004286,
      "mAP75": 0.4402032308494008,
      "mAP_small": null,
      "mAP_medium": 0.39640020094446426,
      "mAP_large": 0.8999999999999999,
      "AR1": 0.4470588235294118,
      "AR10": 0.5647058823529412,
      "AR100": 0.5647058823529412,
      "AR_small": null,
      "AR_medium": 0.54375,
      "AR_large": 0.9,
      "objects": 17,
      "positive_images": 14,
      "detections": 531
    },
    "small": {
      "mAP": 0.46494519227493486,
      "mAP50": 0.763914352835386,
      "mAP75": 0.5067810052644389,
      "mAP_small": null,
      "mAP_medium": 0.3557495206646044,
      "mAP_large": 0.5070547240929422,
      "AR1": 0.36103896103896105,
      "AR10": 0.5753246753246753,
      "AR100": 0.5753246753246753,
      "AR_small": null,
      "AR_medium": 0.5000000000000001,
      "AR_large": 0.6017543859649123,
      "objects": 77,
      "positive_images": 51,
      "detections": 984
    },
    "medium": {
      "mAP": 0.5520169110464588,
      "mAP50": 0.8229198531787396,
      "mAP75": 0.5940347027529367,
      "mAP_small": null,
      "mAP_medium": null,
      "mAP_large": 0.552289039881468,
      "AR1": 0.5909090909090909,
      "AR10": 0.6555555555555556,
      "AR100": 0.6555555555555556,
      "AR_small": null,
      "AR_medium": null,
      "AR_large": 0.6555555555555556,
      "objects": 99,
      "positive_images": 94,
      "detections": 1590
    },
    "large": {
      "mAP": 0.7021277636410458,
      "mAP50": 0.9417742096703325,
      "mAP75": 0.8522851298503772,
      "mAP_small": null,
      "mAP_medium": null,
      "mAP_large": 0.7021277636410458,
      "AR1": 0.7698564593301436,
      "AR10": 0.7789473684210526,
      "AR100": 0.7789473684210526,
      "AR_small": null,
      "AR_medium": null,
      "AR_large": 0.7789473684210526,
      "objects": 209,
      "positive_images": 207,
      "detections": 968
    }
  },
  "image_level": {
    "positive_images": 352,
    "negative_images": 750,
    "auroc": 0.9936628787878787,
    "average_precision": 0.9882011639054598,
    "fpr_at_target_tpr": {
      "threshold": 0.8000280857086182,
      "tp": 335,
      "fp": 14,
      "tn": 736,
      "fn": 17,
      "tpr": 0.9517045454545454,
      "fpr": 0.018666666666666668,
      "by_negative_group": {
        "negative_in_domain": {
          "negative_images": 439,
          "false_positive_images": 13,
          "fpr": 0.029612756264236904
        },
        "negative_out_domain": {
          "negative_images": 311,
          "false_positive_images": 1,
          "fpr": 0.003215434083601286
        }
      },
      "target_tpr": 0.95
    },
    "recall_at_fpr": {
      "0.01": {
        "max_fpr": 0.01,
        "threshold": 0.926986038684845,
        "recall": 0.9289772727272727,
        "fpr": 0.009333333333333334,
        "tp": 327,
        "fp": 7,
        "tn": 743,
        "fn": 25
      },
      "0.05": {
        "max_fpr": 0.05,
        "threshold": 0.4367903769016266,
        "recall": 0.9772727272727273,
        "fpr": 0.04133333333333333,
        "tp": 344,
        "fp": 31,
        "tn": 719,
        "fn": 8
      }
    },
    "fixed_threshold": {
      "threshold": 0.25,
      "tp": 344,
      "fp": 51,
      "tn": 699,
      "fn": 8,
      "tpr": 0.9772727272727273,
      "fpr": 0.068,
      "by_negative_group": {
        "negative_in_domain": {
          "negative_images": 439,
          "false_positive_images": 44,
          "fpr": 0.10022779043280182
        },
        "negative_out_domain": {
          "negative_images": 311,
          "false_positive_images": 7,
          "fpr": 0.022508038585209004
        }
      }
    }
  }
}
