{
  "mAP": 0.3906145357991291,
  "mAP50": 0.7418347695951297,
  "mAP75": 0.328707948493123,
  "mAP_small": null,
  "mAP_medium": 0.005218176730002631,
  "mAP_large": 0.4268128697114533,
  "AR1": 0.4365671641791045,
  "AR10": 0.504726368159204,
  "AR100": 0.5238805970149254,
  "AR_small": null,
  "AR_medium": 0.2,
  "AR_large": 0.5557377049180328,
  "mAP_tiny_rel": 0.0009072400072434332,
  "mAP50_tiny_rel": 0.0019303749455518958,
  "mAP75_tiny_rel": 0.0014144271570014143,
  "AR100_tiny_rel": 0.052941176470588235,
  "mAP_small_rel": 0.06727296783554326,
  "mAP50_small_rel": 0.20150723427130007,
  "mAP75_small_rel": 0.025051012646144392,
  "AR100_small_rel": 0.287012987012987,
  "mAP_medium_rel": 0.31157948738500846,
  "mAP50_medium_rel": 0.6271920117742474,
  "mAP75_medium_rel": 0.26218642142210985,
  "AR100_medium_rel": 0.501010101010101,
  "mAP_large_rel": 0.5127554179645701,
  "mAP50_large_rel": 0.9042929350059935,
  "mAP75_large_rel": 0.48451765843067884,
  "AR100_large_rel": 0.614354066985646,
  "mAP_tiny": 0.0009072400072434332,
  "image_AUROC": 0.9414469696969697,
  "image_AP": 0.908055254340216,
  "FPR@95TPR": 0.356,
  "threshold@95TPR": 0.13447026908397675,
  "TPR@95TPR": 0.9517045454545454,
  "Recall@FPR=1%": 0.6306818181818182,
  "Recall@FPR=5%": 0.7755681818181818,
  "in_domain_FPR@95TPR": 0.44419134396355353,
  "out_domain_FPR@95TPR": 0.2315112540192926,
  "in_domain_FPR@fixed": 0.296127562642369,
  "out_domain_FPR@fixed": 0.17363344051446947,
  "split": "val",
  "images": 1102,
  "ground_truth_objects": 402,
  "input_predictions": 36760,
  "detections": 36760,
  "invalid_predictions_dropped": 0,
  "fppi_threshold": 0.25,
  "false_positives_on_negatives": {
    "total_negative_images": 750,
    "total_false_positives": 246,
    "fppi": 0.328,
    "by_group": {
      "negative_in_domain": {
        "negative_images": 439,
        "false_positives": 170,
        "fppi": 0.38724373576309795
      },
      "negative_out_domain": {
        "negative_images": 311,
        "false_positives": 76,
        "fppi": 0.24437299035369775
      }
    }
  },
  "predictions_above_fppi_threshold_by_group": {
    "negative_in_domain": 170,
    "negative_out_domain": 76,
    "positive": 507
  },
  "relative_scale_metrics": {
    "tiny": {
      "mAP": 0.0009072400072434332,
      "mAP50": 0.0019303749455518958,
      "mAP75": 0.0014144271570014143,
      "mAP_small": null,
      "mAP_medium": 0.0015177490283547752,
      "mAP_large": 0.0,
      "AR1": 0.041176470588235294,
      "AR10": 0.052941176470588235,
      "AR100": 0.052941176470588235,
      "AR_small": null,
      "AR_medium": 0.05625,
      "AR_large": 0.0,
      "objects": 17,
      "positive_images": 14,
      "detections": 9711
    },
    "small": {
      "mAP": 0.06727296783554326,
      "mAP50": 0.20150723427130007,
      "mAP75": 0.025051012646144392,
      "mAP_small": null,
      "mAP_medium": 0.009995998225045653,
      "mAP_large": 0.0877022841815377,
      "AR1": 0.1077922077922078,
      "AR10": 0.26363636363636367,
      "AR100": 0.287012987012987,
      "AR_small": null,
      "AR_medium": 0.27,
      "AR_large": 0.29298245614035084,
      "objects": 77,
      "positive_images": 51,
      "detections": 15332
    },
    "medium": {
      "mAP": 0.31157948738500846,
      "mAP50": 0.6271920117742474,
      "mAP75": 0.26218642142210985,
      "mAP_small": null,
      "mAP_medium": null,
      "mAP_large": 0.31266850245533984,
      "AR1": 0.403030303030303,
      "AR10": 0.5,
      "AR100": 0.501010101010101,
      "AR_small": null,
      "AR_medium": null,
      "AR_large": 0.501010101010101,
      "objects": 99,
      "positive_images": 94,
      "detections": 8990
    },
    "large": {
      "mAP": 0.5127554179645701,
      "mAP50": 0.9042929350059935,
      "mAP75": 0.48451765843067884,
      "mAP_small": null,
      "mAP_medium": null,
      "mAP_large": 0.5127568496124261,
      "AR1": 0.597129186602871,
      "AR10": 0.614354066985646,
      "AR100": 0.614354066985646,
      "AR_small": null,
      "AR_medium": null,
      "AR_large": 0.614354066985646,
      "objects": 209,
      "positive_images": 207,
      "detections": 2727
    }
  },
  "image_level": {
    "positive_images": 352,
    "negative_images": 750,
    "auroc": 0.9414469696969697,
    "average_precision": 0.908055254340216,
    "fpr_at_target_tpr": {
      "threshold": 0.13447026908397675,
      "tp": 335,
      "fp": 267,
      "tn": 483,
      "fn": 17,
      "tpr": 0.9517045454545454,
      "fpr": 0.356,
      "by_negative_group": {
        "negative_in_domain": {
          "negative_images": 439,
          "false_positive_images": 195,
          "fpr": 0.44419134396355353
        },
        "negative_out_domain": {
          "negative_images": 311,
          "false_positive_images": 72,
          "fpr": 0.2315112540192926
        }
      },
      "target_tpr": 0.95
    },
    "recall_at_fpr": {
      "0.01": {
        "max_fpr": 0.01,
        "threshold": 0.9258114099502563,
        "recall": 0.6306818181818182,
        "fpr": 0.009333333333333334,
        "tp": 222,
        "fp": 7,
        "tn": 743,
        "fn": 130
      },
      "0.05": {
        "max_fpr": 0.05,
        "threshold": 0.7808448076248169,
        "recall": 0.7755681818181818,
        "fpr": 0.048,
        "tp": 273,
        "fp": 36,
        "tn": 714,
        "fn": 79
      }
    },
    "fixed_threshold": {
      "threshold": 0.25,
      "tp": 322,
      "fp": 184,
      "tn": 566,
      "fn": 30,
      "tpr": 0.9147727272727273,
      "fpr": 0.24533333333333332,
      "by_negative_group": {
        "negative_in_domain": {
          "negative_images": 439,
          "false_positive_images": 130,
          "fpr": 0.296127562642369
        },
        "negative_out_domain": {
          "negative_images": 311,
          "false_positive_images": 54,
          "fpr": 0.17363344051446947
        }
      }
    }
  }
}
