{
  "mAP": 0.5875605367259595,
  "mAP50": 0.9085895848337128,
  "mAP75": 0.6469473925789754,
  "mAP_small": null,
  "mAP_medium": 0.20970866171963634,
  "mAP_large": 0.61768348438537,
  "AR1": 0.5885572139303482,
  "AR10": 0.6696517412935323,
  "AR100": 0.6713930348258705,
  "AR_small": null,
  "AR_medium": 0.4333333333333334,
  "AR_large": 0.6948087431693988,
  "mAP_tiny_rel": 0.0936298572328358,
  "mAP50_tiny_rel": 0.282305554046265,
  "mAP75_tiny_rel": 0.05372551853725519,
  "AR100_tiny_rel": 0.3588235294117647,
  "mAP_small_rel": 0.34449345989284874,
  "mAP50_small_rel": 0.6292529070554126,
  "mAP75_small_rel": 0.31638971116012327,
  "AR100_small_rel": 0.5025974025974025,
  "mAP_medium_rel": 0.4827064287842895,
  "mAP50_medium_rel": 0.7316134458620068,
  "mAP75_medium_rel": 0.5473492851807021,
  "AR100_medium_rel": 0.5959595959595959,
  "mAP_large_rel": 0.64793812764543,
  "mAP50_large_rel": 0.9272376121968224,
  "mAP75_large_rel": 0.7660589397786014,
  "AR100_large_rel": 0.7315789473684211,
  "mAP_tiny": 0.0936298572328358,
  "image_AUROC": 0.9837935606060606,
  "image_AP": 0.9648516206729425,
  "FPR@95TPR": 0.06133333333333333,
  "threshold@95TPR": 0.3780774772167206,
  "TPR@95TPR": 0.9517045454545454,
  "Recall@FPR=1%": 0.7840909090909091,
  "Recall@FPR=5%": 0.9431818181818182,
  "in_domain_FPR@95TPR": 0.09567198177676538,
  "out_domain_FPR@95TPR": 0.012861736334405145,
  "in_domain_FPR@fixed": 0.1252847380410023,
  "out_domain_FPR@fixed": 0.01929260450160772,
  "split": "val",
  "images": 1102,
  "ground_truth_objects": 402,
  "input_predictions": 13975,
  "detections": 13975,
  "invalid_predictions_dropped": 0,
  "fppi_threshold": 0.25,
  "false_positives_on_negatives": {
    "total_negative_images": 750,
    "total_false_positives": 81,
    "fppi": 0.108,
    "by_group": {
      "negative_in_domain": {
        "negative_images": 439,
        "false_positives": 64,
        "fppi": 0.14578587699316628
      },
      "negative_out_domain": {
        "negative_images": 311,
        "false_positives": 17,
        "fppi": 0.05466237942122187
      }
    }
  },
  "predictions_above_fppi_threshold_by_group": {
    "negative_in_domain": 64,
    "negative_out_domain": 17,
    "positive": 507
  },
  "relative_scale_metrics": {
    "tiny": {
      "mAP": 0.0936298572328358,
      "mAP50": 0.282305554046265,
      "mAP75": 0.05372551853725519,
      "mAP_small": null,
      "mAP_medium": 0.10580988859431988,
      "mAP_large": 0.05333333333333332,
      "AR1": 0.17058823529411765,
      "AR10": 0.3588235294117647,
      "AR100": 0.3588235294117647,
      "AR_small": null,
      "AR_medium": 0.3625,
      "AR_large": 0.3,
      "objects": 17,
      "positive_images": 14,
      "detections": 4180
    },
    "small": {
      "mAP": 0.34449345989284874,
      "mAP50": 0.6292529070554126,
      "mAP75": 0.31638971116012327,
      "mAP_small": null,
      "mAP_medium": 0.18271207420335717,
      "mAP_large": 0.40727862014950433,
      "AR1": 0.2909090909090909,
      "AR10": 0.5012987012987012,
      "AR100": 0.5025974025974025,
      "AR_small": null,
      "AR_medium": 0.35,
      "AR_large": 0.5561403508771929,
      "objects": 77,
      "positive_images": 51,
      "detections": 6099
    },
    "medium": {
      "mAP": 0.4827064287842895,
      "mAP50": 0.7316134458620068,
      "mAP75": 0.5473492851807021,
      "mAP_small": null,
      "mAP_medium": null,
      "mAP_large": 0.483022216680012,
      "AR1": 0.5505050505050504,
      "AR10": 0.5959595959595959,
      "AR100": 0.5959595959595959,
      "AR_small": null,
      "AR_medium": null,
      "AR_large": 0.5959595959595959,
      "objects": 99,
      "positive_images": 94,
      "detections": 2683
    },
    "large": {
      "mAP": 0.64793812764543,
      "mAP50": 0.9272376121968224,
      "mAP75": 0.7660589397786014,
      "mAP_small": null,
      "mAP_medium": null,
      "mAP_large": 0.6479387190403852,
      "AR1": 0.7229665071770335,
      "AR10": 0.7315789473684211,
      "AR100": 0.7315789473684211,
      "AR_small": null,
      "AR_medium": null,
      "AR_large": 0.7315789473684211,
      "objects": 209,
      "positive_images": 207,
      "detections": 1013
    }
  },
  "image_level": {
    "positive_images": 352,
    "negative_images": 750,
    "auroc": 0.9837935606060606,
    "average_precision": 0.9648516206729425,
    "fpr_at_target_tpr": {
      "threshold": 0.3780774772167206,
      "tp": 335,
      "fp": 46,
      "tn": 704,
      "fn": 17,
      "tpr": 0.9517045454545454,
      "fpr": 0.06133333333333333,
      "by_negative_group": {
        "negative_in_domain": {
          "negative_images": 439,
          "false_positive_images": 42,
          "fpr": 0.09567198177676538
        },
        "negative_out_domain": {
          "negative_images": 311,
          "false_positive_images": 4,
          "fpr": 0.012861736334405145
        }
      },
      "target_tpr": 0.95
    },
    "recall_at_fpr": {
      "0.01": {
        "max_fpr": 0.01,
        "threshold": 0.9524353742599487,
        "recall": 0.7840909090909091,
        "fpr": 0.008,
        "tp": 276,
        "fp": 6,
        "tn": 744,
        "fn": 76
      },
      "0.05": {
        "max_fpr": 0.05,
        "threshold": 0.4503151476383209,
        "recall": 0.9431818181818182,
        "fpr": 0.04933333333333333,
        "tp": 332,
        "fp": 37,
        "tn": 713,
        "fn": 20
      }
    },
    "fixed_threshold": {
      "threshold": 0.25,
      "tp": 340,
      "fp": 61,
      "tn": 689,
      "fn": 12,
      "tpr": 0.9659090909090909,
      "fpr": 0.08133333333333333,
      "by_negative_group": {
        "negative_in_domain": {
          "negative_images": 439,
          "false_positive_images": 55,
          "fpr": 0.1252847380410023
        },
        "negative_out_domain": {
          "negative_images": 311,
          "false_positive_images": 6,
          "fpr": 0.01929260450160772
        }
      }
    }
  }
}
