{
  "mAP": 0.6707337581901204,
  "mAP50": 0.9576719313158594,
  "mAP75": 0.7702807555202268,
  "mAP_small": null,
  "mAP_medium": 0.5059964561197264,
  "mAP_large": 0.6852515785496883,
  "AR1": 0.645273631840796,
  "AR10": 0.7360696517412936,
  "AR100": 0.7370646766169153,
  "AR_small": null,
  "AR_medium": 0.6194444444444445,
  "AR_large": 0.7486338797814207,
  "mAP_tiny_rel": 0.40578287662078233,
  "mAP50_tiny_rel": 0.7485641550258537,
  "mAP75_tiny_rel": 0.4207494433653891,
  "AR100_tiny_rel": 0.5647058823529412,
  "mAP_small_rel": 0.4755250097288825,
  "mAP50_small_rel": 0.7680453058267708,
  "mAP75_small_rel": 0.5292443064555616,
  "AR100_small_rel": 0.5805194805194805,
  "mAP_medium_rel": 0.5694359917229488,
  "mAP50_medium_rel": 0.8319609141527299,
  "mAP75_medium_rel": 0.6278873037362477,
  "AR100_medium_rel": 0.6606060606060605,
  "mAP_large_rel": 0.7176069919539149,
  "mAP50_large_rel": 0.9461227157461846,
  "mAP75_large_rel": 0.8456837033921835,
  "AR100_large_rel": 0.7870813397129186,
  "mAP_tiny": 0.40578287662078233,
  "image_AUROC": 0.9933977272727272,
  "image_AP": 0.9871577696160628,
  "FPR@95TPR": 0.025333333333333333,
  "threshold@95TPR": 0.7792378664016724,
  "TPR@95TPR": 0.9517045454545454,
  "Recall@FPR=1%": 0.9289772727272727,
  "Recall@FPR=5%": 0.9801136363636364,
  "in_domain_FPR@95TPR": 0.04100227790432802,
  "out_domain_FPR@95TPR": 0.003215434083601286,
  "in_domain_FPR@fixed": 0.08200455580865604,
  "out_domain_FPR@fixed": 0.01929260450160772,
  "split": "val",
  "images": 1102,
  "ground_truth_objects": 402,
  "input_predictions": 3391,
  "detections": 3391,
  "invalid_predictions_dropped": 0,
  "fppi_threshold": 0.25,
  "false_positives_on_negatives": {
    "total_negative_images": 750,
    "total_false_positives": 53,
    "fppi": 0.07066666666666667,
    "by_group": {
      "negative_in_domain": {
        "negative_images": 439,
        "false_positives": 43,
        "fppi": 0.0979498861047836
      },
      "negative_out_domain": {
        "negative_images": 311,
        "false_positives": 10,
        "fppi": 0.03215434083601286
      }
    }
  },
  "predictions_above_fppi_threshold_by_group": {
    "negative_in_domain": 43,
    "negative_out_domain": 10,
    "positive": 463
  },
  "relative_scale_metrics": {
    "tiny": {
      "mAP": 0.40578287662078233,
      "mAP50": 0.7485641550258537,
      "mAP75": 0.4207494433653891,
      "mAP_small": null,
      "mAP_medium": 0.39475181748478216,
      "mAP_large": 0.7999999999999999,
      "AR1": 0.45294117647058824,
      "AR10": 0.5647058823529412,
      "AR100": 0.5647058823529412,
      "AR_small": null,
      "AR_medium": 0.55,
      "AR_large": 0.8,
      "objects": 17,
      "positive_images": 14,
      "detections": 444
    },
    "small": {
      "mAP": 0.4755250097288825,
      "mAP50": 0.7680453058267708,
      "mAP75": 0.5292443064555616,
      "mAP_small": null,
      "mAP_medium": 0.36741715218709975,
      "mAP_large": 0.5181510848920237,
      "AR1": 0.3766233766233766,
      "AR10": 0.5805194805194805,
      "AR100": 0.5805194805194805,
      "AR_small": null,
      "AR_medium": 0.48999999999999994,
      "AR_large": 0.612280701754386,
      "objects": 77,
      "positive_images": 51,
      "detections": 764
    },
    "medium": {
      "mAP": 0.5694359917229488,
      "mAP50": 0.8319609141527299,
      "mAP75": 0.6278873037362477,
      "mAP_small": null,
      "mAP_medium": null,
      "mAP_large": 0.5697387492474784,
      "AR1": 0.6020202020202021,
      "AR10": 0.6606060606060605,
      "AR100": 0.6606060606060605,
      "AR_small": null,
      "AR_medium": null,
      "AR_large": 0.6606060606060605,
      "objects": 99,
      "positive_images": 94,
      "detections": 1302
    },
    "large": {
      "mAP": 0.7176069919539149,
      "mAP50": 0.9461227157461846,
      "mAP75": 0.8456837033921835,
      "mAP_small": null,
      "mAP_medium": null,
      "mAP_large": 0.7176069919539149,
      "AR1": 0.7779904306220097,
      "AR10": 0.7870813397129186,
      "AR100": 0.7870813397129186,
      "AR_small": null,
      "AR_medium": null,
      "AR_large": 0.7870813397129186,
      "objects": 209,
      "positive_images": 207,
      "detections": 881
    }
  },
  "image_level": {
    "positive_images": 352,
    "negative_images": 750,
    "auroc": 0.9933977272727272,
    "average_precision": 0.9871577696160628,
    "fpr_at_target_tpr": {
      "threshold": 0.7792378664016724,
      "tp": 335,
      "fp": 19,
      "tn": 731,
      "fn": 17,
      "tpr": 0.9517045454545454,
      "fpr": 0.025333333333333333,
      "by_negative_group": {
        "negative_in_domain": {
          "negative_images": 439,
          "false_positive_images": 18,
          "fpr": 0.04100227790432802
        },
        "negative_out_domain": {
          "negative_images": 311,
          "false_positive_images": 1,
          "fpr": 0.003215434083601286
        }
      },
      "target_tpr": 0.95
    },
    "recall_at_fpr": {
      "0.01": {
        "max_fpr": 0.01,
        "threshold": 0.9352271556854248,
        "recall": 0.9289772727272727,
        "fpr": 0.009333333333333334,
        "tp": 327,
        "fp": 7,
        "tn": 743,
        "fn": 25
      },
      "0.05": {
        "max_fpr": 0.05,
        "threshold": 0.4075842499732971,
        "recall": 0.9801136363636364,
        "fpr": 0.042666666666666665,
        "tp": 345,
        "fp": 32,
        "tn": 718,
        "fn": 7
      }
    },
    "fixed_threshold": {
      "threshold": 0.25,
      "tp": 345,
      "fp": 42,
      "tn": 708,
      "fn": 7,
      "tpr": 0.9801136363636364,
      "fpr": 0.056,
      "by_negative_group": {
        "negative_in_domain": {
          "negative_images": 439,
          "false_positive_images": 36,
          "fpr": 0.08200455580865604
        },
        "negative_out_domain": {
          "negative_images": 311,
          "false_positive_images": 6,
          "fpr": 0.01929260450160772
        }
      }
    }
  }
}
