{
  "mAP": 0.664703079552798,
  "mAP50": 0.959029887676887,
  "mAP75": 0.7823355418832638,
  "mAP_small": null,
  "mAP_medium": 0.506663241936344,
  "mAP_large": 0.678258487666204,
  "AR1": 0.6378109452736319,
  "AR10": 0.7348258706467662,
  "AR100": 0.7353233830845771,
  "AR_small": null,
  "AR_medium": 0.611111111111111,
  "AR_large": 0.7475409836065572,
  "mAP_tiny_rel": 0.4933639765331771,
  "mAP50_tiny_rel": 0.8483303116661218,
  "mAP75_tiny_rel": 0.5006073716615359,
  "AR100_tiny_rel": 0.6058823529411764,
  "mAP_small_rel": 0.461687304891288,
  "mAP50_small_rel": 0.7568692861762171,
  "mAP75_small_rel": 0.4700154416886542,
  "AR100_small_rel": 0.5675324675324676,
  "mAP_medium_rel": 0.5730573189470216,
  "mAP50_medium_rel": 0.8433918192633097,
  "mAP75_medium_rel": 0.6762371937681415,
  "AR100_medium_rel": 0.6656565656565656,
  "mAP_large_rel": 0.6994905364257082,
  "mAP50_large_rel": 0.9361461056587072,
  "mAP75_large_rel": 0.8416656108177208,
  "AR100_large_rel": 0.7794258373205742,
  "mAP_tiny": 0.4933639765331771,
  "image_AUROC": 0.9932537878787879,
  "image_AP": 0.9879198845877823,
  "FPR@95TPR": 0.013333333333333334,
  "threshold@95TPR": 0.8596307039260864,
  "TPR@95TPR": 0.9517045454545454,
  "Recall@FPR=1%": 0.9318181818181818,
  "Recall@FPR=5%": 0.9801136363636364,
  "in_domain_FPR@95TPR": 0.02050113895216401,
  "out_domain_FPR@95TPR": 0.003215434083601286,
  "in_domain_FPR@fixed": 0.06378132118451026,
  "out_domain_FPR@fixed": 0.006430868167202572,
  "split": "val",
  "images": 1102,
  "ground_truth_objects": 402,
  "input_predictions": 3153,
  "detections": 3153,
  "invalid_predictions_dropped": 0,
  "fppi_threshold": 0.25,
  "false_positives_on_negatives": {
    "total_negative_images": 750,
    "total_false_positives": 38,
    "fppi": 0.050666666666666665,
    "by_group": {
      "negative_in_domain": {
        "negative_images": 439,
        "false_positives": 32,
        "fppi": 0.07289293849658314
      },
      "negative_out_domain": {
        "negative_images": 311,
        "false_positives": 6,
        "fppi": 0.01929260450160772
      }
    }
  },
  "predictions_above_fppi_threshold_by_group": {
    "negative_in_domain": 32,
    "negative_out_domain": 6,
    "positive": 456
  },
  "relative_scale_metrics": {
    "tiny": {
      "mAP": 0.4933639765331771,
      "mAP50": 0.8483303116661218,
      "mAP75": 0.5006073716615359,
      "mAP_small": null,
      "mAP_medium": 0.4700201752767627,
      "mAP_large": 0.7999999999999999,
      "AR1": 0.49411764705882344,
      "AR10": 0.6058823529411764,
      "AR100": 0.6058823529411764,
      "AR_small": null,
      "AR_medium": 0.59375,
      "AR_large": 0.8,
      "objects": 17,
      "positive_images": 14,
      "detections": 416
    },
    "small": {
      "mAP": 0.461687304891288,
      "mAP50": 0.7568692861762171,
      "mAP75": 0.4700154416886542,
      "mAP_small": null,
      "mAP_medium": 0.3327063617463268,
      "mAP_large": 0.5093519760306316,
      "AR1": 0.3454545454545454,
      "AR10": 0.5675324675324676,
      "AR100": 0.5675324675324676,
      "AR_small": null,
      "AR_medium": 0.42000000000000004,
      "AR_large": 0.619298245614035,
      "objects": 77,
      "positive_images": 51,
      "detections": 660
    },
    "medium": {
      "mAP": 0.5730573189470216,
      "mAP50": 0.8433918192633097,
      "mAP75": 0.6762371937681415,
      "mAP_small": null,
      "mAP_medium": null,
      "mAP_large": 0.5732308588833376,
      "AR1": 0.603030303030303,
      "AR10": 0.6656565656565656,
      "AR100": 0.6656565656565656,
      "AR_small": null,
      "AR_medium": null,
      "AR_large": 0.6656565656565656,
      "objects": 99,
      "positive_images": 94,
      "detections": 1238
    },
    "large": {
      "mAP": 0.6994905364257082,
      "mAP50": 0.9361461056587072,
      "mAP75": 0.8416656108177208,
      "mAP_small": null,
      "mAP_medium": null,
      "mAP_large": 0.6994905364257082,
      "AR1": 0.7679425837320574,
      "AR10": 0.7794258373205742,
      "AR100": 0.7794258373205742,
      "AR_small": null,
      "AR_medium": null,
      "AR_large": 0.7794258373205742,
      "objects": 209,
      "positive_images": 207,
      "detections": 839
    }
  },
  "image_level": {
    "positive_images": 352,
    "negative_images": 750,
    "auroc": 0.9932537878787879,
    "average_precision": 0.9879198845877823,
    "fpr_at_target_tpr": {
      "threshold": 0.8596307039260864,
      "tp": 335,
      "fp": 10,
      "tn": 740,
      "fn": 17,
      "tpr": 0.9517045454545454,
      "fpr": 0.013333333333333334,
      "by_negative_group": {
        "negative_in_domain": {
          "negative_images": 439,
          "false_positive_images": 9,
          "fpr": 0.02050113895216401
        },
        "negative_out_domain": {
          "negative_images": 311,
          "false_positive_images": 1,
          "fpr": 0.003215434083601286
        }
      },
      "target_tpr": 0.95
    },
    "recall_at_fpr": {
      "0.01": {
        "max_fpr": 0.01,
        "threshold": 0.9336184859275818,
        "recall": 0.9318181818181818,
        "fpr": 0.009333333333333334,
        "tp": 328,
        "fp": 7,
        "tn": 743,
        "fn": 24
      },
      "0.05": {
        "max_fpr": 0.05,
        "threshold": 0.25761350989341736,
        "recall": 0.9801136363636364,
        "fpr": 0.037333333333333336,
        "tp": 345,
        "fp": 28,
        "tn": 722,
        "fn": 7
      }
    },
    "fixed_threshold": {
      "threshold": 0.25,
      "tp": 345,
      "fp": 30,
      "tn": 720,
      "fn": 7,
      "tpr": 0.9801136363636364,
      "fpr": 0.04,
      "by_negative_group": {
        "negative_in_domain": {
          "negative_images": 439,
          "false_positive_images": 28,
          "fpr": 0.06378132118451026
        },
        "negative_out_domain": {
          "negative_images": 311,
          "false_positive_images": 2,
          "fpr": 0.006430868167202572
        }
      }
    }
  }
}
