{
  "mAP": 0.5876164884620604,
  "mAP50": 0.9082737540705524,
  "mAP75": 0.6442527461963572,
  "mAP_small": null,
  "mAP_medium": 0.20413375267887238,
  "mAP_large": 0.6175077181812889,
  "AR1": 0.5895522388059702,
  "AR10": 0.6689054726368158,
  "AR100": 0.6706467661691542,
  "AR_small": null,
  "AR_medium": 0.4333333333333333,
  "AR_large": 0.6939890710382514,
  "mAP_tiny_rel": 0.10225138654032012,
  "mAP50_tiny_rel": 0.31230980183632434,
  "mAP75_tiny_rel": 0.05967353492105967,
  "AR100_tiny_rel": 0.3588235294117647,
  "mAP_small_rel": 0.35085869857615604,
  "mAP50_small_rel": 0.6381486531018888,
  "mAP75_small_rel": 0.3269108611055364,
  "AR100_small_rel": 0.49480519480519475,
  "mAP_medium_rel": 0.48873900694306743,
  "mAP50_medium_rel": 0.7442539418715369,
  "mAP75_medium_rel": 0.5559763391035819,
  "AR100_medium_rel": 0.6060606060606061,
  "mAP_large_rel": 0.6491034980403387,
  "mAP50_large_rel": 0.9282246293456354,
  "mAP75_large_rel": 0.7581117161027726,
  "AR100_large_rel": 0.7334928229665072,
  "mAP_tiny": 0.10225138654032012,
  "image_AUROC": 0.9839924242424243,
  "image_AP": 0.9654879082629941,
  "FPR@95TPR": 0.06133333333333333,
  "threshold@95TPR": 0.40088358521461487,
  "TPR@95TPR": 0.9517045454545454,
  "Recall@FPR=1%": 0.8011363636363636,
  "Recall@FPR=5%": 0.9431818181818182,
  "in_domain_FPR@95TPR": 0.09567198177676538,
  "out_domain_FPR@95TPR": 0.012861736334405145,
  "in_domain_FPR@fixed": 0.12300683371298406,
  "out_domain_FPR@fixed": 0.01929260450160772,
  "split": "val",
  "images": 1102,
  "ground_truth_objects": 402,
  "input_predictions": 13983,
  "detections": 13983,
  "invalid_predictions_dropped": 0,
  "fppi_threshold": 0.25,
  "false_positives_on_negatives": {
    "total_negative_images": 750,
    "total_false_positives": 79,
    "fppi": 0.10533333333333333,
    "by_group": {
      "negative_in_domain": {
        "negative_images": 439,
        "false_positives": 61,
        "fppi": 0.13895216400911162
      },
      "negative_out_domain": {
        "negative_images": 311,
        "false_positives": 18,
        "fppi": 0.05787781350482315
      }
    }
  },
  "predictions_above_fppi_threshold_by_group": {
    "negative_in_domain": 61,
    "negative_out_domain": 18,
    "positive": 506
  },
  "relative_scale_metrics": {
    "tiny": {
      "mAP": 0.10225138654032012,
      "mAP50": 0.31230980183632434,
      "mAP75": 0.05967353492105967,
      "mAP_small": null,
      "mAP_medium": 0.10736661547596003,
      "mAP_large": 0.065,
      "AR1": 0.1647058823529412,
      "AR10": 0.3588235294117647,
      "AR100": 0.3588235294117647,
      "AR_small": null,
      "AR_medium": 0.3625,
      "AR_large": 0.3,
      "objects": 17,
      "positive_images": 14,
      "detections": 4143
    },
    "small": {
      "mAP": 0.35085869857615604,
      "mAP50": 0.6381486531018888,
      "mAP75": 0.3269108611055364,
      "mAP_small": null,
      "mAP_medium": 0.17837018728451282,
      "mAP_large": 0.4175226468723269,
      "AR1": 0.2935064935064935,
      "AR10": 0.49350649350649345,
      "AR100": 0.49480519480519475,
      "AR_small": null,
      "AR_medium": 0.355,
      "AR_large": 0.543859649122807,
      "objects": 77,
      "positive_images": 51,
      "detections": 6097
    },
    "medium": {
      "mAP": 0.48873900694306743,
      "mAP50": 0.7442539418715369,
      "mAP75": 0.5559763391035819,
      "mAP_small": null,
      "mAP_medium": null,
      "mAP_large": 0.4891088298303416,
      "AR1": 0.5555555555555556,
      "AR10": 0.6060606060606061,
      "AR100": 0.6060606060606061,
      "AR_small": null,
      "AR_medium": null,
      "AR_large": 0.6060606060606061,
      "objects": 99,
      "positive_images": 94,
      "detections": 2724
    },
    "large": {
      "mAP": 0.6491034980403387,
      "mAP50": 0.9282246293456354,
      "mAP75": 0.7581117161027726,
      "mAP_small": null,
      "mAP_medium": null,
      "mAP_large": 0.6491040658926672,
      "AR1": 0.7248803827751196,
      "AR10": 0.7334928229665072,
      "AR100": 0.7334928229665072,
      "AR_small": null,
      "AR_medium": null,
      "AR_large": 0.7334928229665072,
      "objects": 209,
      "positive_images": 207,
      "detections": 1019
    }
  },
  "image_level": {
    "positive_images": 352,
    "negative_images": 750,
    "auroc": 0.9839924242424243,
    "average_precision": 0.9654879082629941,
    "fpr_at_target_tpr": {
      "threshold": 0.40088358521461487,
      "tp": 335,
      "fp": 46,
      "tn": 704,
      "fn": 17,
      "tpr": 0.9517045454545454,
      "fpr": 0.06133333333333333,
      "by_negative_group": {
        "negative_in_domain": {
          "negative_images": 439,
          "false_positive_images": 42,
          "fpr": 0.09567198177676538
        },
        "negative_out_domain": {
          "negative_images": 311,
          "false_positive_images": 4,
          "fpr": 0.012861736334405145
        }
      },
      "target_tpr": 0.95
    },
    "recall_at_fpr": {
      "0.01": {
        "max_fpr": 0.01,
        "threshold": 0.9482728838920593,
        "recall": 0.8011363636363636,
        "fpr": 0.009333333333333334,
        "tp": 282,
        "fp": 7,
        "tn": 743,
        "fn": 70
      },
      "0.05": {
        "max_fpr": 0.05,
        "threshold": 0.495859831571579,
        "recall": 0.9431818181818182,
        "fpr": 0.04533333333333334,
        "tp": 332,
        "fp": 34,
        "tn": 716,
        "fn": 20
      }
    },
    "fixed_threshold": {
      "threshold": 0.25,
      "tp": 340,
      "fp": 60,
      "tn": 690,
      "fn": 12,
      "tpr": 0.9659090909090909,
      "fpr": 0.08,
      "by_negative_group": {
        "negative_in_domain": {
          "negative_images": 439,
          "false_positive_images": 54,
          "fpr": 0.12300683371298406
        },
        "negative_out_domain": {
          "negative_images": 311,
          "false_positive_images": 6,
          "fpr": 0.01929260450160772
        }
      }
    }
  }
}
