{
  "mAP": 0.6210711501275873,
  "mAP50": 0.921488162466432,
  "mAP75": 0.7427629450203515,
  "mAP_small": 0.027777777777777787,
  "mAP_medium": 0.2520289406094478,
  "mAP_large": 0.653889440452525,
  "AR1": 0.6143576826196473,
  "AR10": 0.6808564231738035,
  "AR100": 0.6891687657430731,
  "AR_small": 0.5,
  "AR_medium": 0.41470588235294115,
  "AR_large": 0.7154696132596684,
  "mAP_tiny_rel": 0.11728094585740381,
  "mAP50_tiny_rel": 0.2469370328320942,
  "mAP75_tiny_rel": 0.06940665289550536,
  "AR100_tiny_rel": 0.29333333333333333,
  "mAP_small_rel": 0.30407316199042506,
  "mAP50_small_rel": 0.6285334269641097,
  "mAP75_small_rel": 0.29387378208452547,
  "AR100_small_rel": 0.43999999999999995,
  "mAP_medium_rel": 0.594431553645677,
  "mAP50_medium_rel": 0.8538685402860305,
  "mAP75_medium_rel": 0.7090038117978722,
  "AR100_medium_rel": 0.683177570093458,
  "mAP_large_rel": 0.7060640832234056,
  "mAP50_large_rel": 0.95568385039322,
  "mAP75_large_rel": 0.8923597446063941,
  "AR100_large_rel": 0.7634146341463415,
  "mAP_tiny": 0.11728094585740381,
  "image_AUROC": 0.9896942070275404,
  "image_AP": 0.9812331916544135,
  "FPR@95TPR": 0.06,
  "threshold@95TPR": 0.42318204045295715,
  "TPR@95TPR": 0.9515669515669516,
  "Recall@FPR=1%": 0.8433048433048433,
  "Recall@FPR=5%": 0.9373219373219374,
  "in_domain_FPR@95TPR": 0.09339407744874716,
  "out_domain_FPR@95TPR": 0.012861736334405145,
  "in_domain_FPR@fixed": 0.12984054669703873,
  "out_domain_FPR@fixed": 0.03858520900321544,
  "split": "test",
  "images": 1101,
  "ground_truth_objects": 397,
  "input_predictions": 13680,
  "detections": 13680,
  "invalid_predictions_dropped": 0,
  "fppi_threshold": 0.25,
  "false_positives_on_negatives": {
    "total_negative_images": 750,
    "total_false_positives": 76,
    "fppi": 0.10133333333333333,
    "by_group": {
      "negative_in_domain": {
        "negative_images": 439,
        "false_positives": 61,
        "fppi": 0.13895216400911162
      },
      "negative_out_domain": {
        "negative_images": 311,
        "false_positives": 15,
        "fppi": 0.04823151125401929
      }
    }
  },
  "predictions_above_fppi_threshold_by_group": {
    "negative_in_domain": 61,
    "negative_out_domain": 15,
    "positive": 456
  },
  "relative_scale_metrics": {
    "tiny": {
      "mAP": 0.11728094585740381,
      "mAP50": 0.2469370328320942,
      "mAP75": 0.06940665289550536,
      "mAP_small": 0.03125,
      "mAP_medium": 0.1342738538583192,
      "mAP_large": 0.0006493506493506494,
      "AR1": 0.15999999999999998,
      "AR10": 0.27999999999999997,
      "AR100": 0.29333333333333333,
      "AR_small": 0.5,
      "AR_medium": 0.2923076923076923,
      "AR_large": 0.1,
      "objects": 15,
      "positive_images": 14,
      "detections": 3926
    },
    "small": {
      "mAP": 0.30407316199042506,
      "mAP50": 0.6285334269641097,
      "mAP75": 0.29387378208452547,
      "mAP_small": null,
      "mAP_medium": 0.2892269344582516,
      "mAP_large": 0.3191268403370127,
      "AR1": 0.29142857142857137,
      "AR10": 0.4342857142857143,
      "AR100": 0.43999999999999995,
      "AR_small": null,
      "AR_medium": 0.41500000000000004,
      "AR_large": 0.45,
      "objects": 70,
      "positive_images": 51,
      "detections": 6000
    },
    "medium": {
      "mAP": 0.594431553645677,
      "mAP50": 0.8538685402860305,
      "mAP75": 0.7090038117978722,
      "mAP_small": null,
      "mAP_medium": 0.35,
      "mAP_large": 0.5944805500679273,
      "AR1": 0.6037383177570093,
      "AR10": 0.6813084112149533,
      "AR100": 0.683177570093458,
      "AR_small": null,
      "AR_medium": 0.7,
      "AR_large": 0.6830188679245284,
      "objects": 107,
      "positive_images": 97,
      "detections": 2739
    },
    "large": {
      "mAP": 0.7060640832234056,
      "mAP50": 0.95568385039322,
      "mAP75": 0.8923597446063941,
      "mAP_small": null,
      "mAP_medium": null,
      "mAP_large": 0.7060640832234056,
      "AR1": 0.7565853658536585,
      "AR10": 0.7634146341463415,
      "AR100": 0.7634146341463415,
      "AR_small": null,
      "AR_medium": null,
      "AR_large": 0.7634146341463415,
      "objects": 205,
      "positive_images": 204,
      "detections": 1015
    }
  },
  "image_level": {
    "positive_images": 351,
    "negative_images": 750,
    "auroc": 0.9896942070275404,
    "average_precision": 0.9812331916544135,
    "fpr_at_target_tpr": {
      "threshold": 0.42318204045295715,
      "tp": 334,
      "fp": 45,
      "tn": 705,
      "fn": 17,
      "tpr": 0.9515669515669516,
      "fpr": 0.06,
      "by_negative_group": {
        "negative_in_domain": {
          "negative_images": 439,
          "false_positive_images": 41,
          "fpr": 0.09339407744874716
        },
        "negative_out_domain": {
          "negative_images": 311,
          "false_positive_images": 4,
          "fpr": 0.012861736334405145
        }
      },
      "target_tpr": 0.95
    },
    "recall_at_fpr": {
      "0.01": {
        "max_fpr": 0.01,
        "threshold": 0.9389808773994446,
        "recall": 0.8433048433048433,
        "fpr": 0.008,
        "tp": 296,
        "fp": 6,
        "tn": 744,
        "fn": 55
      },
      "0.05": {
        "max_fpr": 0.05,
        "threshold": 0.617267370223999,
        "recall": 0.9373219373219374,
        "fpr": 0.042666666666666665,
        "tp": 329,
        "fp": 32,
        "tn": 718,
        "fn": 22
      }
    },
    "fixed_threshold": {
      "threshold": 0.25,
      "tp": 341,
      "fp": 69,
      "tn": 681,
      "fn": 10,
      "tpr": 0.9715099715099715,
      "fpr": 0.092,
      "by_negative_group": {
        "negative_in_domain": {
          "negative_images": 439,
          "false_positive_images": 57,
          "fpr": 0.12984054669703873
        },
        "negative_out_domain": {
          "negative_images": 311,
          "false_positive_images": 12,
          "fpr": 0.03858520900321544
        }
      }
    }
  }
}
