{
  "mAP": 0.6615947514143605,
  "mAP50": 0.9518229582037299,
  "mAP75": 0.7827299866249252,
  "mAP_small": null,
  "mAP_medium": 0.48699033963261695,
  "mAP_large": 0.6772055337628841,
  "AR1": 0.6378109452736319,
  "AR10": 0.7333333333333334,
  "AR100": 0.7333333333333334,
  "AR_small": null,
  "AR_medium": 0.6083333333333333,
  "AR_large": 0.7456284153005465,
  "mAP_tiny_rel": 0.3314331399526508,
  "mAP50_tiny_rel": 0.6224231078570042,
  "mAP75_tiny_rel": 0.42877375972891413,
  "AR100_tiny_rel": 0.49411764705882355,
  "mAP_small_rel": 0.43228980724738264,
  "mAP50_small_rel": 0.7324701239728629,
  "mAP75_small_rel": 0.490730998567455,
  "AR100_small_rel": 0.5662337662337663,
  "mAP_medium_rel": 0.5680306777865063,
  "mAP50_medium_rel": 0.8188265697259863,
  "mAP75_medium_rel": 0.6522562777554911,
  "AR100_medium_rel": 0.6757575757575758,
  "mAP_large_rel": 0.6998761960993543,
  "mAP50_large_rel": 0.9318606092193918,
  "mAP75_large_rel": 0.8466766616884183,
  "AR100_large_rel": 0.7693779904306219,
  "mAP_tiny": 0.3314331399526508,
  "image_AUROC": 0.991814393939394,
  "image_AP": 0.9847776668174393,
  "FPR@95TPR": 0.021333333333333333,
  "threshold@95TPR": 0.9017560482025146,
  "TPR@95TPR": 0.9517045454545454,
  "Recall@FPR=1%": 0.9375,
  "Recall@FPR=5%": 0.9630681818181818,
  "in_domain_FPR@95TPR": 0.02733485193621868,
  "out_domain_FPR@95TPR": 0.012861736334405145,
  "in_domain_FPR@fixed": 0.09339407744874716,
  "out_domain_FPR@fixed": 0.12218649517684887,
  "split": "val",
  "images": 1102,
  "ground_truth_objects": 402,
  "input_predictions": 4441,
  "detections": 4441,
  "invalid_predictions_dropped": 0,
  "fppi_threshold": 0.25,
  "false_positives_on_negatives": {
    "total_negative_images": 750,
    "total_false_positives": 100,
    "fppi": 0.13333333333333333,
    "by_group": {
      "negative_in_domain": {
        "negative_images": 439,
        "false_positives": 48,
        "fppi": 0.10933940774487472
      },
      "negative_out_domain": {
        "negative_images": 311,
        "false_positives": 52,
        "fppi": 0.16720257234726688
      }
    }
  },
  "predictions_above_fppi_threshold_by_group": {
    "negative_in_domain": 48,
    "negative_out_domain": 52,
    "positive": 470
  },
  "relative_scale_metrics": {
    "tiny": {
      "mAP": 0.3314331399526508,
      "mAP50": 0.6224231078570042,
      "mAP75": 0.42877375972891413,
      "mAP_small": null,
      "mAP_medium": 0.31414065090719595,
      "mAP_large": 0.6999999999999998,
      "AR1": 0.3764705882352941,
      "AR10": 0.49411764705882355,
      "AR100": 0.49411764705882355,
      "AR_small": null,
      "AR_medium": 0.48125,
      "AR_large": 0.7,
      "objects": 17,
      "positive_images": 14,
      "detections": 726
    },
    "small": {
      "mAP": 0.43228980724738264,
      "mAP50": 0.7324701239728629,
      "mAP75": 0.490730998567455,
      "mAP_small": null,
      "mAP_medium": 0.3264257559298718,
      "mAP_large": 0.4770714141012275,
      "AR1": 0.36363636363636365,
      "AR10": 0.5662337662337663,
      "AR100": 0.5662337662337663,
      "AR_small": null,
      "AR_medium": 0.45,
      "AR_large": 0.607017543859649,
      "objects": 77,
      "positive_images": 51,
      "detections": 936
    },
    "medium": {
      "mAP": 0.5680306777865063,
      "mAP50": 0.8188265697259863,
      "mAP75": 0.6522562777554911,
      "mAP_small": null,
      "mAP_medium": null,
      "mAP_large": 0.5682903586266447,
      "AR1": 0.6080808080808081,
      "AR10": 0.6757575757575758,
      "AR100": 0.6757575757575758,
      "AR_small": null,
      "AR_medium": null,
      "AR_large": 0.6757575757575758,
      "objects": 99,
      "positive_images": 94,
      "detections": 1615
    },
    "large": {
      "mAP": 0.6998761960993543,
      "mAP50": 0.9318606092193918,
      "mAP75": 0.8466766616884183,
      "mAP_small": null,
      "mAP_medium": null,
      "mAP_large": 0.6998761960993543,
      "AR1": 0.7598086124401913,
      "AR10": 0.7693779904306219,
      "AR100": 0.7693779904306219,
      "AR_small": null,
      "AR_medium": null,
      "AR_large": 0.7693779904306219,
      "objects": 209,
      "positive_images": 207,
      "detections": 1164
    }
  },
  "image_level": {
    "positive_images": 352,
    "negative_images": 750,
    "auroc": 0.991814393939394,
    "average_precision": 0.9847776668174393,
    "fpr_at_target_tpr": {
      "threshold": 0.9017560482025146,
      "tp": 335,
      "fp": 16,
      "tn": 734,
      "fn": 17,
      "tpr": 0.9517045454545454,
      "fpr": 0.021333333333333333,
      "by_negative_group": {
        "negative_in_domain": {
          "negative_images": 439,
          "false_positive_images": 12,
          "fpr": 0.02733485193621868
        },
        "negative_out_domain": {
          "negative_images": 311,
          "false_positive_images": 4,
          "fpr": 0.012861736334405145
        }
      },
      "target_tpr": 0.95
    },
    "recall_at_fpr": {
      "0.01": {
        "max_fpr": 0.01,
        "threshold": 0.9519157409667969,
        "recall": 0.9375,
        "fpr": 0.009333333333333334,
        "tp": 330,
        "fp": 7,
        "tn": 743,
        "fn": 22
      },
      "0.05": {
        "max_fpr": 0.05,
        "threshold": 0.673450231552124,
        "recall": 0.9630681818181818,
        "fpr": 0.04933333333333333,
        "tp": 339,
        "fp": 37,
        "tn": 713,
        "fn": 13
      }
    },
    "fixed_threshold": {
      "threshold": 0.25,
      "tp": 346,
      "fp": 79,
      "tn": 671,
      "fn": 6,
      "tpr": 0.9829545454545454,
      "fpr": 0.10533333333333333,
      "by_negative_group": {
        "negative_in_domain": {
          "negative_images": 439,
          "false_positive_images": 41,
          "fpr": 0.09339407744874716
        },
        "negative_out_domain": {
          "negative_images": 311,
          "false_positive_images": 38,
          "fpr": 0.12218649517684887
        }
      }
    }
  }
}
