{
  "mAP": 0.6638520104874409,
  "mAP50": 0.9564297581603761,
  "mAP75": 0.7759510962888352,
  "mAP_small": null,
  "mAP_medium": 0.4859653664405017,
  "mAP_large": 0.679314149520607,
  "AR1": 0.6412935323383084,
  "AR10": 0.7308457711442785,
  "AR100": 0.731094527363184,
  "AR_small": null,
  "AR_medium": 0.6138888888888888,
  "AR_large": 0.7426229508196721,
  "mAP_tiny_rel": 0.44688348889821766,
  "mAP50_tiny_rel": 0.7788564141607334,
  "mAP75_tiny_rel": 0.42555865493670103,
  "AR100_tiny_rel": 0.5705882352941176,
  "mAP_small_rel": 0.47504608243341934,
  "mAP50_small_rel": 0.7728117531289427,
  "mAP75_small_rel": 0.5192637453310176,
  "AR100_small_rel": 0.5870129870129869,
  "mAP_medium_rel": 0.5598282826749935,
  "mAP50_medium_rel": 0.82195914454972,
  "mAP75_medium_rel": 0.6244781309953988,
  "AR100_medium_rel": 0.6484848484848486,
  "mAP_large_rel": 0.6881431545127991,
  "mAP50_large_rel": 0.9269161197443485,
  "mAP75_large_rel": 0.8352096178876692,
  "AR100_large_rel": 0.768421052631579,
  "mAP_tiny": 0.44688348889821766,
  "image_AUROC": 0.9945568181818182,
  "image_AP": 0.9895681769881214,
  "FPR@95TPR": 0.013333333333333334,
  "threshold@95TPR": 0.8653397560119629,
  "TPR@95TPR": 0.9517045454545454,
  "Recall@FPR=1%": 0.9318181818181818,
  "Recall@FPR=5%": 0.9801136363636364,
  "in_domain_FPR@95TPR": 0.02050113895216401,
  "out_domain_FPR@95TPR": 0.003215434083601286,
  "in_domain_FPR@fixed": 0.0683371298405467,
  "out_domain_FPR@fixed": 0.012861736334405145,
  "split": "val",
  "images": 1102,
  "ground_truth_objects": 402,
  "input_predictions": 3112,
  "detections": 3112,
  "invalid_predictions_dropped": 0,
  "fppi_threshold": 0.25,
  "false_positives_on_negatives": {
    "total_negative_images": 750,
    "total_false_positives": 41,
    "fppi": 0.05466666666666667,
    "by_group": {
      "negative_in_domain": {
        "negative_images": 439,
        "false_positives": 34,
        "fppi": 0.0774487471526196
      },
      "negative_out_domain": {
        "negative_images": 311,
        "false_positives": 7,
        "fppi": 0.022508038585209004
      }
    }
  },
  "predictions_above_fppi_threshold_by_group": {
    "negative_in_domain": 34,
    "negative_out_domain": 7,
    "positive": 458
  },
  "relative_scale_metrics": {
    "tiny": {
      "mAP": 0.44688348889821766,
      "mAP50": 0.7788564141607334,
      "mAP75": 0.42555865493670103,
      "mAP_small": null,
      "mAP_medium": 0.41778456041092826,
      "mAP_large": 0.7999999999999999,
      "AR1": 0.44117647058823534,
      "AR10": 0.5705882352941176,
      "AR100": 0.5705882352941176,
      "AR_small": null,
      "AR_medium": 0.55625,
      "AR_large": 0.8,
      "objects": 17,
      "positive_images": 14,
      "detections": 328
    },
    "small": {
      "mAP": 0.47504608243341934,
      "mAP50": 0.7728117531289427,
      "mAP75": 0.5192637453310176,
      "mAP_small": null,
      "mAP_medium": 0.37101904223346704,
      "mAP_large": 0.519491116393794,
      "AR1": 0.3818181818181818,
      "AR10": 0.5844155844155844,
      "AR100": 0.5870129870129869,
      "AR_small": null,
      "AR_medium": 0.5149999999999999,
      "AR_large": 0.6122807017543859,
      "objects": 77,
      "positive_images": 51,
      "detections": 597
    },
    "medium": {
      "mAP": 0.5598282826749935,
      "mAP50": 0.82195914454972,
      "mAP75": 0.6244781309953988,
      "mAP_small": null,
      "mAP_medium": null,
      "mAP_large": 0.5600348354852946,
      "AR1": 0.5929292929292929,
      "AR10": 0.6484848484848486,
      "AR100": 0.6484848484848486,
      "AR_small": null,
      "AR_medium": null,
      "AR_large": 0.6484848484848486,
      "objects": 99,
      "positive_images": 94,
      "detections": 1296
    },
    "large": {
      "mAP": 0.6881431545127991,
      "mAP50": 0.9269161197443485,
      "mAP75": 0.8352096178876692,
      "mAP_small": null,
      "mAP_medium": null,
      "mAP_large": 0.6881431545127991,
      "AR1": 0.7612440191387561,
      "AR10": 0.768421052631579,
      "AR100": 0.768421052631579,
      "AR_small": null,
      "AR_medium": null,
      "AR_large": 0.768421052631579,
      "objects": 209,
      "positive_images": 207,
      "detections": 891
    }
  },
  "image_level": {
    "positive_images": 352,
    "negative_images": 750,
    "auroc": 0.9945568181818182,
    "average_precision": 0.9895681769881214,
    "fpr_at_target_tpr": {
      "threshold": 0.8653397560119629,
      "tp": 335,
      "fp": 10,
      "tn": 740,
      "fn": 17,
      "tpr": 0.9517045454545454,
      "fpr": 0.013333333333333334,
      "by_negative_group": {
        "negative_in_domain": {
          "negative_images": 439,
          "false_positive_images": 9,
          "fpr": 0.02050113895216401
        },
        "negative_out_domain": {
          "negative_images": 311,
          "false_positive_images": 1,
          "fpr": 0.003215434083601286
        }
      },
      "target_tpr": 0.95
    },
    "recall_at_fpr": {
      "0.01": {
        "max_fpr": 0.01,
        "threshold": 0.9451369047164917,
        "recall": 0.9318181818181818,
        "fpr": 0.006666666666666667,
        "tp": 328,
        "fp": 5,
        "tn": 745,
        "fn": 24
      },
      "0.05": {
        "max_fpr": 0.05,
        "threshold": 0.4807616174221039,
        "recall": 0.9801136363636364,
        "fpr": 0.034666666666666665,
        "tp": 345,
        "fp": 26,
        "tn": 724,
        "fn": 7
      }
    },
    "fixed_threshold": {
      "threshold": 0.25,
      "tp": 345,
      "fp": 34,
      "tn": 716,
      "fn": 7,
      "tpr": 0.9801136363636364,
      "fpr": 0.04533333333333334,
      "by_negative_group": {
        "negative_in_domain": {
          "negative_images": 439,
          "false_positive_images": 30,
          "fpr": 0.0683371298405467
        },
        "negative_out_domain": {
          "negative_images": 311,
          "false_positive_images": 4,
          "fpr": 0.012861736334405145
        }
      }
    }
  }
}
