{
  "mAP": 0.6632483897260636,
  "mAP50": 0.9587250963159253,
  "mAP75": 0.7727459840461722,
  "mAP_small": null,
  "mAP_medium": 0.5121538435707772,
  "mAP_large": 0.6767128802084356,
  "AR1": 0.6383084577114426,
  "AR10": 0.7330845771144279,
  "AR100": 0.7330845771144279,
  "AR_small": null,
  "AR_medium": 0.6138888888888888,
  "AR_large": 0.7448087431693989,
  "mAP_tiny_rel": 0.4986937042766979,
  "mAP50_tiny_rel": 0.8489521718817002,
  "mAP75_tiny_rel": 0.5012845822397366,
  "AR100_tiny_rel": 0.6117647058823529,
  "mAP_small_rel": 0.46335475823668765,
  "mAP50_small_rel": 0.7573447551659924,
  "mAP75_small_rel": 0.47122625625048414,
  "AR100_small_rel": 0.5662337662337662,
  "mAP_medium_rel": 0.5731929986777009,
  "mAP50_medium_rel": 0.845698519765629,
  "mAP75_medium_rel": 0.667109267063555,
  "AR100_medium_rel": 0.6636363636363637,
  "mAP_large_rel": 0.6982718286082686,
  "mAP50_large_rel": 0.9360844795679961,
  "mAP75_large_rel": 0.8375383839615437,
  "AR100_large_rel": 0.7770334928229665,
  "mAP_tiny": 0.4986937042766979,
  "image_AUROC": 0.9932196969696969,
  "image_AP": 0.9879271282313754,
  "FPR@95TPR": 0.014666666666666666,
  "threshold@95TPR": 0.8589457869529724,
  "TPR@95TPR": 0.9517045454545454,
  "Recall@FPR=1%": 0.9346590909090909,
  "Recall@FPR=5%": 0.9829545454545454,
  "in_domain_FPR@95TPR": 0.022779043280182234,
  "out_domain_FPR@95TPR": 0.003215434083601286,
  "in_domain_FPR@fixed": 0.0683371298405467,
  "out_domain_FPR@fixed": 0.006430868167202572,
  "split": "val",
  "images": 1102,
  "ground_truth_objects": 402,
  "input_predictions": 3244,
  "detections": 3244,
  "invalid_predictions_dropped": 0,
  "fppi_threshold": 0.25,
  "false_positives_on_negatives": {
    "total_negative_images": 750,
    "total_false_positives": 40,
    "fppi": 0.05333333333333334,
    "by_group": {
      "negative_in_domain": {
        "negative_images": 439,
        "false_positives": 34,
        "fppi": 0.0774487471526196
      },
      "negative_out_domain": {
        "negative_images": 311,
        "false_positives": 6,
        "fppi": 0.01929260450160772
      }
    }
  },
  "predictions_above_fppi_threshold_by_group": {
    "negative_in_domain": 34,
    "negative_out_domain": 6,
    "positive": 456
  },
  "relative_scale_metrics": {
    "tiny": {
      "mAP": 0.4986937042766979,
      "mAP50": 0.8489521718817002,
      "mAP75": 0.5012845822397366,
      "mAP_small": null,
      "mAP_medium": 0.4744181812794536,
      "mAP_large": 0.8999999999999999,
      "AR1": 0.4999999999999999,
      "AR10": 0.6117647058823529,
      "AR100": 0.6117647058823529,
      "AR_small": null,
      "AR_medium": 0.59375,
      "AR_large": 0.9,
      "objects": 17,
      "positive_images": 14,
      "detections": 414
    },
    "small": {
      "mAP": 0.46335475823668765,
      "mAP50": 0.7573447551659924,
      "mAP75": 0.47122625625048414,
      "mAP_small": null,
      "mAP_medium": 0.34112994251370216,
      "mAP_large": 0.5089806788545058,
      "AR1": 0.3584415584415584,
      "AR10": 0.5662337662337662,
      "AR100": 0.5662337662337662,
      "AR_small": null,
      "AR_medium": 0.4250000000000001,
      "AR_large": 0.6157894736842106,
      "objects": 77,
      "positive_images": 51,
      "detections": 675
    },
    "medium": {
      "mAP": 0.5731929986777009,
      "mAP50": 0.845698519765629,
      "mAP75": 0.667109267063555,
      "mAP_small": null,
      "mAP_medium": null,
      "mAP_large": 0.5733688831296309,
      "AR1": 0.602020202020202,
      "AR10": 0.6636363636363637,
      "AR100": 0.6636363636363637,
      "AR_small": null,
      "AR_medium": null,
      "AR_large": 0.6636363636363637,
      "objects": 99,
      "positive_images": 94,
      "detections": 1272
    },
    "large": {
      "mAP": 0.6982718286082686,
      "mAP50": 0.9360844795679961,
      "mAP75": 0.8375383839615437,
      "mAP_small": null,
      "mAP_medium": null,
      "mAP_large": 0.6982718286082686,
      "AR1": 0.7660287081339713,
      "AR10": 0.7770334928229665,
      "AR100": 0.7770334928229665,
      "AR_small": null,
      "AR_medium": null,
      "AR_large": 0.7770334928229665,
      "objects": 209,
      "positive_images": 207,
      "detections": 883
    }
  },
  "image_level": {
    "positive_images": 352,
    "negative_images": 750,
    "auroc": 0.9932196969696969,
    "average_precision": 0.9879271282313754,
    "fpr_at_target_tpr": {
      "threshold": 0.8589457869529724,
      "tp": 335,
      "fp": 11,
      "tn": 739,
      "fn": 17,
      "tpr": 0.9517045454545454,
      "fpr": 0.014666666666666666,
      "by_negative_group": {
        "negative_in_domain": {
          "negative_images": 439,
          "false_positive_images": 10,
          "fpr": 0.022779043280182234
        },
        "negative_out_domain": {
          "negative_images": 311,
          "false_positive_images": 1,
          "fpr": 0.003215434083601286
        }
      },
      "target_tpr": 0.95
    },
    "recall_at_fpr": {
      "0.01": {
        "max_fpr": 0.01,
        "threshold": 0.9302107691764832,
        "recall": 0.9346590909090909,
        "fpr": 0.009333333333333334,
        "tp": 329,
        "fp": 7,
        "tn": 743,
        "fn": 23
      },
      "0.05": {
        "max_fpr": 0.05,
        "threshold": 0.2118207812309265,
        "recall": 0.9829545454545454,
        "fpr": 0.04933333333333333,
        "tp": 346,
        "fp": 37,
        "tn": 713,
        "fn": 6
      }
    },
    "fixed_threshold": {
      "threshold": 0.25,
      "tp": 345,
      "fp": 32,
      "tn": 718,
      "fn": 7,
      "tpr": 0.9801136363636364,
      "fpr": 0.042666666666666665,
      "by_negative_group": {
        "negative_in_domain": {
          "negative_images": 439,
          "false_positive_images": 30,
          "fpr": 0.0683371298405467
        },
        "negative_out_domain": {
          "negative_images": 311,
          "false_positive_images": 2,
          "fpr": 0.006430868167202572
        }
      }
    }
  }
}
