{
  "mAP": 0.626409149645624,
  "mAP50": 0.9387261671118277,
  "mAP75": 0.7310784928792743,
  "mAP_small": null,
  "mAP_medium": 0.4661459910796323,
  "mAP_large": 0.6404663854574505,
  "AR1": 0.6181592039800995,
  "AR10": 0.7082089552238806,
  "AR100": 0.709452736318408,
  "AR_small": null,
  "AR_medium": 0.6055555555555555,
  "AR_large": 0.7196721311475409,
  "mAP_tiny_rel": 0.31704632646597763,
  "mAP50_tiny_rel": 0.6423086541576889,
  "mAP75_tiny_rel": 0.31188118811881194,
  "AR100_tiny_rel": 0.5058823529411764,
  "mAP_small_rel": 0.4147383930656822,
  "mAP50_small_rel": 0.7017001400134305,
  "mAP75_small_rel": 0.4509311237679497,
  "AR100_small_rel": 0.5675324675324676,
  "mAP_medium_rel": 0.5250320710743153,
  "mAP50_medium_rel": 0.8013817195279175,
  "mAP75_medium_rel": 0.5894673286726464,
  "AR100_medium_rel": 0.6262626262626263,
  "mAP_large_rel": 0.6704291179455232,
  "mAP50_large_rel": 0.9331524510277156,
  "mAP75_large_rel": 0.8205043363005741,
  "AR100_large_rel": 0.754066985645933,
  "mAP_tiny": 0.31704632646597763,
  "image_AUROC": 0.9835416666666666,
  "image_AP": 0.9707359469384216,
  "FPR@95TPR": 0.10266666666666667,
  "threshold@95TPR": 0.8161786794662476,
  "TPR@95TPR": 0.9517045454545454,
  "Recall@FPR=1%": 0.8380681818181818,
  "Recall@FPR=5%": 0.9034090909090909,
  "in_domain_FPR@95TPR": 0.1662870159453303,
  "out_domain_FPR@95TPR": 0.012861736334405145,
  "in_domain_FPR@fixed": 0.3804100227790433,
  "out_domain_FPR@fixed": 0.06430868167202572,
  "split": "val",
  "images": 1102,
  "ground_truth_objects": 402,
  "input_predictions": 8941,
  "detections": 8941,
  "invalid_predictions_dropped": 0,
  "fppi_threshold": 0.25,
  "false_positives_on_negatives": {
    "total_negative_images": 750,
    "total_false_positives": 281,
    "fppi": 0.37466666666666665,
    "by_group": {
      "negative_in_domain": {
        "negative_images": 439,
        "false_positives": 249,
        "fppi": 0.5671981776765376
      },
      "negative_out_domain": {
        "negative_images": 311,
        "false_positives": 32,
        "fppi": 0.10289389067524116
      }
    }
  },
  "predictions_above_fppi_threshold_by_group": {
    "negative_in_domain": 249,
    "negative_out_domain": 32,
    "positive": 549
  },
  "relative_scale_metrics": {
    "tiny": {
      "mAP": 0.31704632646597763,
      "mAP50": 0.6423086541576889,
      "mAP75": 0.31188118811881194,
      "mAP_small": null,
      "mAP_medium": 0.3066017007606497,
      "mAP_large": 0.6,
      "AR1": 0.35882352941176465,
      "AR10": 0.5058823529411764,
      "AR100": 0.5058823529411764,
      "AR_small": null,
      "AR_medium": 0.4875,
      "AR_large": 0.8,
      "objects": 17,
      "positive_images": 14,
      "detections": 1344
    },
    "small": {
      "mAP": 0.4147383930656822,
      "mAP50": 0.7017001400134305,
      "mAP75": 0.4509311237679497,
      "mAP_small": null,
      "mAP_medium": 0.2862239596449742,
      "mAP_large": 0.47239757992884346,
      "AR1": 0.38051948051948054,
      "AR10": 0.5675324675324676,
      "AR100": 0.5675324675324676,
      "AR_small": null,
      "AR_medium": 0.425,
      "AR_large": 0.6175438596491227,
      "objects": 77,
      "positive_images": 51,
      "detections": 2385
    },
    "medium": {
      "mAP": 0.5250320710743153,
      "mAP50": 0.8013817195279175,
      "mAP75": 0.5894673286726464,
      "mAP_small": null,
      "mAP_medium": null,
      "mAP_large": 0.5254833933193983,
      "AR1": 0.5676767676767678,
      "AR10": 0.6262626262626263,
      "AR100": 0.6262626262626263,
      "AR_small": null,
      "AR_medium": null,
      "AR_large": 0.6262626262626263,
      "objects": 99,
      "positive_images": 94,
      "detections": 3424
    },
    "large": {
      "mAP": 0.6704291179455232,
      "mAP50": 0.9331524510277156,
      "mAP75": 0.8205043363005741,
      "mAP_small": null,
      "mAP_medium": null,
      "mAP_large": 0.6704300676012878,
      "AR1": 0.7421052631578947,
      "AR10": 0.754066985645933,
      "AR100": 0.754066985645933,
      "AR_small": null,
      "AR_medium": null,
      "AR_large": 0.754066985645933,
      "objects": 209,
      "positive_images": 207,
      "detections": 1788
    }
  },
  "image_level": {
    "positive_images": 352,
    "negative_images": 750,
    "auroc": 0.9835416666666666,
    "average_precision": 0.9707359469384216,
    "fpr_at_target_tpr": {
      "threshold": 0.8161786794662476,
      "tp": 335,
      "fp": 77,
      "tn": 673,
      "fn": 17,
      "tpr": 0.9517045454545454,
      "fpr": 0.10266666666666667,
      "by_negative_group": {
        "negative_in_domain": {
          "negative_images": 439,
          "false_positive_images": 73,
          "fpr": 0.1662870159453303
        },
        "negative_out_domain": {
          "negative_images": 311,
          "false_positive_images": 4,
          "fpr": 0.012861736334405145
        }
      },
      "target_tpr": 0.95
    },
    "recall_at_fpr": {
      "0.01": {
        "max_fpr": 0.01,
        "threshold": 0.9797103404998779,
        "recall": 0.8380681818181818,
        "fpr": 0.009333333333333334,
        "tp": 295,
        "fp": 7,
        "tn": 743,
        "fn": 57
      },
      "0.05": {
        "max_fpr": 0.05,
        "threshold": 0.9448866248130798,
        "recall": 0.9034090909090909,
        "fpr": 0.048,
        "tp": 318,
        "fp": 36,
        "tn": 714,
        "fn": 34
      }
    },
    "fixed_threshold": {
      "threshold": 0.25,
      "tp": 349,
      "fp": 187,
      "tn": 563,
      "fn": 3,
      "tpr": 0.9914772727272727,
      "fpr": 0.24933333333333332,
      "by_negative_group": {
        "negative_in_domain": {
          "negative_images": 439,
          "false_positive_images": 167,
          "fpr": 0.3804100227790433
        },
        "negative_out_domain": {
          "negative_images": 311,
          "false_positive_images": 20,
          "fpr": 0.06430868167202572
        }
      }
    }
  }
}
