{
  "mAP": 0.6694490390224633,
  "mAP50": 0.9577603043974559,
  "mAP75": 0.7742041847706888,
  "mAP_small": null,
  "mAP_medium": 0.5041949403892834,
  "mAP_large": 0.6836756110575558,
  "AR1": 0.6442786069651741,
  "AR10": 0.7343283582089553,
  "AR100": 0.7353233830845771,
  "AR_small": null,
  "AR_medium": 0.6166666666666666,
  "AR_large": 0.7469945355191256,
  "mAP_tiny_rel": 0.4028356436847718,
  "mAP50_tiny_rel": 0.7496052937063471,
  "mAP75_tiny_rel": 0.42371974039509214,
  "AR100_tiny_rel": 0.5588235294117647,
  "mAP_small_rel": 0.46917362528427764,
  "mAP50_small_rel": 0.7679709147295055,
  "mAP75_small_rel": 0.5154397834547478,
  "AR100_small_rel": 0.5740259740259741,
  "mAP_medium_rel": 0.5721720309307123,
  "mAP50_medium_rel": 0.8303820704448396,
  "mAP75_medium_rel": 0.6585025943818293,
  "AR100_medium_rel": 0.6666666666666667,
  "mAP_large_rel": 0.7156151246718628,
  "mAP50_large_rel": 0.9423795214291449,
  "mAP75_large_rel": 0.8527077187259313,
  "AR100_large_rel": 0.784688995215311,
  "mAP_tiny": 0.4028356436847718,
  "image_AUROC": 0.9933598484848485,
  "image_AP": 0.9871343710575388,
  "FPR@95TPR": 0.025333333333333333,
  "threshold@95TPR": 0.7676631212234497,
  "TPR@95TPR": 0.9517045454545454,
  "Recall@FPR=1%": 0.9289772727272727,
  "Recall@FPR=5%": 0.9801136363636364,
  "in_domain_FPR@95TPR": 0.04100227790432802,
  "out_domain_FPR@95TPR": 0.003215434083601286,
  "in_domain_FPR@fixed": 0.08200455580865604,
  "out_domain_FPR@fixed": 0.01929260450160772,
  "split": "val",
  "images": 1102,
  "ground_truth_objects": 402,
  "input_predictions": 3389,
  "detections": 3389,
  "invalid_predictions_dropped": 0,
  "fppi_threshold": 0.25,
  "false_positives_on_negatives": {
    "total_negative_images": 750,
    "total_false_positives": 53,
    "fppi": 0.07066666666666667,
    "by_group": {
      "negative_in_domain": {
        "negative_images": 439,
        "false_positives": 43,
        "fppi": 0.0979498861047836
      },
      "negative_out_domain": {
        "negative_images": 311,
        "false_positives": 10,
        "fppi": 0.03215434083601286
      }
    }
  },
  "predictions_above_fppi_threshold_by_group": {
    "negative_in_domain": 43,
    "negative_out_domain": 10,
    "positive": 463
  },
  "relative_scale_metrics": {
    "tiny": {
      "mAP": 0.4028356436847718,
      "mAP50": 0.7496052937063471,
      "mAP75": 0.42371974039509214,
      "mAP_small": null,
      "mAP_medium": 0.3930905693925568,
      "mAP_large": 0.7999999999999999,
      "AR1": 0.45294117647058824,
      "AR10": 0.5588235294117647,
      "AR100": 0.5588235294117647,
      "AR_small": null,
      "AR_medium": 0.54375,
      "AR_large": 0.8,
      "objects": 17,
      "positive_images": 14,
      "detections": 452
    },
    "small": {
      "mAP": 0.46917362528427764,
      "mAP50": 0.7679709147295055,
      "mAP75": 0.5154397834547478,
      "mAP_small": null,
      "mAP_medium": 0.36756002813154365,
      "mAP_large": 0.5107318387837592,
      "AR1": 0.37402597402597404,
      "AR10": 0.5740259740259741,
      "AR100": 0.5740259740259741,
      "AR_small": null,
      "AR_medium": 0.48999999999999994,
      "AR_large": 0.6035087719298246,
      "objects": 77,
      "positive_images": 51,
      "detections": 755
    },
    "medium": {
      "mAP": 0.5721720309307123,
      "mAP50": 0.8303820704448396,
      "mAP75": 0.6585025943818293,
      "mAP_small": null,
      "mAP_medium": null,
      "mAP_large": 0.5725031040395575,
      "AR1": 0.6050505050505051,
      "AR10": 0.6666666666666667,
      "AR100": 0.6666666666666667,
      "AR_small": null,
      "AR_medium": null,
      "AR_large": 0.6666666666666667,
      "objects": 99,
      "positive_images": 94,
      "detections": 1306
    },
    "large": {
      "mAP": 0.7156151246718628,
      "mAP50": 0.9423795214291449,
      "mAP75": 0.8527077187259313,
      "mAP_small": null,
      "mAP_medium": null,
      "mAP_large": 0.7156151246718628,
      "AR1": 0.7755980861244018,
      "AR10": 0.784688995215311,
      "AR100": 0.784688995215311,
      "AR_small": null,
      "AR_medium": null,
      "AR_large": 0.784688995215311,
      "objects": 209,
      "positive_images": 207,
      "detections": 876
    }
  },
  "image_level": {
    "positive_images": 352,
    "negative_images": 750,
    "auroc": 0.9933598484848485,
    "average_precision": 0.9871343710575388,
    "fpr_at_target_tpr": {
      "threshold": 0.7676631212234497,
      "tp": 335,
      "fp": 19,
      "tn": 731,
      "fn": 17,
      "tpr": 0.9517045454545454,
      "fpr": 0.025333333333333333,
      "by_negative_group": {
        "negative_in_domain": {
          "negative_images": 439,
          "false_positive_images": 18,
          "fpr": 0.04100227790432802
        },
        "negative_out_domain": {
          "negative_images": 311,
          "false_positive_images": 1,
          "fpr": 0.003215434083601286
        }
      },
      "target_tpr": 0.95
    },
    "recall_at_fpr": {
      "0.01": {
        "max_fpr": 0.01,
        "threshold": 0.9352196455001831,
        "recall": 0.9289772727272727,
        "fpr": 0.009333333333333334,
        "tp": 327,
        "fp": 7,
        "tn": 743,
        "fn": 25
      },
      "0.05": {
        "max_fpr": 0.05,
        "threshold": 0.39649897813796997,
        "recall": 0.9801136363636364,
        "fpr": 0.042666666666666665,
        "tp": 345,
        "fp": 32,
        "tn": 718,
        "fn": 7
      }
    },
    "fixed_threshold": {
      "threshold": 0.25,
      "tp": 345,
      "fp": 42,
      "tn": 708,
      "fn": 7,
      "tpr": 0.9801136363636364,
      "fpr": 0.056,
      "by_negative_group": {
        "negative_in_domain": {
          "negative_images": 439,
          "false_positive_images": 36,
          "fpr": 0.08200455580865604
        },
        "negative_out_domain": {
          "negative_images": 311,
          "false_positive_images": 6,
          "fpr": 0.01929260450160772
        }
      }
    }
  }
}
