{
  "mAP": 0.6704203931978712,
  "mAP50": 0.9585570397561574,
  "mAP75": 0.7729881372096898,
  "mAP_small": null,
  "mAP_medium": 0.5044360168786944,
  "mAP_large": 0.6856466007043256,
  "AR1": 0.6430348258706468,
  "AR10": 0.7375621890547264,
  "AR100": 0.7380597014925374,
  "AR_small": null,
  "AR_medium": 0.6138888888888888,
  "AR_large": 0.7502732240437159,
  "mAP_tiny_rel": 0.4594082967011033,
  "mAP50_tiny_rel": 0.8243575715625086,
  "mAP75_tiny_rel": 0.48907278150175265,
  "AR100_tiny_rel": 0.588235294117647,
  "mAP_small_rel": 0.4782099198665927,
  "mAP50_small_rel": 0.7644373682365525,
  "mAP75_small_rel": 0.5167943580269921,
  "AR100_small_rel": 0.5766233766233767,
  "mAP_medium_rel": 0.5813544466349168,
  "mAP50_medium_rel": 0.8492384934486009,
  "mAP75_medium_rel": 0.6623868947610335,
  "AR100_medium_rel": 0.6686868686868687,
  "mAP_large_rel": 0.7082767604532616,
  "mAP50_large_rel": 0.9382629318932013,
  "mAP75_large_rel": 0.8458523641757639,
  "AR100_large_rel": 0.7832535885167464,
  "mAP_tiny": 0.4594082967011033,
  "image_AUROC": 0.9936969696969697,
  "image_AP": 0.987662222380243,
  "FPR@95TPR": 0.021333333333333333,
  "threshold@95TPR": 0.8033021688461304,
  "TPR@95TPR": 0.9517045454545454,
  "Recall@FPR=1%": 0.9176136363636364,
  "Recall@FPR=5%": 0.9772727272727273,
  "in_domain_FPR@95TPR": 0.03416856492027335,
  "out_domain_FPR@95TPR": 0.003215434083601286,
  "in_domain_FPR@fixed": 0.07517084282460136,
  "out_domain_FPR@fixed": 0.01929260450160772,
  "split": "val",
  "images": 1102,
  "ground_truth_objects": 402,
  "input_predictions": 3397,
  "detections": 3397,
  "invalid_predictions_dropped": 0,
  "fppi_threshold": 0.25,
  "false_positives_on_negatives": {
    "total_negative_images": 750,
    "total_false_positives": 48,
    "fppi": 0.064,
    "by_group": {
      "negative_in_domain": {
        "negative_images": 439,
        "false_positives": 38,
        "fppi": 0.08656036446469248
      },
      "negative_out_domain": {
        "negative_images": 311,
        "false_positives": 10,
        "fppi": 0.03215434083601286
      }
    }
  },
  "predictions_above_fppi_threshold_by_group": {
    "negative_in_domain": 38,
    "negative_out_domain": 10,
    "positive": 470
  },
  "relative_scale_metrics": {
    "tiny": {
      "mAP": 0.4594082967011033,
      "mAP50": 0.8243575715625086,
      "mAP75": 0.48907278150175265,
      "mAP_small": null,
      "mAP_medium": 0.44528591773204457,
      "mAP_large": 0.7999999999999999,
      "AR1": 0.49411764705882355,
      "AR10": 0.588235294117647,
      "AR100": 0.588235294117647,
      "AR_small": null,
      "AR_medium": 0.575,
      "AR_large": 0.8,
      "objects": 17,
      "positive_images": 14,
      "detections": 504
    },
    "small": {
      "mAP": 0.4782099198665927,
      "mAP50": 0.7644373682365525,
      "mAP75": 0.5167943580269921,
      "mAP_small": null,
      "mAP_medium": 0.35760616945153156,
      "mAP_large": 0.5249273642774592,
      "AR1": 0.35974025974025975,
      "AR10": 0.5766233766233767,
      "AR100": 0.5766233766233767,
      "AR_small": null,
      "AR_medium": 0.44499999999999995,
      "AR_large": 0.6228070175438596,
      "objects": 77,
      "positive_images": 51,
      "detections": 757
    },
    "medium": {
      "mAP": 0.5813544466349168,
      "mAP50": 0.8492384934486009,
      "mAP75": 0.6623868947610335,
      "mAP_small": null,
      "mAP_medium": null,
      "mAP_large": 0.5815154030608671,
      "AR1": 0.6141414141414141,
      "AR10": 0.6686868686868687,
      "AR100": 0.6686868686868687,
      "AR_small": null,
      "AR_medium": null,
      "AR_large": 0.6686868686868687,
      "objects": 99,
      "positive_images": 94,
      "detections": 1292
    },
    "large": {
      "mAP": 0.7082767604532616,
      "mAP50": 0.9382629318932013,
      "mAP75": 0.8458523641757639,
      "mAP_small": null,
      "mAP_medium": null,
      "mAP_large": 0.7082767604532616,
      "AR1": 0.771291866028708,
      "AR10": 0.7832535885167464,
      "AR100": 0.7832535885167464,
      "AR_small": null,
      "AR_medium": null,
      "AR_large": 0.7832535885167464,
      "objects": 209,
      "positive_images": 207,
      "detections": 844
    }
  },
  "image_level": {
    "positive_images": 352,
    "negative_images": 750,
    "auroc": 0.9936969696969697,
    "average_precision": 0.987662222380243,
    "fpr_at_target_tpr": {
      "threshold": 0.8033021688461304,
      "tp": 335,
      "fp": 16,
      "tn": 734,
      "fn": 17,
      "tpr": 0.9517045454545454,
      "fpr": 0.021333333333333333,
      "by_negative_group": {
        "negative_in_domain": {
          "negative_images": 439,
          "false_positive_images": 15,
          "fpr": 0.03416856492027335
        },
        "negative_out_domain": {
          "negative_images": 311,
          "false_positive_images": 1,
          "fpr": 0.003215434083601286
        }
      },
      "target_tpr": 0.95
    },
    "recall_at_fpr": {
      "0.01": {
        "max_fpr": 0.01,
        "threshold": 0.9564589858055115,
        "recall": 0.9176136363636364,
        "fpr": 0.008,
        "tp": 323,
        "fp": 6,
        "tn": 744,
        "fn": 29
      },
      "0.05": {
        "max_fpr": 0.05,
        "threshold": 0.34595561027526855,
        "recall": 0.9772727272727273,
        "fpr": 0.04666666666666667,
        "tp": 344,
        "fp": 35,
        "tn": 715,
        "fn": 8
      }
    },
    "fixed_threshold": {
      "threshold": 0.25,
      "tp": 344,
      "fp": 39,
      "tn": 711,
      "fn": 8,
      "tpr": 0.9772727272727273,
      "fpr": 0.052,
      "by_negative_group": {
        "negative_in_domain": {
          "negative_images": 439,
          "false_positive_images": 33,
          "fpr": 0.07517084282460136
        },
        "negative_out_domain": {
          "negative_images": 311,
          "false_positive_images": 6,
          "fpr": 0.01929260450160772
        }
      }
    }
  }
}
