{
  "mAP": 0.6676637044935174,
  "mAP50": 0.955184206808557,
  "mAP75": 0.7920445090723915,
  "mAP_small": null,
  "mAP_medium": 0.4791640458247197,
  "mAP_large": 0.6832102779693177,
  "AR1": 0.6430348258706468,
  "AR10": 0.7343283582089553,
  "AR100": 0.7345771144278607,
  "AR_small": null,
  "AR_medium": 0.6027777777777777,
  "AR_large": 0.7475409836065574,
  "mAP_tiny_rel": 0.4429568867462911,
  "mAP50_tiny_rel": 0.7687330220746895,
  "mAP75_tiny_rel": 0.42555865493670103,
  "AR100_tiny_rel": 0.5529411764705883,
  "mAP_small_rel": 0.46706982581498213,
  "mAP50_small_rel": 0.7763726431265311,
  "mAP75_small_rel": 0.5140020892689667,
  "AR100_small_rel": 0.5896103896103895,
  "mAP_medium_rel": 0.559868202987474,
  "mAP50_medium_rel": 0.8216355789583533,
  "mAP75_medium_rel": 0.6272329770143681,
  "AR100_medium_rel": 0.6464646464646465,
  "mAP_large_rel": 0.6955697064987977,
  "mAP50_large_rel": 0.9256670871147554,
  "mAP75_large_rel": 0.8588650468977036,
  "AR100_large_rel": 0.775598086124402,
  "mAP_tiny": 0.4429568867462911,
  "image_AUROC": 0.9945,
  "image_AP": 0.9893332027059925,
  "FPR@95TPR": 0.013333333333333334,
  "threshold@95TPR": 0.8984391093254089,
  "TPR@95TPR": 0.9517045454545454,
  "Recall@FPR=1%": 0.9488636363636364,
  "Recall@FPR=5%": 0.9829545454545454,
  "in_domain_FPR@95TPR": 0.02050113895216401,
  "out_domain_FPR@95TPR": 0.003215434083601286,
  "in_domain_FPR@fixed": 0.0683371298405467,
  "out_domain_FPR@fixed": 0.006430868167202572,
  "split": "val",
  "images": 1102,
  "ground_truth_objects": 402,
  "input_predictions": 3057,
  "detections": 3057,
  "invalid_predictions_dropped": 0,
  "fppi_threshold": 0.25,
  "false_positives_on_negatives": {
    "total_negative_images": 750,
    "total_false_positives": 39,
    "fppi": 0.052,
    "by_group": {
      "negative_in_domain": {
        "negative_images": 439,
        "false_positives": 34,
        "fppi": 0.0774487471526196
      },
      "negative_out_domain": {
        "negative_images": 311,
        "false_positives": 5,
        "fppi": 0.01607717041800643
      }
    }
  },
  "predictions_above_fppi_threshold_by_group": {
    "negative_in_domain": 34,
    "negative_out_domain": 5,
    "positive": 458
  },
  "relative_scale_metrics": {
    "tiny": {
      "mAP": 0.4429568867462911,
      "mAP50": 0.7687330220746895,
      "mAP75": 0.42555865493670103,
      "mAP_small": null,
      "mAP_medium": 0.41344884488448846,
      "mAP_large": 0.7999999999999999,
      "AR1": 0.4294117647058823,
      "AR10": 0.5529411764705883,
      "AR100": 0.5529411764705883,
      "AR_small": null,
      "AR_medium": 0.5375,
      "AR_large": 0.8,
      "objects": 17,
      "positive_images": 14,
      "detections": 347
    },
    "small": {
      "mAP": 0.46706982581498213,
      "mAP50": 0.7763726431265311,
      "mAP75": 0.5140020892689667,
      "mAP_small": null,
      "mAP_medium": 0.36072053205056787,
      "mAP_large": 0.513594924543453,
      "AR1": 0.37532467532467534,
      "AR10": 0.5883116883116883,
      "AR100": 0.5896103896103895,
      "AR_small": null,
      "AR_medium": 0.51,
      "AR_large": 0.6175438596491227,
      "objects": 77,
      "positive_images": 51,
      "detections": 628
    },
    "medium": {
      "mAP": 0.559868202987474,
      "mAP50": 0.8216355789583533,
      "mAP75": 0.6272329770143681,
      "mAP_small": null,
      "mAP_medium": null,
      "mAP_large": 0.5601326038303437,
      "AR1": 0.5898989898989899,
      "AR10": 0.6464646464646465,
      "AR100": 0.6464646464646465,
      "AR_small": null,
      "AR_medium": null,
      "AR_large": 0.6464646464646465,
      "objects": 99,
      "positive_images": 94,
      "detections": 1251
    },
    "large": {
      "mAP": 0.6955697064987977,
      "mAP50": 0.9256670871147554,
      "mAP75": 0.8588650468977036,
      "mAP_small": null,
      "mAP_medium": null,
      "mAP_large": 0.6955697064987977,
      "AR1": 0.768421052631579,
      "AR10": 0.775598086124402,
      "AR100": 0.775598086124402,
      "AR_small": null,
      "AR_medium": null,
      "AR_large": 0.775598086124402,
      "objects": 209,
      "positive_images": 207,
      "detections": 831
    }
  },
  "image_level": {
    "positive_images": 352,
    "negative_images": 750,
    "auroc": 0.9945,
    "average_precision": 0.9893332027059925,
    "fpr_at_target_tpr": {
      "threshold": 0.8984391093254089,
      "tp": 335,
      "fp": 10,
      "tn": 740,
      "fn": 17,
      "tpr": 0.9517045454545454,
      "fpr": 0.013333333333333334,
      "by_negative_group": {
        "negative_in_domain": {
          "negative_images": 439,
          "false_positive_images": 9,
          "fpr": 0.02050113895216401
        },
        "negative_out_domain": {
          "negative_images": 311,
          "false_positive_images": 1,
          "fpr": 0.003215434083601286
        }
      },
      "target_tpr": 0.95
    },
    "recall_at_fpr": {
      "0.01": {
        "max_fpr": 0.01,
        "threshold": 0.9158596992492676,
        "recall": 0.9488636363636364,
        "fpr": 0.009333333333333334,
        "tp": 334,
        "fp": 7,
        "tn": 743,
        "fn": 18
      },
      "0.05": {
        "max_fpr": 0.05,
        "threshold": 0.13953571021556854,
        "recall": 0.9829545454545454,
        "fpr": 0.04933333333333333,
        "tp": 346,
        "fp": 37,
        "tn": 713,
        "fn": 6
      }
    },
    "fixed_threshold": {
      "threshold": 0.25,
      "tp": 345,
      "fp": 32,
      "tn": 718,
      "fn": 7,
      "tpr": 0.9801136363636364,
      "fpr": 0.042666666666666665,
      "by_negative_group": {
        "negative_in_domain": {
          "negative_images": 439,
          "false_positive_images": 30,
          "fpr": 0.0683371298405467
        },
        "negative_out_domain": {
          "negative_images": 311,
          "false_positive_images": 2,
          "fpr": 0.006430868167202572
        }
      }
    }
  }
}
