{
  "mAP": 0.6717274712860836,
  "mAP50": 0.9570653543907882,
  "mAP75": 0.771509291916762,
  "mAP_small": null,
  "mAP_medium": 0.5068407696253574,
  "mAP_large": 0.6862323789909043,
  "AR1": 0.6440298507462686,
  "AR10": 0.7398009950248757,
  "AR100": 0.7398009950248757,
  "AR_small": null,
  "AR_medium": 0.6166666666666666,
  "AR_large": 0.7519125683060108,
  "mAP_tiny_rel": 0.46255443953189035,
  "mAP50_tiny_rel": 0.8239453670767536,
  "mAP75_tiny_rel": 0.48907278150175265,
  "AR100_tiny_rel": 0.5941176470588234,
  "mAP_small_rel": 0.4746643449440428,
  "mAP50_small_rel": 0.7627930910044388,
  "mAP75_small_rel": 0.49164989169546747,
  "AR100_small_rel": 0.577922077922078,
  "mAP_medium_rel": 0.5814788249350243,
  "mAP50_medium_rel": 0.8486172092255514,
  "mAP75_medium_rel": 0.6526407948135236,
  "AR100_medium_rel": 0.6686868686868687,
  "mAP_large_rel": 0.7096418933751142,
  "mAP50_large_rel": 0.9380986645001992,
  "mAP75_large_rel": 0.8462015438952778,
  "AR100_large_rel": 0.7842105263157894,
  "mAP_tiny": 0.46255443953189035,
  "image_AUROC": 0.9937575757575757,
  "image_AP": 0.9877542107315859,
  "FPR@95TPR": 0.021333333333333333,
  "threshold@95TPR": 0.814407467842102,
  "TPR@95TPR": 0.9517045454545454,
  "Recall@FPR=1%": 0.9176136363636364,
  "Recall@FPR=5%": 0.9772727272727273,
  "in_domain_FPR@95TPR": 0.03416856492027335,
  "out_domain_FPR@95TPR": 0.003215434083601286,
  "in_domain_FPR@fixed": 0.0774487471526196,
  "out_domain_FPR@fixed": 0.01929260450160772,
  "split": "val",
  "images": 1102,
  "ground_truth_objects": 402,
  "input_predictions": 3335,
  "detections": 3335,
  "invalid_predictions_dropped": 0,
  "fppi_threshold": 0.25,
  "false_positives_on_negatives": {
    "total_negative_images": 750,
    "total_false_positives": 48,
    "fppi": 0.064,
    "by_group": {
      "negative_in_domain": {
        "negative_images": 439,
        "false_positives": 39,
        "fppi": 0.0888382687927107
      },
      "negative_out_domain": {
        "negative_images": 311,
        "false_positives": 9,
        "fppi": 0.028938906752411574
      }
    }
  },
  "predictions_above_fppi_threshold_by_group": {
    "negative_in_domain": 39,
    "negative_out_domain": 9,
    "positive": 470
  },
  "relative_scale_metrics": {
    "tiny": {
      "mAP": 0.46255443953189035,
      "mAP50": 0.8239453670767536,
      "mAP75": 0.48907278150175265,
      "mAP_small": null,
      "mAP_medium": 0.4481410493990575,
      "mAP_large": 0.7999999999999999,
      "AR1": 0.49411764705882355,
      "AR10": 0.5941176470588234,
      "AR100": 0.5941176470588234,
      "AR_small": null,
      "AR_medium": 0.58125,
      "AR_large": 0.8,
      "objects": 17,
      "positive_images": 14,
      "detections": 491
    },
    "small": {
      "mAP": 0.4746643449440428,
      "mAP50": 0.7627930910044388,
      "mAP75": 0.49164989169546747,
      "mAP_small": null,
      "mAP_medium": 0.3565082962094399,
      "mAP_large": 0.5199439837522402,
      "AR1": 0.35844155844155845,
      "AR10": 0.577922077922078,
      "AR100": 0.577922077922078,
      "AR_small": null,
      "AR_medium": 0.44499999999999995,
      "AR_large": 0.6245614035087719,
      "objects": 77,
      "positive_images": 51,
      "detections": 728
    },
    "medium": {
      "mAP": 0.5814788249350243,
      "mAP50": 0.8486172092255514,
      "mAP75": 0.6526407948135236,
      "mAP_small": null,
      "mAP_medium": null,
      "mAP_large": 0.5816393041144251,
      "AR1": 0.6151515151515152,
      "AR10": 0.6686868686868687,
      "AR100": 0.6686868686868687,
      "AR_small": null,
      "AR_medium": null,
      "AR_large": 0.6686868686868687,
      "objects": 99,
      "positive_images": 94,
      "detections": 1269
    },
    "large": {
      "mAP": 0.7096418933751142,
      "mAP50": 0.9380986645001992,
      "mAP75": 0.8462015438952778,
      "mAP_small": null,
      "mAP_medium": null,
      "mAP_large": 0.7096418933751142,
      "AR1": 0.7727272727272727,
      "AR10": 0.7842105263157894,
      "AR100": 0.7842105263157894,
      "AR_small": null,
      "AR_medium": null,
      "AR_large": 0.7842105263157894,
      "objects": 209,
      "positive_images": 207,
      "detections": 847
    }
  },
  "image_level": {
    "positive_images": 352,
    "negative_images": 750,
    "auroc": 0.9937575757575757,
    "average_precision": 0.9877542107315859,
    "fpr_at_target_tpr": {
      "threshold": 0.814407467842102,
      "tp": 335,
      "fp": 16,
      "tn": 734,
      "fn": 17,
      "tpr": 0.9517045454545454,
      "fpr": 0.021333333333333333,
      "by_negative_group": {
        "negative_in_domain": {
          "negative_images": 439,
          "false_positive_images": 15,
          "fpr": 0.03416856492027335
        },
        "negative_out_domain": {
          "negative_images": 311,
          "false_positive_images": 1,
          "fpr": 0.003215434083601286
        }
      },
      "target_tpr": 0.95
    },
    "recall_at_fpr": {
      "0.01": {
        "max_fpr": 0.01,
        "threshold": 0.9601969718933105,
        "recall": 0.9176136363636364,
        "fpr": 0.006666666666666667,
        "tp": 323,
        "fp": 5,
        "tn": 745,
        "fn": 29
      },
      "0.05": {
        "max_fpr": 0.05,
        "threshold": 0.3616628050804138,
        "recall": 0.9772727272727273,
        "fpr": 0.04133333333333333,
        "tp": 344,
        "fp": 31,
        "tn": 719,
        "fn": 8
      }
    },
    "fixed_threshold": {
      "threshold": 0.25,
      "tp": 344,
      "fp": 40,
      "tn": 710,
      "fn": 8,
      "tpr": 0.9772727272727273,
      "fpr": 0.05333333333333334,
      "by_negative_group": {
        "negative_in_domain": {
          "negative_images": 439,
          "false_positive_images": 34,
          "fpr": 0.0774487471526196
        },
        "negative_out_domain": {
          "negative_images": 311,
          "false_positive_images": 6,
          "fpr": 0.01929260450160772
        }
      }
    }
  }
}
