{
  "mAP": 0.5438101418516214,
  "mAP50": 0.8257574028496526,
  "mAP75": 0.6410084530131888,
  "mAP_small": null,
  "mAP_medium": 0.2710269257062926,
  "mAP_large": 0.5727716292204416,
  "AR1": 0.5999999999999999,
  "AR10": 0.6786069651741294,
  "AR100": 0.686318407960199,
  "AR_small": null,
  "AR_medium": 0.49444444444444446,
  "AR_large": 0.7051912568306011,
  "mAP_tiny_rel": 0.20594301010311297,
  "mAP50_tiny_rel": 0.43865551005271614,
  "mAP75_tiny_rel": 0.20826391118729476,
  "AR100_tiny_rel": 0.41764705882352937,
  "mAP_small_rel": 0.3552716344297908,
  "mAP50_small_rel": 0.6718879176381812,
  "mAP75_small_rel": 0.3424304122458058,
  "AR100_small_rel": 0.5142857142857143,
  "mAP_medium_rel": 0.43981675158126143,
  "mAP50_medium_rel": 0.7144016741829727,
  "mAP75_medium_rel": 0.507878096630386,
  "AR100_medium_rel": 0.5595959595959596,
  "mAP_large_rel": 0.6303746059817293,
  "mAP50_large_rel": 0.8689728316594255,
  "mAP75_large_rel": 0.787186964438731,
  "AR100_large_rel": 0.776555023923445,
  "mAP_tiny": 0.20594301010311297,
  "image_AUROC": 0.9299772727272727,
  "image_AP": 0.8891080315991798,
  "FPR@95TPR": 0.37333333333333335,
  "threshold@95TPR": 0.3605039417743683,
  "TPR@95TPR": 0.9517045454545454,
  "Recall@FPR=1%": 0.42613636363636365,
  "Recall@FPR=5%": 0.7642045454545454,
  "in_domain_FPR@95TPR": 0.4214123006833713,
  "out_domain_FPR@95TPR": 0.3054662379421222,
  "in_domain_FPR@fixed": 0.5193621867881549,
  "out_domain_FPR@fixed": 0.4405144694533762,
  "split": "val",
  "images": 1102,
  "ground_truth_objects": 402,
  "input_predictions": 141558,
  "detections": 141558,
  "invalid_predictions_dropped": 0,
  "fppi_threshold": 0.25,
  "false_positives_on_negatives": {
    "total_negative_images": 750,
    "total_false_positives": 412,
    "fppi": 0.5493333333333333,
    "by_group": {
      "negative_in_domain": {
        "negative_images": 439,
        "false_positives": 266,
        "fppi": 0.6059225512528473
      },
      "negative_out_domain": {
        "negative_images": 311,
        "false_positives": 146,
        "fppi": 0.4694533762057878
      }
    }
  },
  "predictions_above_fppi_threshold_by_group": {
    "negative_in_domain": 266,
    "negative_out_domain": 146,
    "positive": 388
  },
  "relative_scale_metrics": {
    "tiny": {
      "mAP": 0.20594301010311297,
      "mAP50": 0.43865551005271614,
      "mAP75": 0.20826391118729476,
      "mAP_small": null,
      "mAP_medium": 0.212624607218034,
      "mAP_large": 0.1333333333333333,
      "AR1": 0.15882352941176472,
      "AR10": 0.3647058823529412,
      "AR100": 0.41764705882352937,
      "AR_small": null,
      "AR_medium": 0.41875,
      "AR_large": 0.4,
      "objects": 17,
      "positive_images": 14,
      "detections": 59166
    },
    "small": {
      "mAP": 0.3552716344297908,
      "mAP50": 0.6718879176381812,
      "mAP75": 0.3424304122458058,
      "mAP_small": null,
      "mAP_medium": 0.26885454520862,
      "mAP_large": 0.39432554749542287,
      "AR1": 0.3051948051948052,
      "AR10": 0.4987012987012987,
      "AR100": 0.5142857142857143,
      "AR_small": null,
      "AR_medium": 0.37999999999999995,
      "AR_large": 0.5614035087719297,
      "objects": 77,
      "positive_images": 51,
      "detections": 54045
    },
    "medium": {
      "mAP": 0.43981675158126143,
      "mAP50": 0.7144016741829727,
      "mAP75": 0.507878096630386,
      "mAP_small": null,
      "mAP_medium": null,
      "mAP_large": 0.4416355667362317,
      "AR1": 0.5151515151515151,
      "AR10": 0.5565656565656566,
      "AR100": 0.5595959595959596,
      "AR_small": null,
      "AR_medium": null,
      "AR_large": 0.5595959595959596,
      "objects": 99,
      "positive_images": 94,
      "detections": 24922
    },
    "large": {
      "mAP": 0.6303746059817293,
      "mAP50": 0.8689728316594255,
      "mAP75": 0.787186964438731,
      "mAP_small": null,
      "mAP_medium": null,
      "mAP_large": 0.6303753251152028,
      "AR1": 0.7679425837320574,
      "AR10": 0.776555023923445,
      "AR100": 0.776555023923445,
      "AR_small": null,
      "AR_medium": null,
      "AR_large": 0.776555023923445,
      "objects": 209,
      "positive_images": 207,
      "detections": 3425
    }
  },
  "image_level": {
    "positive_images": 352,
    "negative_images": 750,
    "auroc": 0.9299772727272727,
    "average_precision": 0.8891080315991798,
    "fpr_at_target_tpr": {
      "threshold": 0.3605039417743683,
      "tp": 335,
      "fp": 280,
      "tn": 470,
      "fn": 17,
      "tpr": 0.9517045454545454,
      "fpr": 0.37333333333333335,
      "by_negative_group": {
        "negative_in_domain": {
          "negative_images": 439,
          "false_positive_images": 185,
          "fpr": 0.4214123006833713
        },
        "negative_out_domain": {
          "negative_images": 311,
          "false_positive_images": 95,
          "fpr": 0.3054662379421222
        }
      },
      "target_tpr": 0.95
    },
    "recall_at_fpr": {
      "0.01": {
        "max_fpr": 0.01,
        "threshold": 0.9958765506744385,
        "recall": 0.42613636363636365,
        "fpr": 0.009333333333333334,
        "tp": 150,
        "fp": 7,
        "tn": 743,
        "fn": 202
      },
      "0.05": {
        "max_fpr": 0.05,
        "threshold": 0.9605748653411865,
        "recall": 0.7642045454545454,
        "fpr": 0.04933333333333333,
        "tp": 269,
        "fp": 37,
        "tn": 713,
        "fn": 83
      }
    },
    "fixed_threshold": {
      "threshold": 0.25,
      "tp": 341,
      "fp": 365,
      "tn": 385,
      "fn": 11,
      "tpr": 0.96875,
      "fpr": 0.4866666666666667,
      "by_negative_group": {
        "negative_in_domain": {
          "negative_images": 439,
          "false_positive_images": 228,
          "fpr": 0.5193621867881549
        },
        "negative_out_domain": {
          "negative_images": 311,
          "false_positive_images": 137,
          "fpr": 0.4405144694533762
        }
      }
    }
  }
}
