{
  "mAP": 0.6816311507902243,
  "mAP50": 0.9618132593246402,
  "mAP75": 0.7831242126093342,
  "mAP_small": 0.22499999999999998,
  "mAP_medium": 0.4810039065775179,
  "mAP_large": 0.7000595428864517,
  "AR1": 0.6574307304785896,
  "AR10": 0.7408060453400505,
  "AR100": 0.7410579345088162,
  "AR_small": 0.3,
  "AR_medium": 0.5823529411764705,
  "AR_large": 0.757182320441989,
  "mAP_tiny_rel": 0.33597556284932906,
  "mAP50_tiny_rel": 0.6042966423800789,
  "mAP75_tiny_rel": 0.34794264923449747,
  "AR100_tiny_rel": 0.52,
  "mAP_small_rel": 0.46224402277932686,
  "mAP50_small_rel": 0.7855665874979224,
  "mAP75_small_rel": 0.45158429014931223,
  "AR100_small_rel": 0.5485714285714286,
  "mAP_medium_rel": 0.642340975430068,
  "mAP50_medium_rel": 0.8721160263188268,
  "mAP75_medium_rel": 0.7592799173370804,
  "AR100_medium_rel": 0.72803738317757,
  "mAP_large_rel": 0.7318673355380907,
  "mAP50_large_rel": 0.955772516652957,
  "mAP75_large_rel": 0.8702348347756079,
  "AR100_large_rel": 0.7951219512195122,
  "mAP_tiny": 0.33597556284932906,
  "image_AUROC": 0.9945413105413106,
  "image_AP": 0.9909859140413125,
  "FPR@95TPR": 0.02,
  "threshold@95TPR": 0.8364431262016296,
  "TPR@95TPR": 0.9515669515669516,
  "Recall@FPR=1%": 0.9287749287749287,
  "Recall@FPR=5%": 0.9715099715099715,
  "in_domain_FPR@95TPR": 0.03189066059225513,
  "out_domain_FPR@95TPR": 0.003215434083601286,
  "in_domain_FPR@fixed": 0.09111617312072894,
  "out_domain_FPR@fixed": 0.02572347266881029,
  "split": "test",
  "images": 1101,
  "ground_truth_objects": 397,
  "input_predictions": 3094,
  "detections": 3094,
  "invalid_predictions_dropped": 0,
  "fppi_threshold": 0.25,
  "false_positives_on_negatives": {
    "total_negative_images": 750,
    "total_false_positives": 55,
    "fppi": 0.07333333333333333,
    "by_group": {
      "negative_in_domain": {
        "negative_images": 439,
        "false_positives": 46,
        "fppi": 0.10478359908883828
      },
      "negative_out_domain": {
        "negative_images": 311,
        "false_positives": 9,
        "fppi": 0.028938906752411574
      }
    }
  },
  "predictions_above_fppi_threshold_by_group": {
    "negative_in_domain": 46,
    "negative_out_domain": 9,
    "positive": 423
  },
  "relative_scale_metrics": {
    "tiny": {
      "mAP": 0.33597556284932906,
      "mAP50": 0.6042966423800789,
      "mAP75": 0.34794264923449747,
      "mAP_small": 0.23333333333333334,
      "mAP_medium": 0.3749915065518506,
      "mAP_large": 0.009090909090909092,
      "AR1": 0.4333333333333333,
      "AR10": 0.52,
      "AR100": 0.52,
      "AR_small": 0.3,
      "AR_medium": 0.5692307692307692,
      "AR_large": 0.1,
      "objects": 15,
      "positive_images": 14,
      "detections": 335
    },
    "small": {
      "mAP": 0.46224402277932686,
      "mAP50": 0.7855665874979224,
      "mAP75": 0.45158429014931223,
      "mAP_small": null,
      "mAP_medium": 0.4823700055913525,
      "mAP_large": 0.4649796848485216,
      "AR1": 0.3742857142857143,
      "AR10": 0.5485714285714286,
      "AR100": 0.5485714285714286,
      "AR_small": null,
      "AR_medium": 0.5599999999999999,
      "AR_large": 0.5439999999999999,
      "objects": 70,
      "positive_images": 51,
      "detections": 632
    },
    "medium": {
      "mAP": 0.642340975430068,
      "mAP50": 0.8721160263188268,
      "mAP75": 0.7592799173370804,
      "mAP_small": null,
      "mAP_medium": 0.6999999999999998,
      "mAP_large": 0.6428194891357109,
      "AR1": 0.6514018691588785,
      "AR10": 0.72803738317757,
      "AR100": 0.72803738317757,
      "AR_small": null,
      "AR_medium": 0.7,
      "AR_large": 0.7283018867924528,
      "objects": 107,
      "positive_images": 97,
      "detections": 1202
    },
    "large": {
      "mAP": 0.7318673355380907,
      "mAP50": 0.955772516652957,
      "mAP75": 0.8702348347756079,
      "mAP_small": null,
      "mAP_medium": null,
      "mAP_large": 0.7318673355380907,
      "AR1": 0.7882926829268293,
      "AR10": 0.7951219512195122,
      "AR100": 0.7951219512195122,
      "AR_small": null,
      "AR_medium": null,
      "AR_large": 0.7951219512195122,
      "objects": 205,
      "positive_images": 204,
      "detections": 925
    }
  },
  "image_level": {
    "positive_images": 351,
    "negative_images": 750,
    "auroc": 0.9945413105413106,
    "average_precision": 0.9909859140413125,
    "fpr_at_target_tpr": {
      "threshold": 0.8364431262016296,
      "tp": 334,
      "fp": 15,
      "tn": 735,
      "fn": 17,
      "tpr": 0.9515669515669516,
      "fpr": 0.02,
      "by_negative_group": {
        "negative_in_domain": {
          "negative_images": 439,
          "false_positive_images": 14,
          "fpr": 0.03189066059225513
        },
        "negative_out_domain": {
          "negative_images": 311,
          "false_positive_images": 1,
          "fpr": 0.003215434083601286
        }
      },
      "target_tpr": 0.95
    },
    "recall_at_fpr": {
      "0.01": {
        "max_fpr": 0.01,
        "threshold": 0.9351135492324829,
        "recall": 0.9287749287749287,
        "fpr": 0.009333333333333334,
        "tp": 326,
        "fp": 7,
        "tn": 743,
        "fn": 25
      },
      "0.05": {
        "max_fpr": 0.05,
        "threshold": 0.3727290630340576,
        "recall": 0.9715099715099715,
        "fpr": 0.04933333333333333,
        "tp": 341,
        "fp": 37,
        "tn": 713,
        "fn": 10
      }
    },
    "fixed_threshold": {
      "threshold": 0.25,
      "tp": 344,
      "fp": 48,
      "tn": 702,
      "fn": 7,
      "tpr": 0.98005698005698,
      "fpr": 0.064,
      "by_negative_group": {
        "negative_in_domain": {
          "negative_images": 439,
          "false_positive_images": 40,
          "fpr": 0.09111617312072894
        },
        "negative_out_domain": {
          "negative_images": 311,
          "false_positive_images": 8,
          "fpr": 0.02572347266881029
        }
      }
    }
  }
}
