{
  "mAP": 0.6704671458936385,
  "mAP50": 0.9575596720449101,
  "mAP75": 0.7773601553535141,
  "mAP_small": null,
  "mAP_medium": 0.5065645435406321,
  "mAP_large": 0.6848227085087495,
  "AR1": 0.6447761194029851,
  "AR10": 0.7343283582089553,
  "AR100": 0.7353233830845771,
  "AR_small": null,
  "AR_medium": 0.6166666666666666,
  "AR_large": 0.7469945355191256,
  "mAP_tiny_rel": 0.41441555679427083,
  "mAP50_tiny_rel": 0.7768157013721175,
  "mAP75_tiny_rel": 0.42700270027002696,
  "AR100_tiny_rel": 0.5705882352941176,
  "mAP_small_rel": 0.47916379386078883,
  "mAP50_small_rel": 0.7828196936252666,
  "mAP75_small_rel": 0.528026307273502,
  "AR100_small_rel": 0.5883116883116883,
  "mAP_medium_rel": 0.5686159950761482,
  "mAP50_medium_rel": 0.8334586916856652,
  "mAP75_medium_rel": 0.6582037907062123,
  "AR100_medium_rel": 0.6646464646464646,
  "mAP_large_rel": 0.7196307099720455,
  "mAP50_large_rel": 0.9430402963481889,
  "mAP75_large_rel": 0.857303538537848,
  "AR100_large_rel": 0.7866028708133972,
  "mAP_tiny": 0.41441555679427083,
  "image_AUROC": 0.9933106060606061,
  "image_AP": 0.9870487079466267,
  "FPR@95TPR": 0.025333333333333333,
  "threshold@95TPR": 0.7546917200088501,
  "TPR@95TPR": 0.9517045454545454,
  "Recall@FPR=1%": 0.9261363636363636,
  "Recall@FPR=5%": 0.9801136363636364,
  "in_domain_FPR@95TPR": 0.04100227790432802,
  "out_domain_FPR@95TPR": 0.003215434083601286,
  "in_domain_FPR@fixed": 0.07972665148063782,
  "out_domain_FPR@fixed": 0.022508038585209004,
  "split": "val",
  "images": 1102,
  "ground_truth_objects": 402,
  "input_predictions": 3409,
  "detections": 3409,
  "invalid_predictions_dropped": 0,
  "fppi_threshold": 0.25,
  "false_positives_on_negatives": {
    "total_negative_images": 750,
    "total_false_positives": 53,
    "fppi": 0.07066666666666667,
    "by_group": {
      "negative_in_domain": {
        "negative_images": 439,
        "false_positives": 43,
        "fppi": 0.0979498861047836
      },
      "negative_out_domain": {
        "negative_images": 311,
        "false_positives": 10,
        "fppi": 0.03215434083601286
      }
    }
  },
  "predictions_above_fppi_threshold_by_group": {
    "negative_in_domain": 43,
    "negative_out_domain": 10,
    "positive": 467
  },
  "relative_scale_metrics": {
    "tiny": {
      "mAP": 0.41441555679427083,
      "mAP50": 0.7768157013721175,
      "mAP75": 0.42700270027002696,
      "mAP_small": null,
      "mAP_medium": 0.4060927524298961,
      "mAP_large": 0.7999999999999999,
      "AR1": 0.46470588235294114,
      "AR10": 0.5705882352941176,
      "AR100": 0.5705882352941176,
      "AR_small": null,
      "AR_medium": 0.55625,
      "AR_large": 0.8,
      "objects": 17,
      "positive_images": 14,
      "detections": 442
    },
    "small": {
      "mAP": 0.47916379386078883,
      "mAP50": 0.7828196936252666,
      "mAP75": 0.528026307273502,
      "mAP_small": null,
      "mAP_medium": 0.4073048382913442,
      "mAP_large": 0.511326404539415,
      "AR1": 0.387012987012987,
      "AR10": 0.5883116883116883,
      "AR100": 0.5883116883116883,
      "AR_small": null,
      "AR_medium": 0.5349999999999999,
      "AR_large": 0.6070175438596491,
      "objects": 77,
      "positive_images": 51,
      "detections": 749
    },
    "medium": {
      "mAP": 0.5686159950761482,
      "mAP50": 0.8334586916856652,
      "mAP75": 0.6582037907062123,
      "mAP_small": null,
      "mAP_medium": null,
      "mAP_large": 0.5689278286397297,
      "AR1": 0.6030303030303031,
      "AR10": 0.6646464646464646,
      "AR100": 0.6646464646464646,
      "AR_small": null,
      "AR_medium": null,
      "AR_large": 0.6646464646464646,
      "objects": 99,
      "positive_images": 94,
      "detections": 1336
    },
    "large": {
      "mAP": 0.7196307099720455,
      "mAP50": 0.9430402963481889,
      "mAP75": 0.857303538537848,
      "mAP_small": null,
      "mAP_medium": null,
      "mAP_large": 0.7196307099720455,
      "AR1": 0.777511961722488,
      "AR10": 0.7866028708133972,
      "AR100": 0.7866028708133972,
      "AR_small": null,
      "AR_medium": null,
      "AR_large": 0.7866028708133972,
      "objects": 209,
      "positive_images": 207,
      "detections": 882
    }
  },
  "image_level": {
    "positive_images": 352,
    "negative_images": 750,
    "auroc": 0.9933106060606061,
    "average_precision": 0.9870487079466267,
    "fpr_at_target_tpr": {
      "threshold": 0.7546917200088501,
      "tp": 335,
      "fp": 19,
      "tn": 731,
      "fn": 17,
      "tpr": 0.9517045454545454,
      "fpr": 0.025333333333333333,
      "by_negative_group": {
        "negative_in_domain": {
          "negative_images": 439,
          "false_positive_images": 18,
          "fpr": 0.04100227790432802
        },
        "negative_out_domain": {
          "negative_images": 311,
          "false_positive_images": 1,
          "fpr": 0.003215434083601286
        }
      },
      "target_tpr": 0.95
    },
    "recall_at_fpr": {
      "0.01": {
        "max_fpr": 0.01,
        "threshold": 0.9382122159004211,
        "recall": 0.9261363636363636,
        "fpr": 0.008,
        "tp": 326,
        "fp": 6,
        "tn": 744,
        "fn": 26
      },
      "0.05": {
        "max_fpr": 0.05,
        "threshold": 0.38352859020233154,
        "recall": 0.9801136363636364,
        "fpr": 0.042666666666666665,
        "tp": 345,
        "fp": 32,
        "tn": 718,
        "fn": 7
      }
    },
    "fixed_threshold": {
      "threshold": 0.25,
      "tp": 345,
      "fp": 42,
      "tn": 708,
      "fn": 7,
      "tpr": 0.9801136363636364,
      "fpr": 0.056,
      "by_negative_group": {
        "negative_in_domain": {
          "negative_images": 439,
          "false_positive_images": 35,
          "fpr": 0.07972665148063782
        },
        "negative_out_domain": {
          "negative_images": 311,
          "false_positive_images": 7,
          "fpr": 0.022508038585209004
        }
      }
    }
  }
}
