{
  "mAP": 0.6714994427891701,
  "mAP50": 0.9562502649267708,
  "mAP75": 0.7746487526896557,
  "mAP_small": null,
  "mAP_medium": 0.5028671203693432,
  "mAP_large": 0.6864450673960945,
  "AR1": 0.6435323383084577,
  "AR10": 0.7380597014925374,
  "AR100": 0.7380597014925374,
  "AR_small": null,
  "AR_medium": 0.6138888888888887,
  "AR_large": 0.7502732240437158,
  "mAP_tiny_rel": 0.467152285385686,
  "mAP50_tiny_rel": 0.8293080666120135,
  "mAP75_tiny_rel": 0.5075782034725211,
  "AR100_tiny_rel": 0.588235294117647,
  "mAP_small_rel": 0.4798740197494239,
  "mAP50_small_rel": 0.7674508811949972,
  "mAP75_small_rel": 0.5142027353580579,
  "AR100_small_rel": 0.5818181818181818,
  "mAP_medium_rel": 0.5796644929187744,
  "mAP50_medium_rel": 0.8528218798837442,
  "mAP75_medium_rel": 0.6560322209345161,
  "AR100_medium_rel": 0.6656565656565656,
  "mAP_large_rel": 0.7134277469004919,
  "mAP50_large_rel": 0.9440596943274772,
  "mAP75_large_rel": 0.8494157656776763,
  "AR100_large_rel": 0.7851674641148325,
  "mAP_tiny": 0.467152285385686,
  "image_AUROC": 0.9937765151515151,
  "image_AP": 0.9878180520230494,
  "FPR@95TPR": 0.02,
  "threshold@95TPR": 0.8036302924156189,
  "TPR@95TPR": 0.9517045454545454,
  "Recall@FPR=1%": 0.9176136363636364,
  "Recall@FPR=5%": 0.9772727272727273,
  "in_domain_FPR@95TPR": 0.03189066059225513,
  "out_domain_FPR@95TPR": 0.003215434083601286,
  "in_domain_FPR@fixed": 0.07517084282460136,
  "out_domain_FPR@fixed": 0.022508038585209004,
  "split": "val",
  "images": 1102,
  "ground_truth_objects": 402,
  "input_predictions": 3374,
  "detections": 3374,
  "invalid_predictions_dropped": 0,
  "fppi_threshold": 0.25,
  "false_positives_on_negatives": {
    "total_negative_images": 750,
    "total_false_positives": 49,
    "fppi": 0.06533333333333333,
    "by_group": {
      "negative_in_domain": {
        "negative_images": 439,
        "false_positives": 38,
        "fppi": 0.08656036446469248
      },
      "negative_out_domain": {
        "negative_images": 311,
        "false_positives": 11,
        "fppi": 0.03536977491961415
      }
    }
  },
  "predictions_above_fppi_threshold_by_group": {
    "negative_in_domain": 38,
    "negative_out_domain": 11,
    "positive": 470
  },
  "relative_scale_metrics": {
    "tiny": {
      "mAP": 0.467152285385686,
      "mAP50": 0.8293080666120135,
      "mAP75": 0.5075782034725211,
      "mAP_small": null,
      "mAP_medium": 0.4538128346226927,
      "mAP_large": 0.7999999999999999,
      "AR1": 0.49411764705882355,
      "AR10": 0.588235294117647,
      "AR100": 0.588235294117647,
      "AR_small": null,
      "AR_medium": 0.575,
      "AR_large": 0.8,
      "objects": 17,
      "positive_images": 14,
      "detections": 488
    },
    "small": {
      "mAP": 0.4798740197494239,
      "mAP50": 0.7674508811949972,
      "mAP75": 0.5142027353580579,
      "mAP_small": null,
      "mAP_medium": 0.3698188472244644,
      "mAP_large": 0.5216526402290224,
      "AR1": 0.3675324675324675,
      "AR10": 0.5818181818181818,
      "AR100": 0.5818181818181818,
      "AR_small": null,
      "AR_medium": 0.4699999999999999,
      "AR_large": 0.6210526315789474,
      "objects": 77,
      "positive_images": 51,
      "detections": 730
    },
    "medium": {
      "mAP": 0.5796644929187744,
      "mAP50": 0.8528218798837442,
      "mAP75": 0.6560322209345161,
      "mAP_small": null,
      "mAP_medium": null,
      "mAP_large": 0.5798403024837797,
      "AR1": 0.611111111111111,
      "AR10": 0.6656565656565656,
      "AR100": 0.6656565656565656,
      "AR_small": null,
      "AR_medium": null,
      "AR_large": 0.6656565656565656,
      "objects": 99,
      "positive_images": 94,
      "detections": 1282
    },
    "large": {
      "mAP": 0.7134277469004919,
      "mAP50": 0.9440596943274772,
      "mAP75": 0.8494157656776763,
      "mAP_small": null,
      "mAP_medium": null,
      "mAP_large": 0.7134286836414688,
      "AR1": 0.7741626794258374,
      "AR10": 0.7851674641148325,
      "AR100": 0.7851674641148325,
      "AR_small": null,
      "AR_medium": null,
      "AR_large": 0.7851674641148325,
      "objects": 209,
      "positive_images": 207,
      "detections": 874
    }
  },
  "image_level": {
    "positive_images": 352,
    "negative_images": 750,
    "auroc": 0.9937765151515151,
    "average_precision": 0.9878180520230494,
    "fpr_at_target_tpr": {
      "threshold": 0.8036302924156189,
      "tp": 335,
      "fp": 15,
      "tn": 735,
      "fn": 17,
      "tpr": 0.9517045454545454,
      "fpr": 0.02,
      "by_negative_group": {
        "negative_in_domain": {
          "negative_images": 439,
          "false_positive_images": 14,
          "fpr": 0.03189066059225513
        },
        "negative_out_domain": {
          "negative_images": 311,
          "false_positive_images": 1,
          "fpr": 0.003215434083601286
        }
      },
      "target_tpr": 0.95
    },
    "recall_at_fpr": {
      "0.01": {
        "max_fpr": 0.01,
        "threshold": 0.9604323506355286,
        "recall": 0.9176136363636364,
        "fpr": 0.006666666666666667,
        "tp": 323,
        "fp": 5,
        "tn": 745,
        "fn": 29
      },
      "0.05": {
        "max_fpr": 0.05,
        "threshold": 0.343242347240448,
        "recall": 0.9772727272727273,
        "fpr": 0.044,
        "tp": 344,
        "fp": 33,
        "tn": 717,
        "fn": 8
      }
    },
    "fixed_threshold": {
      "threshold": 0.25,
      "tp": 344,
      "fp": 40,
      "tn": 710,
      "fn": 8,
      "tpr": 0.9772727272727273,
      "fpr": 0.05333333333333334,
      "by_negative_group": {
        "negative_in_domain": {
          "negative_images": 439,
          "false_positive_images": 33,
          "fpr": 0.07517084282460136
        },
        "negative_out_domain": {
          "negative_images": 311,
          "false_positive_images": 7,
          "fpr": 0.022508038585209004
        }
      }
    }
  }
}
