{
  "mAP": 0.671215747083438,
  "mAP50": 0.9571203911827975,
  "mAP75": 0.7716647696139722,
  "mAP_small": null,
  "mAP_medium": 0.5067357983308276,
  "mAP_large": 0.6857014563655337,
  "AR1": 0.6445273631840795,
  "AR10": 0.7402985074626867,
  "AR100": 0.7402985074626867,
  "AR_small": null,
  "AR_medium": 0.6166666666666666,
  "AR_large": 0.7524590163934426,
  "mAP_tiny_rel": 0.46255443953189035,
  "mAP50_tiny_rel": 0.8239453670767536,
  "mAP75_tiny_rel": 0.48907278150175265,
  "AR100_tiny_rel": 0.5941176470588234,
  "mAP_small_rel": 0.4749116016946627,
  "mAP50_small_rel": 0.7623559494440849,
  "mAP75_small_rel": 0.49144365084012986,
  "AR100_small_rel": 0.5792207792207792,
  "mAP_medium_rel": 0.5807861180424674,
  "mAP50_medium_rel": 0.8488300005490572,
  "mAP75_medium_rel": 0.6529693448750421,
  "AR100_medium_rel": 0.6676767676767676,
  "mAP_large_rel": 0.7090894310622644,
  "mAP50_large_rel": 0.938300261134278,
  "mAP75_large_rel": 0.8463554514089484,
  "AR100_large_rel": 0.7851674641148325,
  "mAP_tiny": 0.46255443953189035,
  "image_AUROC": 0.9937821969696969,
  "image_AP": 0.9877934868380245,
  "FPR@95TPR": 0.021333333333333333,
  "threshold@95TPR": 0.8119131326675415,
  "TPR@95TPR": 0.9517045454545454,
  "Recall@FPR=1%": 0.9176136363636364,
  "Recall@FPR=5%": 0.9772727272727273,
  "in_domain_FPR@95TPR": 0.03416856492027335,
  "out_domain_FPR@95TPR": 0.003215434083601286,
  "in_domain_FPR@fixed": 0.07517084282460136,
  "out_domain_FPR@fixed": 0.01929260450160772,
  "split": "val",
  "images": 1102,
  "ground_truth_objects": 402,
  "input_predictions": 3322,
  "detections": 3322,
  "invalid_predictions_dropped": 0,
  "fppi_threshold": 0.25,
  "false_positives_on_negatives": {
    "total_negative_images": 750,
    "total_false_positives": 47,
    "fppi": 0.06266666666666666,
    "by_group": {
      "negative_in_domain": {
        "negative_images": 439,
        "false_positives": 38,
        "fppi": 0.08656036446469248
      },
      "negative_out_domain": {
        "negative_images": 311,
        "false_positives": 9,
        "fppi": 0.028938906752411574
      }
    }
  },
  "predictions_above_fppi_threshold_by_group": {
    "negative_in_domain": 38,
    "negative_out_domain": 9,
    "positive": 470
  },
  "relative_scale_metrics": {
    "tiny": {
      "mAP": 0.46255443953189035,
      "mAP50": 0.8239453670767536,
      "mAP75": 0.48907278150175265,
      "mAP_small": null,
      "mAP_medium": 0.4481410493990575,
      "mAP_large": 0.7999999999999999,
      "AR1": 0.49411764705882355,
      "AR10": 0.5941176470588234,
      "AR100": 0.5941176470588234,
      "AR_small": null,
      "AR_medium": 0.58125,
      "AR_large": 0.8,
      "objects": 17,
      "positive_images": 14,
      "detections": 490
    },
    "small": {
      "mAP": 0.4749116016946627,
      "mAP50": 0.7623559494440849,
      "mAP75": 0.49144365084012986,
      "mAP_small": null,
      "mAP_medium": 0.3565242388819514,
      "mAP_large": 0.5201113986153144,
      "AR1": 0.35974025974025975,
      "AR10": 0.5792207792207792,
      "AR100": 0.5792207792207792,
      "AR_small": null,
      "AR_medium": 0.44499999999999995,
      "AR_large": 0.6263157894736842,
      "objects": 77,
      "positive_images": 51,
      "detections": 721
    },
    "medium": {
      "mAP": 0.5807861180424674,
      "mAP50": 0.8488300005490572,
      "mAP75": 0.6529693448750421,
      "mAP_small": null,
      "mAP_medium": null,
      "mAP_large": 0.5809479191975669,
      "AR1": 0.6151515151515152,
      "AR10": 0.6676767676767676,
      "AR100": 0.6676767676767676,
      "AR_small": null,
      "AR_medium": null,
      "AR_large": 0.6676767676767676,
      "objects": 99,
      "positive_images": 94,
      "detections": 1259
    },
    "large": {
      "mAP": 0.7090894310622644,
      "mAP50": 0.938300261134278,
      "mAP75": 0.8463554514089484,
      "mAP_small": null,
      "mAP_medium": null,
      "mAP_large": 0.7090894310622644,
      "AR1": 0.7736842105263158,
      "AR10": 0.7851674641148325,
      "AR100": 0.7851674641148325,
      "AR_small": null,
      "AR_medium": null,
      "AR_large": 0.7851674641148325,
      "objects": 209,
      "positive_images": 207,
      "detections": 852
    }
  },
  "image_level": {
    "positive_images": 352,
    "negative_images": 750,
    "auroc": 0.9937821969696969,
    "average_precision": 0.9877934868380245,
    "fpr_at_target_tpr": {
      "threshold": 0.8119131326675415,
      "tp": 335,
      "fp": 16,
      "tn": 734,
      "fn": 17,
      "tpr": 0.9517045454545454,
      "fpr": 0.021333333333333333,
      "by_negative_group": {
        "negative_in_domain": {
          "negative_images": 439,
          "false_positive_images": 15,
          "fpr": 0.03416856492027335
        },
        "negative_out_domain": {
          "negative_images": 311,
          "false_positive_images": 1,
          "fpr": 0.003215434083601286
        }
      },
      "target_tpr": 0.95
    },
    "recall_at_fpr": {
      "0.01": {
        "max_fpr": 0.01,
        "threshold": 0.9608988761901855,
        "recall": 0.9176136363636364,
        "fpr": 0.006666666666666667,
        "tp": 323,
        "fp": 5,
        "tn": 745,
        "fn": 29
      },
      "0.05": {
        "max_fpr": 0.05,
        "threshold": 0.35938408970832825,
        "recall": 0.9772727272727273,
        "fpr": 0.044,
        "tp": 344,
        "fp": 33,
        "tn": 717,
        "fn": 8
      }
    },
    "fixed_threshold": {
      "threshold": 0.25,
      "tp": 344,
      "fp": 39,
      "tn": 711,
      "fn": 8,
      "tpr": 0.9772727272727273,
      "fpr": 0.052,
      "by_negative_group": {
        "negative_in_domain": {
          "negative_images": 439,
          "false_positive_images": 33,
          "fpr": 0.07517084282460136
        },
        "negative_out_domain": {
          "negative_images": 311,
          "false_positive_images": 6,
          "fpr": 0.01929260450160772
        }
      }
    }
  }
}
