{
  "mAP": 0.666458421891747,
  "mAP50": 0.9563970186860479,
  "mAP75": 0.7679803798373964,
  "mAP_small": null,
  "mAP_medium": 0.49997758986690366,
  "mAP_large": 0.6807688334035503,
  "AR1": 0.6383084577114427,
  "AR10": 0.7340796019900497,
  "AR100": 0.7340796019900497,
  "AR_small": null,
  "AR_medium": 0.6222222222222221,
  "AR_large": 0.7450819672131148,
  "mAP_tiny_rel": 0.4650404164148666,
  "mAP50_tiny_rel": 0.8255627332243208,
  "mAP75_tiny_rel": 0.4964546857162497,
  "AR100_tiny_rel": 0.5941176470588234,
  "mAP_small_rel": 0.4689234482538989,
  "mAP50_small_rel": 0.7784969635290198,
  "mAP75_small_rel": 0.5242326695586338,
  "AR100_small_rel": 0.5714285714285714,
  "mAP_medium_rel": 0.5467352107885973,
  "mAP50_medium_rel": 0.8149711450531677,
  "mAP75_medium_rel": 0.626378765990055,
  "AR100_medium_rel": 0.6787878787878787,
  "mAP_large_rel": 0.7052130861271513,
  "mAP50_large_rel": 0.9328108256597788,
  "mAP75_large_rel": 0.8328873240253842,
  "AR100_large_rel": 0.7708133971291865,
  "mAP_tiny": 0.4650404164148666,
  "image_AUROC": 0.9918049242424243,
  "image_AP": 0.9847881192710325,
  "FPR@95TPR": 0.02666666666666667,
  "threshold@95TPR": 0.7525589466094971,
  "TPR@95TPR": 0.9517045454545454,
  "Recall@FPR=1%": 0.9318181818181818,
  "Recall@FPR=5%": 0.9801136363636364,
  "in_domain_FPR@95TPR": 0.04328018223234624,
  "out_domain_FPR@95TPR": 0.003215434083601286,
  "in_domain_FPR@fixed": 0.07517084282460136,
  "out_domain_FPR@fixed": 0.022508038585209004,
  "split": "val",
  "images": 1102,
  "ground_truth_objects": 402,
  "input_predictions": 3281,
  "detections": 3281,
  "invalid_predictions_dropped": 0,
  "fppi_threshold": 0.25,
  "false_positives_on_negatives": {
    "total_negative_images": 750,
    "total_false_positives": 49,
    "fppi": 0.06533333333333333,
    "by_group": {
      "negative_in_domain": {
        "negative_images": 439,
        "false_positives": 38,
        "fppi": 0.08656036446469248
      },
      "negative_out_domain": {
        "negative_images": 311,
        "false_positives": 11,
        "fppi": 0.03536977491961415
      }
    }
  },
  "predictions_above_fppi_threshold_by_group": {
    "negative_in_domain": 38,
    "negative_out_domain": 11,
    "positive": 458
  },
  "relative_scale_metrics": {
    "tiny": {
      "mAP": 0.4650404164148666,
      "mAP50": 0.8255627332243208,
      "mAP75": 0.4964546857162497,
      "mAP_small": null,
      "mAP_medium": 0.4521315980984006,
      "mAP_large": 0.7999999999999999,
      "AR1": 0.49411764705882355,
      "AR10": 0.5941176470588234,
      "AR100": 0.5941176470588234,
      "AR_small": null,
      "AR_medium": 0.58125,
      "AR_large": 0.8,
      "objects": 17,
      "positive_images": 14,
      "detections": 440
    },
    "small": {
      "mAP": 0.4689234482538989,
      "mAP50": 0.7784969635290198,
      "mAP75": 0.5242326695586338,
      "mAP_small": null,
      "mAP_medium": 0.36845114429519626,
      "mAP_large": 0.5111165458156329,
      "AR1": 0.3532467532467532,
      "AR10": 0.5714285714285714,
      "AR100": 0.5714285714285714,
      "AR_small": null,
      "AR_medium": 0.47000000000000003,
      "AR_large": 0.607017543859649,
      "objects": 77,
      "positive_images": 51,
      "detections": 736
    },
    "medium": {
      "mAP": 0.5467352107885973,
      "mAP50": 0.8149711450531677,
      "mAP75": 0.626378765990055,
      "mAP_small": null,
      "mAP_medium": null,
      "mAP_large": 0.5470244196743845,
      "AR1": 0.6161616161616161,
      "AR10": 0.6787878787878787,
      "AR100": 0.6787878787878787,
      "AR_small": null,
      "AR_medium": null,
      "AR_large": 0.6787878787878787,
      "objects": 99,
      "positive_images": 94,
      "detections": 1275
    },
    "large": {
      "mAP": 0.7052130861271513,
      "mAP50": 0.9328108256597788,
      "mAP75": 0.8328873240253842,
      "mAP_small": null,
      "mAP_medium": null,
      "mAP_large": 0.7052130861271513,
      "AR1": 0.7593301435406699,
      "AR10": 0.7708133971291865,
      "AR100": 0.7708133971291865,
      "AR_small": null,
      "AR_medium": null,
      "AR_large": 0.7708133971291865,
      "objects": 209,
      "positive_images": 207,
      "detections": 830
    }
  },
  "image_level": {
    "positive_images": 352,
    "negative_images": 750,
    "auroc": 0.9918049242424243,
    "average_precision": 0.9847881192710325,
    "fpr_at_target_tpr": {
      "threshold": 0.7525589466094971,
      "tp": 335,
      "fp": 20,
      "tn": 730,
      "fn": 17,
      "tpr": 0.9517045454545454,
      "fpr": 0.02666666666666667,
      "by_negative_group": {
        "negative_in_domain": {
          "negative_images": 439,
          "false_positive_images": 19,
          "fpr": 0.04328018223234624
        },
        "negative_out_domain": {
          "negative_images": 311,
          "false_positive_images": 1,
          "fpr": 0.003215434083601286
        }
      },
      "target_tpr": 0.95
    },
    "recall_at_fpr": {
      "0.01": {
        "max_fpr": 0.01,
        "threshold": 0.9359130263328552,
        "recall": 0.9318181818181818,
        "fpr": 0.009333333333333334,
        "tp": 328,
        "fp": 7,
        "tn": 743,
        "fn": 24
      },
      "0.05": {
        "max_fpr": 0.05,
        "threshold": 0.29250404238700867,
        "recall": 0.9801136363636364,
        "fpr": 0.04933333333333333,
        "tp": 345,
        "fp": 37,
        "tn": 713,
        "fn": 7
      }
    },
    "fixed_threshold": {
      "threshold": 0.25,
      "tp": 345,
      "fp": 40,
      "tn": 710,
      "fn": 7,
      "tpr": 0.9801136363636364,
      "fpr": 0.05333333333333334,
      "by_negative_group": {
        "negative_in_domain": {
          "negative_images": 439,
          "false_positive_images": 33,
          "fpr": 0.07517084282460136
        },
        "negative_out_domain": {
          "negative_images": 311,
          "false_positive_images": 7,
          "fpr": 0.022508038585209004
        }
      }
    }
  }
}
