{
  "mAP": 0.5928067238732494,
  "mAP50": 0.9295552568616674,
  "mAP75": 0.6727132426019786,
  "mAP_small": null,
  "mAP_medium": 0.25547255837558797,
  "mAP_large": 0.6173757098739341,
  "AR1": 0.5930348258706467,
  "AR10": 0.6728855721393034,
  "AR100": 0.6733830845771144,
  "AR_small": null,
  "AR_medium": 0.47777777777777786,
  "AR_large": 0.6926229508196722,
  "mAP_tiny_rel": 0.2596939719156774,
  "mAP50_tiny_rel": 0.6833345237554863,
  "mAP75_tiny_rel": 0.08196485508114976,
  "AR100_tiny_rel": 0.38823529411764707,
  "mAP_small_rel": 0.3766660614292068,
  "mAP50_small_rel": 0.7135711200165851,
  "mAP75_small_rel": 0.3679222959914546,
  "AR100_small_rel": 0.5181818181818183,
  "mAP_medium_rel": 0.4803713533250975,
  "mAP50_medium_rel": 0.7672615190859526,
  "mAP75_medium_rel": 0.5173721854407644,
  "AR100_medium_rel": 0.6151515151515151,
  "mAP_large_rel": 0.6463884513294561,
  "mAP50_large_rel": 0.9320763973167026,
  "mAP75_large_rel": 0.7848886914945258,
  "AR100_large_rel": 0.7311004784688995,
  "mAP_tiny": 0.2596939719156774,
  "image_AUROC": 0.9882916666666667,
  "image_AP": 0.9746627126732506,
  "FPR@95TPR": 0.044,
  "threshold@95TPR": 0.47702327370643616,
  "TPR@95TPR": 0.9517045454545454,
  "Recall@FPR=1%": 0.8210227272727273,
  "Recall@FPR=5%": 0.9545454545454546,
  "in_domain_FPR@95TPR": 0.07061503416856492,
  "out_domain_FPR@95TPR": 0.006430868167202572,
  "in_domain_FPR@fixed": 0.11389521640091116,
  "out_domain_FPR@fixed": 0.01607717041800643,
  "split": "val",
  "images": 1102,
  "ground_truth_objects": 402,
  "input_predictions": 9498,
  "detections": 9498,
  "invalid_predictions_dropped": 0,
  "fppi_threshold": 0.25,
  "false_positives_on_negatives": {
    "total_negative_images": 750,
    "total_false_positives": 69,
    "fppi": 0.092,
    "by_group": {
      "negative_in_domain": {
        "negative_images": 439,
        "false_positives": 59,
        "fppi": 0.13439635535307518
      },
      "negative_out_domain": {
        "negative_images": 311,
        "false_positives": 10,
        "fppi": 0.03215434083601286
      }
    }
  },
  "predictions_above_fppi_threshold_by_group": {
    "negative_in_domain": 59,
    "negative_out_domain": 10,
    "positive": 473
  },
  "relative_scale_metrics": {
    "tiny": {
      "mAP": 0.2596939719156774,
      "mAP50": 0.6833345237554863,
      "mAP75": 0.08196485508114976,
      "mAP_small": null,
      "mAP_medium": 0.24024033071959183,
      "mAP_large": 0.6999999999999998,
      "AR1": 0.25882352941176473,
      "AR10": 0.38235294117647056,
      "AR100": 0.38823529411764707,
      "AR_small": null,
      "AR_medium": 0.36875,
      "AR_large": 0.7,
      "objects": 17,
      "positive_images": 14,
      "detections": 2419
    },
    "small": {
      "mAP": 0.3766660614292068,
      "mAP50": 0.7135711200165851,
      "mAP75": 0.3679222959914546,
      "mAP_small": null,
      "mAP_medium": 0.19866243898394073,
      "mAP_large": 0.44219437724699595,
      "AR1": 0.33376623376623377,
      "AR10": 0.5181818181818183,
      "AR100": 0.5181818181818183,
      "AR_small": null,
      "AR_medium": 0.40499999999999997,
      "AR_large": 0.5578947368421052,
      "objects": 77,
      "positive_images": 51,
      "detections": 3389
    },
    "medium": {
      "mAP": 0.4803713533250975,
      "mAP50": 0.7672615190859526,
      "mAP75": 0.5173721854407644,
      "mAP_small": null,
      "mAP_medium": null,
      "mAP_large": 0.4808122104224141,
      "AR1": 0.5656565656565656,
      "AR10": 0.6151515151515151,
      "AR100": 0.6151515151515151,
      "AR_small": null,
      "AR_medium": null,
      "AR_large": 0.6151515151515151,
      "objects": 99,
      "positive_images": 94,
      "detections": 2419
    },
    "large": {
      "mAP": 0.6463884513294561,
      "mAP50": 0.9320763973167026,
      "mAP75": 0.7848886914945258,
      "mAP_small": null,
      "mAP_medium": null,
      "mAP_large": 0.6463884513294561,
      "AR1": 0.723444976076555,
      "AR10": 0.7311004784688995,
      "AR100": 0.7311004784688995,
      "AR_small": null,
      "AR_medium": null,
      "AR_large": 0.7311004784688995,
      "objects": 209,
      "positive_images": 207,
      "detections": 1271
    }
  },
  "image_level": {
    "positive_images": 352,
    "negative_images": 750,
    "auroc": 0.9882916666666667,
    "average_precision": 0.9746627126732506,
    "fpr_at_target_tpr": {
      "threshold": 0.47702327370643616,
      "tp": 335,
      "fp": 33,
      "tn": 717,
      "fn": 17,
      "tpr": 0.9517045454545454,
      "fpr": 0.044,
      "by_negative_group": {
        "negative_in_domain": {
          "negative_images": 439,
          "false_positive_images": 31,
          "fpr": 0.07061503416856492
        },
        "negative_out_domain": {
          "negative_images": 311,
          "false_positive_images": 2,
          "fpr": 0.006430868167202572
        }
      },
      "target_tpr": 0.95
    },
    "recall_at_fpr": {
      "0.01": {
        "max_fpr": 0.01,
        "threshold": 0.941364049911499,
        "recall": 0.8210227272727273,
        "fpr": 0.009333333333333334,
        "tp": 289,
        "fp": 7,
        "tn": 743,
        "fn": 63
      },
      "0.05": {
        "max_fpr": 0.05,
        "threshold": 0.4482037425041199,
        "recall": 0.9545454545454546,
        "fpr": 0.04666666666666667,
        "tp": 336,
        "fp": 35,
        "tn": 715,
        "fn": 16
      }
    },
    "fixed_threshold": {
      "threshold": 0.25,
      "tp": 340,
      "fp": 55,
      "tn": 695,
      "fn": 12,
      "tpr": 0.9659090909090909,
      "fpr": 0.07333333333333333,
      "by_negative_group": {
        "negative_in_domain": {
          "negative_images": 439,
          "false_positive_images": 50,
          "fpr": 0.11389521640091116
        },
        "negative_out_domain": {
          "negative_images": 311,
          "false_positive_images": 5,
          "fpr": 0.01607717041800643
        }
      }
    }
  }
}
