{
  "mAP": 0.6636621905470194,
  "mAP50": 0.9518316018161097,
  "mAP75": 0.7775195513480646,
  "mAP_small": null,
  "mAP_medium": 0.4874381296745863,
  "mAP_large": 0.6785210308096339,
  "AR1": 0.6380597014925373,
  "AR10": 0.7313432835820894,
  "AR100": 0.7313432835820894,
  "AR_small": null,
  "AR_medium": 0.6083333333333333,
  "AR_large": 0.7434426229508196,
  "mAP_tiny_rel": 0.34026666621490864,
  "mAP50_tiny_rel": 0.6243359365294261,
  "mAP75_tiny_rel": 0.41501607961307646,
  "AR100_tiny_rel": 0.5117647058823529,
  "mAP_small_rel": 0.42732320039871385,
  "mAP50_small_rel": 0.7235457807056688,
  "mAP75_small_rel": 0.4809357327095575,
  "AR100_small_rel": 0.5532467532467532,
  "mAP_medium_rel": 0.5697596364992324,
  "mAP50_medium_rel": 0.8187321221905598,
  "mAP75_medium_rel": 0.6596995425143073,
  "AR100_medium_rel": 0.6727272727272727,
  "mAP_large_rel": 0.6989402268110951,
  "mAP50_large_rel": 0.931336477600812,
  "mAP75_large_rel": 0.8337667789575091,
  "AR100_large_rel": 0.7655502392344496,
  "mAP_tiny": 0.34026666621490864,
  "image_AUROC": 0.9918257575757575,
  "image_AP": 0.9849652042129857,
  "FPR@95TPR": 0.02,
  "threshold@95TPR": 0.8727731704711914,
  "TPR@95TPR": 0.9517045454545454,
  "Recall@FPR=1%": 0.9460227272727273,
  "Recall@FPR=5%": 0.9630681818181818,
  "in_domain_FPR@95TPR": 0.02733485193621868,
  "out_domain_FPR@95TPR": 0.00964630225080386,
  "in_domain_FPR@fixed": 0.08428246013667426,
  "out_domain_FPR@fixed": 0.09967845659163987,
  "split": "val",
  "images": 1102,
  "ground_truth_objects": 402,
  "input_predictions": 4172,
  "detections": 4172,
  "invalid_predictions_dropped": 0,
  "fppi_threshold": 0.25,
  "false_positives_on_negatives": {
    "total_negative_images": 750,
    "total_false_positives": 85,
    "fppi": 0.11333333333333333,
    "by_group": {
      "negative_in_domain": {
        "negative_images": 439,
        "false_positives": 43,
        "fppi": 0.0979498861047836
      },
      "negative_out_domain": {
        "negative_images": 311,
        "false_positives": 42,
        "fppi": 0.13504823151125403
      }
    }
  },
  "predictions_above_fppi_threshold_by_group": {
    "negative_in_domain": 43,
    "negative_out_domain": 42,
    "positive": 465
  },
  "relative_scale_metrics": {
    "tiny": {
      "mAP": 0.34026666621490864,
      "mAP50": 0.6243359365294261,
      "mAP75": 0.41501607961307646,
      "mAP_small": null,
      "mAP_medium": 0.3204955840098771,
      "mAP_large": 0.7999999999999999,
      "AR1": 0.3882352941176471,
      "AR10": 0.5117647058823529,
      "AR100": 0.5117647058823529,
      "AR_small": null,
      "AR_medium": 0.49375,
      "AR_large": 0.8,
      "objects": 17,
      "positive_images": 14,
      "detections": 700
    },
    "small": {
      "mAP": 0.42732320039871385,
      "mAP50": 0.7235457807056688,
      "mAP75": 0.4809357327095575,
      "mAP_small": null,
      "mAP_medium": 0.2917499167499167,
      "mAP_large": 0.4830275200553782,
      "AR1": 0.361038961038961,
      "AR10": 0.5532467532467532,
      "AR100": 0.5532467532467532,
      "AR_small": null,
      "AR_medium": 0.40499999999999997,
      "AR_large": 0.6052631578947368,
      "objects": 77,
      "positive_images": 51,
      "detections": 934
    },
    "medium": {
      "mAP": 0.5697596364992324,
      "mAP50": 0.8187321221905598,
      "mAP75": 0.6596995425143073,
      "mAP_small": null,
      "mAP_medium": null,
      "mAP_large": 0.5700496226025403,
      "AR1": 0.6151515151515151,
      "AR10": 0.6727272727272727,
      "AR100": 0.6727272727272727,
      "AR_small": null,
      "AR_medium": null,
      "AR_large": 0.6727272727272727,
      "objects": 99,
      "positive_images": 94,
      "detections": 1506
    },
    "large": {
      "mAP": 0.6989402268110951,
      "mAP50": 0.931336477600812,
      "mAP75": 0.8337667789575091,
      "mAP_small": null,
      "mAP_medium": null,
      "mAP_large": 0.6989402268110951,
      "AR1": 0.7559808612440191,
      "AR10": 0.7655502392344496,
      "AR100": 0.7655502392344496,
      "AR_small": null,
      "AR_medium": null,
      "AR_large": 0.7655502392344496,
      "objects": 209,
      "positive_images": 207,
      "detections": 1032
    }
  },
  "image_level": {
    "positive_images": 352,
    "negative_images": 750,
    "auroc": 0.9918257575757575,
    "average_precision": 0.9849652042129857,
    "fpr_at_target_tpr": {
      "threshold": 0.8727731704711914,
      "tp": 335,
      "fp": 15,
      "tn": 735,
      "fn": 17,
      "tpr": 0.9517045454545454,
      "fpr": 0.02,
      "by_negative_group": {
        "negative_in_domain": {
          "negative_images": 439,
          "false_positive_images": 12,
          "fpr": 0.02733485193621868
        },
        "negative_out_domain": {
          "negative_images": 311,
          "false_positive_images": 3,
          "fpr": 0.00964630225080386
        }
      },
      "target_tpr": 0.95
    },
    "recall_at_fpr": {
      "0.01": {
        "max_fpr": 0.01,
        "threshold": 0.9271553754806519,
        "recall": 0.9460227272727273,
        "fpr": 0.009333333333333334,
        "tp": 333,
        "fp": 7,
        "tn": 743,
        "fn": 19
      },
      "0.05": {
        "max_fpr": 0.05,
        "threshold": 0.6430744528770447,
        "recall": 0.9630681818181818,
        "fpr": 0.044,
        "tp": 339,
        "fp": 33,
        "tn": 717,
        "fn": 13
      }
    },
    "fixed_threshold": {
      "threshold": 0.25,
      "tp": 345,
      "fp": 68,
      "tn": 682,
      "fn": 7,
      "tpr": 0.9801136363636364,
      "fpr": 0.09066666666666667,
      "by_negative_group": {
        "negative_in_domain": {
          "negative_images": 439,
          "false_positive_images": 37,
          "fpr": 0.08428246013667426
        },
        "negative_out_domain": {
          "negative_images": 311,
          "false_positive_images": 31,
          "fpr": 0.09967845659163987
        }
      }
    }
  }
}
