{
  "mAP": 0.5927724557855061,
  "mAP50": 0.9450357302101492,
  "mAP75": 0.6837281131715343,
  "mAP_small": null,
  "mAP_medium": 0.42514674935373664,
  "mAP_large": 0.607121231933941,
  "AR1": 0.5805970149253732,
  "AR10": 0.6711442786069652,
  "AR100": 0.6713930348258708,
  "AR_small": null,
  "AR_medium": 0.5555555555555555,
  "AR_large": 0.6827868852459017,
  "mAP_tiny_rel": 0.3710550742574258,
  "mAP50_tiny_rel": 0.6724319306930691,
  "mAP75_tiny_rel": 0.304042904290429,
  "AR100_tiny_rel": 0.5647058823529412,
  "mAP_small_rel": 0.3872865886019087,
  "mAP50_small_rel": 0.7162343659043667,
  "mAP75_small_rel": 0.34819942486441496,
  "AR100_small_rel": 0.538961038961039,
  "mAP_medium_rel": 0.4590551037941392,
  "mAP50_medium_rel": 0.7508942751224517,
  "mAP75_medium_rel": 0.5155163622089357,
  "AR100_medium_rel": 0.6353535353535353,
  "mAP_large_rel": 0.6094468744108803,
  "mAP50_large_rel": 0.8996972878229874,
  "mAP75_large_rel": 0.7362423810106089,
  "AR100_large_rel": 0.675598086124402,
  "mAP_tiny": 0.3710550742574258,
  "image_AUROC": 0.9899659090909091,
  "image_AP": 0.9829352625686721,
  "FPR@95TPR": 0.02266666666666667,
  "threshold@95TPR": 0.5413667559623718,
  "TPR@95TPR": 0.9517045454545454,
  "Recall@FPR=1%": 0.90625,
  "Recall@FPR=5%": 0.9715909090909091,
  "in_domain_FPR@95TPR": 0.03416856492027335,
  "out_domain_FPR@95TPR": 0.006430868167202572,
  "in_domain_FPR@fixed": 0.05466970387243736,
  "out_domain_FPR@fixed": 0.006430868167202572,
  "split": "val",
  "images": 1102,
  "ground_truth_objects": 402,
  "input_predictions": 4044,
  "detections": 4044,
  "invalid_predictions_dropped": 0,
  "fppi_threshold": 0.25,
  "false_positives_on_negatives": {
    "total_negative_images": 750,
    "total_false_positives": 32,
    "fppi": 0.042666666666666665,
    "by_group": {
      "negative_in_domain": {
        "negative_images": 439,
        "false_positives": 29,
        "fppi": 0.06605922551252848
      },
      "negative_out_domain": {
        "negative_images": 311,
        "false_positives": 3,
        "fppi": 0.00964630225080386
      }
    }
  },
  "predictions_above_fppi_threshold_by_group": {
    "negative_in_domain": 29,
    "negative_out_domain": 3,
    "positive": 446
  },
  "relative_scale_metrics": {
    "tiny": {
      "mAP": 0.3710550742574258,
      "mAP50": 0.6724319306930691,
      "mAP75": 0.304042904290429,
      "mAP_small": null,
      "mAP_medium": 0.3898767789340511,
      "mAP_large": 0.6999999999999998,
      "AR1": 0.45294117647058824,
      "AR10": 0.5647058823529412,
      "AR100": 0.5647058823529412,
      "AR_small": null,
      "AR_medium": 0.55625,
      "AR_large": 0.7,
      "objects": 17,
      "positive_images": 14,
      "detections": 826
    },
    "small": {
      "mAP": 0.3872865886019087,
      "mAP50": 0.7162343659043667,
      "mAP75": 0.34819942486441496,
      "mAP_small": null,
      "mAP_medium": 0.3455937377976577,
      "mAP_large": 0.40902022789352976,
      "AR1": 0.3402597402597402,
      "AR10": 0.538961038961039,
      "AR100": 0.538961038961039,
      "AR_small": null,
      "AR_medium": 0.45499999999999996,
      "AR_large": 0.5684210526315789,
      "objects": 77,
      "positive_images": 51,
      "detections": 852
    },
    "medium": {
      "mAP": 0.4590551037941392,
      "mAP50": 0.7508942751224517,
      "mAP75": 0.5155163622089357,
      "mAP_small": null,
      "mAP_medium": null,
      "mAP_large": 0.4592070075626279,
      "AR1": 0.590909090909091,
      "AR10": 0.6353535353535353,
      "AR100": 0.6353535353535353,
      "AR_small": null,
      "AR_medium": null,
      "AR_large": 0.6353535353535353,
      "objects": 99,
      "positive_images": 94,
      "detections": 1425
    },
    "large": {
      "mAP": 0.6094468744108803,
      "mAP50": 0.8996972878229874,
      "mAP75": 0.7362423810106089,
      "mAP_small": null,
      "mAP_medium": null,
      "mAP_large": 0.6094468744108803,
      "AR1": 0.6631578947368422,
      "AR10": 0.675598086124402,
      "AR100": 0.675598086124402,
      "AR_small": null,
      "AR_medium": null,
      "AR_large": 0.675598086124402,
      "objects": 209,
      "positive_images": 207,
      "detections": 941
    }
  },
  "image_level": {
    "positive_images": 352,
    "negative_images": 750,
    "auroc": 0.9899659090909091,
    "average_precision": 0.9829352625686721,
    "fpr_at_target_tpr": {
      "threshold": 0.5413667559623718,
      "tp": 335,
      "fp": 17,
      "tn": 733,
      "fn": 17,
      "tpr": 0.9517045454545454,
      "fpr": 0.02266666666666667,
      "by_negative_group": {
        "negative_in_domain": {
          "negative_images": 439,
          "false_positive_images": 15,
          "fpr": 0.03416856492027335
        },
        "negative_out_domain": {
          "negative_images": 311,
          "false_positive_images": 2,
          "fpr": 0.006430868167202572
        }
      },
      "target_tpr": 0.95
    },
    "recall_at_fpr": {
      "0.01": {
        "max_fpr": 0.01,
        "threshold": 0.8366933465003967,
        "recall": 0.90625,
        "fpr": 0.009333333333333334,
        "tp": 319,
        "fp": 7,
        "tn": 743,
        "fn": 33
      },
      "0.05": {
        "max_fpr": 0.05,
        "threshold": 0.17934145033359528,
        "recall": 0.9715909090909091,
        "fpr": 0.048,
        "tp": 342,
        "fp": 36,
        "tn": 714,
        "fn": 10
      }
    },
    "fixed_threshold": {
      "threshold": 0.25,
      "tp": 340,
      "fp": 26,
      "tn": 724,
      "fn": 12,
      "tpr": 0.9659090909090909,
      "fpr": 0.034666666666666665,
      "by_negative_group": {
        "negative_in_domain": {
          "negative_images": 439,
          "false_positive_images": 24,
          "fpr": 0.05466970387243736
        },
        "negative_out_domain": {
          "negative_images": 311,
          "false_positive_images": 2,
          "fpr": 0.006430868167202572
        }
      }
    }
  }
}
