{
  "mAP": 0.6691726760866682,
  "mAP50": 0.9581447276943885,
  "mAP75": 0.7700254300517242,
  "mAP_small": null,
  "mAP_medium": 0.5076906971573142,
  "mAP_large": 0.68355966728871,
  "AR1": 0.6435323383084577,
  "AR10": 0.7343283582089553,
  "AR100": 0.7353233830845771,
  "AR_small": null,
  "AR_medium": 0.6194444444444445,
  "AR_large": 0.7467213114754098,
  "mAP_tiny_rel": 0.40530668653909924,
  "mAP50_tiny_rel": 0.7484615436673797,
  "mAP75_tiny_rel": 0.4207494433653891,
  "AR100_tiny_rel": 0.5588235294117647,
  "mAP_small_rel": 0.47331385346405275,
  "mAP50_small_rel": 0.7692830303015061,
  "mAP75_small_rel": 0.5304237911453448,
  "AR100_small_rel": 0.5792207792207792,
  "mAP_medium_rel": 0.5699220787822368,
  "mAP50_medium_rel": 0.8292861698499302,
  "mAP75_medium_rel": 0.644306704720259,
  "AR100_medium_rel": 0.6646464646464646,
  "mAP_large_rel": 0.7121221113882281,
  "mAP50_large_rel": 0.9412413646865135,
  "mAP75_large_rel": 0.8426282102341056,
  "AR100_large_rel": 0.7813397129186603,
  "mAP_tiny": 0.40530668653909924,
  "image_AUROC": 0.9933617424242425,
  "image_AP": 0.9870811686471235,
  "FPR@95TPR": 0.025333333333333333,
  "threshold@95TPR": 0.776238739490509,
  "TPR@95TPR": 0.9517045454545454,
  "Recall@FPR=1%": 0.9289772727272727,
  "Recall@FPR=5%": 0.9801136363636364,
  "in_domain_FPR@95TPR": 0.04100227790432802,
  "out_domain_FPR@95TPR": 0.003215434083601286,
  "in_domain_FPR@fixed": 0.08200455580865604,
  "out_domain_FPR@fixed": 0.01929260450160772,
  "split": "val",
  "images": 1102,
  "ground_truth_objects": 402,
  "input_predictions": 3357,
  "detections": 3357,
  "invalid_predictions_dropped": 0,
  "fppi_threshold": 0.25,
  "false_positives_on_negatives": {
    "total_negative_images": 750,
    "total_false_positives": 53,
    "fppi": 0.07066666666666667,
    "by_group": {
      "negative_in_domain": {
        "negative_images": 439,
        "false_positives": 43,
        "fppi": 0.0979498861047836
      },
      "negative_out_domain": {
        "negative_images": 311,
        "false_positives": 10,
        "fppi": 0.03215434083601286
      }
    }
  },
  "predictions_above_fppi_threshold_by_group": {
    "negative_in_domain": 43,
    "negative_out_domain": 10,
    "positive": 462
  },
  "relative_scale_metrics": {
    "tiny": {
      "mAP": 0.40530668653909924,
      "mAP50": 0.7484615436673797,
      "mAP75": 0.4207494433653891,
      "mAP_small": null,
      "mAP_medium": 0.39413334595460703,
      "mAP_large": 0.7999999999999999,
      "AR1": 0.45294117647058824,
      "AR10": 0.5588235294117647,
      "AR100": 0.5588235294117647,
      "AR_small": null,
      "AR_medium": 0.54375,
      "AR_large": 0.8,
      "objects": 17,
      "positive_images": 14,
      "detections": 438
    },
    "small": {
      "mAP": 0.47331385346405275,
      "mAP50": 0.7692830303015061,
      "mAP75": 0.5304237911453448,
      "mAP_small": null,
      "mAP_medium": 0.37028573596305614,
      "mAP_large": 0.5141703292784994,
      "AR1": 0.3766233766233766,
      "AR10": 0.5792207792207792,
      "AR100": 0.5792207792207792,
      "AR_small": null,
      "AR_medium": 0.495,
      "AR_large": 0.6087719298245614,
      "objects": 77,
      "positive_images": 51,
      "detections": 751
    },
    "medium": {
      "mAP": 0.5699220787822368,
      "mAP50": 0.8292861698499302,
      "mAP75": 0.644306704720259,
      "mAP_small": null,
      "mAP_medium": null,
      "mAP_large": 0.5701939436771368,
      "AR1": 0.603030303030303,
      "AR10": 0.6646464646464646,
      "AR100": 0.6646464646464646,
      "AR_small": null,
      "AR_medium": null,
      "AR_large": 0.6646464646464646,
      "objects": 99,
      "positive_images": 94,
      "detections": 1296
    },
    "large": {
      "mAP": 0.7121221113882281,
      "mAP50": 0.9412413646865135,
      "mAP75": 0.8426282102341056,
      "mAP_small": null,
      "mAP_medium": null,
      "mAP_large": 0.7121221113882281,
      "AR1": 0.7717703349282298,
      "AR10": 0.7813397129186603,
      "AR100": 0.7813397129186603,
      "AR_small": null,
      "AR_medium": null,
      "AR_large": 0.7813397129186603,
      "objects": 209,
      "positive_images": 207,
      "detections": 872
    }
  },
  "image_level": {
    "positive_images": 352,
    "negative_images": 750,
    "auroc": 0.9933617424242425,
    "average_precision": 0.9870811686471235,
    "fpr_at_target_tpr": {
      "threshold": 0.776238739490509,
      "tp": 335,
      "fp": 19,
      "tn": 731,
      "fn": 17,
      "tpr": 0.9517045454545454,
      "fpr": 0.025333333333333333,
      "by_negative_group": {
        "negative_in_domain": {
          "negative_images": 439,
          "false_positive_images": 18,
          "fpr": 0.04100227790432802
        },
        "negative_out_domain": {
          "negative_images": 311,
          "false_positive_images": 1,
          "fpr": 0.003215434083601286
        }
      },
      "target_tpr": 0.95
    },
    "recall_at_fpr": {
      "0.01": {
        "max_fpr": 0.01,
        "threshold": 0.9321303963661194,
        "recall": 0.9289772727272727,
        "fpr": 0.009333333333333334,
        "tp": 327,
        "fp": 7,
        "tn": 743,
        "fn": 25
      },
      "0.05": {
        "max_fpr": 0.05,
        "threshold": 0.4062750041484833,
        "recall": 0.9801136363636364,
        "fpr": 0.042666666666666665,
        "tp": 345,
        "fp": 32,
        "tn": 718,
        "fn": 7
      }
    },
    "fixed_threshold": {
      "threshold": 0.25,
      "tp": 345,
      "fp": 42,
      "tn": 708,
      "fn": 7,
      "tpr": 0.9801136363636364,
      "fpr": 0.056,
      "by_negative_group": {
        "negative_in_domain": {
          "negative_images": 439,
          "false_positive_images": 36,
          "fpr": 0.08200455580865604
        },
        "negative_out_domain": {
          "negative_images": 311,
          "false_positive_images": 6,
          "fpr": 0.01929260450160772
        }
      }
    }
  }
}
