{
  "mAP": 0.6867900306400464,
  "mAP50": 0.9635296192940886,
  "mAP75": 0.7963639617171538,
  "mAP_small": 0.22499999999999998,
  "mAP_medium": 0.4899500653440245,
  "mAP_large": 0.7055759345301617,
  "AR1": 0.6644836272040302,
  "AR10": 0.7428211586901763,
  "AR100": 0.7433249370277077,
  "AR_small": 0.3,
  "AR_medium": 0.5705882352941176,
  "AR_large": 0.7607734806629834,
  "mAP_tiny_rel": 0.3350964180571957,
  "mAP50_tiny_rel": 0.6251757361971014,
  "mAP75_tiny_rel": 0.2801830183018302,
  "AR100_tiny_rel": 0.4666666666666667,
  "mAP_small_rel": 0.493861609504399,
  "mAP50_small_rel": 0.8537965986388313,
  "mAP75_small_rel": 0.49675016264377153,
  "AR100_small_rel": 0.5771428571428571,
  "mAP_medium_rel": 0.6417663642077925,
  "mAP50_medium_rel": 0.8974169939710954,
  "mAP75_medium_rel": 0.7670566964826461,
  "AR100_medium_rel": 0.7261682242990654,
  "mAP_large_rel": 0.7457056684741317,
  "mAP50_large_rel": 0.9621821811088684,
  "mAP75_large_rel": 0.8987193993989647,
  "AR100_large_rel": 0.8019512195121952,
  "mAP_tiny": 0.3350964180571957,
  "image_AUROC": 0.9953314339981006,
  "image_AP": 0.9922528576065328,
  "FPR@95TPR": 0.021333333333333333,
  "threshold@95TPR": 0.7916120290756226,
  "TPR@95TPR": 0.9515669515669516,
  "Recall@FPR=1%": 0.9430199430199431,
  "Recall@FPR=5%": 0.98005698005698,
  "in_domain_FPR@95TPR": 0.03189066059225513,
  "out_domain_FPR@95TPR": 0.006430868167202572,
  "in_domain_FPR@fixed": 0.06150341685649203,
  "out_domain_FPR@fixed": 0.01607717041800643,
  "split": "test",
  "images": 1101,
  "ground_truth_objects": 397,
  "input_predictions": 2940,
  "detections": 2940,
  "invalid_predictions_dropped": 0,
  "fppi_threshold": 0.25,
  "false_positives_on_negatives": {
    "total_negative_images": 750,
    "total_false_positives": 38,
    "fppi": 0.050666666666666665,
    "by_group": {
      "negative_in_domain": {
        "negative_images": 439,
        "false_positives": 32,
        "fppi": 0.07289293849658314
      },
      "negative_out_domain": {
        "negative_images": 311,
        "false_positives": 6,
        "fppi": 0.01929260450160772
      }
    }
  },
  "predictions_above_fppi_threshold_by_group": {
    "negative_in_domain": 32,
    "negative_out_domain": 6,
    "positive": 416
  },
  "relative_scale_metrics": {
    "tiny": {
      "mAP": 0.3350964180571957,
      "mAP50": 0.6251757361971014,
      "mAP75": 0.2801830183018302,
      "mAP_small": 0.23333333333333334,
      "mAP_medium": 0.3709192066162584,
      "mAP_large": 0.0,
      "AR1": 0.38666666666666666,
      "AR10": 0.4666666666666667,
      "AR100": 0.4666666666666667,
      "AR_small": 0.3,
      "AR_medium": 0.5153846153846154,
      "AR_large": 0.0,
      "objects": 15,
      "positive_images": 14,
      "detections": 290
    },
    "small": {
      "mAP": 0.493861609504399,
      "mAP50": 0.8537965986388313,
      "mAP75": 0.49675016264377153,
      "mAP_small": null,
      "mAP_medium": 0.4938800638305589,
      "mAP_large": 0.5033933880304735,
      "AR1": 0.3928571428571429,
      "AR10": 0.5771428571428571,
      "AR100": 0.5771428571428571,
      "AR_small": null,
      "AR_medium": 0.565,
      "AR_large": 0.5820000000000001,
      "objects": 70,
      "positive_images": 51,
      "detections": 561
    },
    "medium": {
      "mAP": 0.6417663642077925,
      "mAP50": 0.8974169939710954,
      "mAP75": 0.7670566964826461,
      "mAP_small": null,
      "mAP_medium": 0.5999999999999999,
      "mAP_large": 0.6441878986770802,
      "AR1": 0.6495327102803737,
      "AR10": 0.7261682242990654,
      "AR100": 0.7261682242990654,
      "AR_small": null,
      "AR_medium": 0.6,
      "AR_large": 0.7273584905660377,
      "objects": 107,
      "positive_images": 97,
      "detections": 1196
    },
    "large": {
      "mAP": 0.7457056684741317,
      "mAP50": 0.9621821811088684,
      "mAP75": 0.8987193993989647,
      "mAP_small": null,
      "mAP_medium": null,
      "mAP_large": 0.7457056684741317,
      "AR1": 0.7970731707317074,
      "AR10": 0.8019512195121952,
      "AR100": 0.8019512195121952,
      "AR_small": null,
      "AR_medium": null,
      "AR_large": 0.8019512195121952,
      "objects": 205,
      "positive_images": 204,
      "detections": 893
    }
  },
  "image_level": {
    "positive_images": 351,
    "negative_images": 750,
    "auroc": 0.9953314339981006,
    "average_precision": 0.9922528576065328,
    "fpr_at_target_tpr": {
      "threshold": 0.7916120290756226,
      "tp": 334,
      "fp": 16,
      "tn": 734,
      "fn": 17,
      "tpr": 0.9515669515669516,
      "fpr": 0.021333333333333333,
      "by_negative_group": {
        "negative_in_domain": {
          "negative_images": 439,
          "false_positive_images": 14,
          "fpr": 0.03189066059225513
        },
        "negative_out_domain": {
          "negative_images": 311,
          "false_positive_images": 2,
          "fpr": 0.006430868167202572
        }
      },
      "target_tpr": 0.95
    },
    "recall_at_fpr": {
      "0.01": {
        "max_fpr": 0.01,
        "threshold": 0.8982183933258057,
        "recall": 0.9430199430199431,
        "fpr": 0.008,
        "tp": 331,
        "fp": 6,
        "tn": 744,
        "fn": 20
      },
      "0.05": {
        "max_fpr": 0.05,
        "threshold": 0.23846378922462463,
        "recall": 0.98005698005698,
        "fpr": 0.04533333333333334,
        "tp": 344,
        "fp": 34,
        "tn": 716,
        "fn": 7
      }
    },
    "fixed_threshold": {
      "threshold": 0.25,
      "tp": 343,
      "fp": 32,
      "tn": 718,
      "fn": 8,
      "tpr": 0.9772079772079773,
      "fpr": 0.042666666666666665,
      "by_negative_group": {
        "negative_in_domain": {
          "negative_images": 439,
          "false_positive_images": 27,
          "fpr": 0.06150341685649203
        },
        "negative_out_domain": {
          "negative_images": 311,
          "false_positive_images": 5,
          "fpr": 0.01607717041800643
        }
      }
    }
  }
}
