{
  "mAP": 0.5942312580362228,
  "mAP50": 0.9078216282068806,
  "mAP75": 0.669318779747373,
  "mAP_small": null,
  "mAP_medium": 0.2024776611737657,
  "mAP_large": 0.6241796815716701,
  "AR1": 0.5890547263681591,
  "AR10": 0.673134328358209,
  "AR100": 0.6763681592039801,
  "AR_small": null,
  "AR_medium": 0.44444444444444436,
  "AR_large": 0.6991803278688525,
  "mAP_tiny_rel": 0.0928061109403578,
  "mAP50_tiny_rel": 0.29199267421735237,
  "mAP75_tiny_rel": 0.00862536186863012,
  "AR100_tiny_rel": 0.36470588235294116,
  "mAP_small_rel": 0.3560398873102273,
  "mAP50_small_rel": 0.6445351593402442,
  "mAP75_small_rel": 0.33918947304370417,
  "AR100_small_rel": 0.4896103896103896,
  "mAP_medium_rel": 0.4926630433760363,
  "mAP50_medium_rel": 0.7540255298490373,
  "mAP75_medium_rel": 0.5916835305620937,
  "AR100_medium_rel": 0.6101010101010101,
  "mAP_large_rel": 0.6599048264689469,
  "mAP50_large_rel": 0.9306858851763206,
  "mAP75_large_rel": 0.7806713045597156,
  "AR100_large_rel": 0.7373205741626794,
  "mAP_tiny": 0.0928061109403578,
  "image_AUROC": 0.983814393939394,
  "image_AP": 0.9675545350365263,
  "FPR@95TPR": 0.06266666666666666,
  "threshold@95TPR": 0.36265459656715393,
  "TPR@95TPR": 0.9517045454545454,
  "Recall@FPR=1%": 0.8210227272727273,
  "Recall@FPR=5%": 0.9403409090909091,
  "in_domain_FPR@95TPR": 0.0979498861047836,
  "out_domain_FPR@95TPR": 0.012861736334405145,
  "in_domain_FPR@fixed": 0.1366742596810934,
  "out_domain_FPR@fixed": 0.01929260450160772,
  "split": "val",
  "images": 1102,
  "ground_truth_objects": 402,
  "input_predictions": 13048,
  "detections": 13048,
  "invalid_predictions_dropped": 0,
  "fppi_threshold": 0.25,
  "false_positives_on_negatives": {
    "total_negative_images": 750,
    "total_false_positives": 84,
    "fppi": 0.112,
    "by_group": {
      "negative_in_domain": {
        "negative_images": 439,
        "false_positives": 70,
        "fppi": 0.15945330296127563
      },
      "negative_out_domain": {
        "negative_images": 311,
        "false_positives": 14,
        "fppi": 0.04501607717041801
      }
    }
  },
  "predictions_above_fppi_threshold_by_group": {
    "negative_in_domain": 70,
    "negative_out_domain": 14,
    "positive": 499
  },
  "relative_scale_metrics": {
    "tiny": {
      "mAP": 0.0928061109403578,
      "mAP50": 0.29199267421735237,
      "mAP75": 0.00862536186863012,
      "mAP_small": null,
      "mAP_medium": 0.10710421757867133,
      "mAP_large": 0.06666666666666665,
      "AR1": 0.1588235294117647,
      "AR10": 0.36470588235294116,
      "AR100": 0.36470588235294116,
      "AR_small": null,
      "AR_medium": 0.3625,
      "AR_large": 0.4,
      "objects": 17,
      "positive_images": 14,
      "detections": 3979
    },
    "small": {
      "mAP": 0.3560398873102273,
      "mAP50": 0.6445351593402442,
      "mAP75": 0.33918947304370417,
      "mAP_small": null,
      "mAP_medium": 0.1642647671169881,
      "mAP_large": 0.4284551085214461,
      "AR1": 0.30259740259740264,
      "AR10": 0.48441558441558435,
      "AR100": 0.4896103896103896,
      "AR_small": null,
      "AR_medium": 0.37,
      "AR_large": 0.531578947368421,
      "objects": 77,
      "positive_images": 51,
      "detections": 5587
    },
    "medium": {
      "mAP": 0.4926630433760363,
      "mAP50": 0.7540255298490373,
      "mAP75": 0.5916835305620937,
      "mAP_small": null,
      "mAP_medium": null,
      "mAP_large": 0.49320796402937345,
      "AR1": 0.5575757575757576,
      "AR10": 0.6101010101010101,
      "AR100": 0.6101010101010101,
      "AR_small": null,
      "AR_medium": null,
      "AR_large": 0.6101010101010101,
      "objects": 99,
      "positive_images": 94,
      "detections": 2532
    },
    "large": {
      "mAP": 0.6599048264689469,
      "mAP50": 0.9306858851763206,
      "mAP75": 0.7806713045597156,
      "mAP_small": null,
      "mAP_medium": null,
      "mAP_large": 0.6599048264689469,
      "AR1": 0.7253588516746412,
      "AR10": 0.7373205741626794,
      "AR100": 0.7373205741626794,
      "AR_small": null,
      "AR_medium": null,
      "AR_large": 0.7373205741626794,
      "objects": 209,
      "positive_images": 207,
      "detections": 950
    }
  },
  "image_level": {
    "positive_images": 352,
    "negative_images": 750,
    "auroc": 0.983814393939394,
    "average_precision": 0.9675545350365263,
    "fpr_at_target_tpr": {
      "threshold": 0.36265459656715393,
      "tp": 335,
      "fp": 47,
      "tn": 703,
      "fn": 17,
      "tpr": 0.9517045454545454,
      "fpr": 0.06266666666666666,
      "by_negative_group": {
        "negative_in_domain": {
          "negative_images": 439,
          "false_positive_images": 43,
          "fpr": 0.0979498861047836
        },
        "negative_out_domain": {
          "negative_images": 311,
          "false_positive_images": 4,
          "fpr": 0.012861736334405145
        }
      },
      "target_tpr": 0.95
    },
    "recall_at_fpr": {
      "0.01": {
        "max_fpr": 0.01,
        "threshold": 0.9323341250419617,
        "recall": 0.8210227272727273,
        "fpr": 0.009333333333333334,
        "tp": 289,
        "fp": 7,
        "tn": 743,
        "fn": 63
      },
      "0.05": {
        "max_fpr": 0.05,
        "threshold": 0.539055585861206,
        "recall": 0.9403409090909091,
        "fpr": 0.04666666666666667,
        "tp": 331,
        "fp": 35,
        "tn": 715,
        "fn": 21
      }
    },
    "fixed_threshold": {
      "threshold": 0.25,
      "tp": 338,
      "fp": 66,
      "tn": 684,
      "fn": 14,
      "tpr": 0.9602272727272727,
      "fpr": 0.088,
      "by_negative_group": {
        "negative_in_domain": {
          "negative_images": 439,
          "false_positive_images": 60,
          "fpr": 0.1366742596810934
        },
        "negative_out_domain": {
          "negative_images": 311,
          "false_positive_images": 6,
          "fpr": 0.01929260450160772
        }
      }
    }
  }
}
