{
  "mAP": 0.6295641199635135,
  "mAP50": 0.8682958210472007,
  "mAP75": 0.719303044086193,
  "mAP_small": null,
  "mAP_medium": 0.3386617919675721,
  "mAP_large": 0.6614369020010596,
  "AR1": 0.6694029850746269,
  "AR10": 0.7490049751243781,
  "AR100": 0.7522388059701492,
  "AR_small": null,
  "AR_medium": 0.5194444444444445,
  "AR_large": 0.7751366120218579,
  "mAP_tiny_rel": 0.24293926500220064,
  "mAP50_tiny_rel": 0.5127815086666939,
  "mAP75_tiny_rel": 0.13408769448373406,
  "AR100_tiny_rel": 0.4470588235294117,
  "mAP_small_rel": 0.43150748679117995,
  "mAP50_small_rel": 0.7112512875933934,
  "mAP75_small_rel": 0.4555211143845446,
  "AR100_small_rel": 0.5506493506493506,
  "mAP_medium_rel": 0.5232269217054588,
  "mAP50_medium_rel": 0.7320677786762964,
  "mAP75_medium_rel": 0.5844846110887285,
  "AR100_medium_rel": 0.6484848484848484,
  "mAP_large_rel": 0.6943241409756918,
  "mAP50_large_rel": 0.8746311385307759,
  "mAP75_large_rel": 0.8274527178490348,
  "AR100_large_rel": 0.8344497607655503,
  "mAP_tiny": 0.24293926500220064,
  "image_AUROC": 0.9532878787878788,
  "image_AP": 0.9123312811050325,
  "FPR@95TPR": 0.23066666666666666,
  "threshold@95TPR": 0.5311044454574585,
  "TPR@95TPR": 0.9517045454545454,
  "Recall@FPR=1%": 0.42613636363636365,
  "Recall@FPR=5%": 0.7840909090909091,
  "in_domain_FPR@95TPR": 0.23006833712984054,
  "out_domain_FPR@95TPR": 0.2315112540192926,
  "in_domain_FPR@fixed": 0.3348519362186788,
  "out_domain_FPR@fixed": 0.35691318327974275,
  "split": "val",
  "images": 1102,
  "ground_truth_objects": 402,
  "input_predictions": 156390,
  "detections": 156390,
  "invalid_predictions_dropped": 0,
  "fppi_threshold": 0.25,
  "false_positives_on_negatives": {
    "total_negative_images": 750,
    "total_false_positives": 277,
    "fppi": 0.36933333333333335,
    "by_group": {
      "negative_in_domain": {
        "negative_images": 439,
        "false_positives": 160,
        "fppi": 0.36446469248291574
      },
      "negative_out_domain": {
        "negative_images": 311,
        "false_positives": 117,
        "fppi": 0.3762057877813505
      }
    }
  },
  "predictions_above_fppi_threshold_by_group": {
    "negative_in_domain": 160,
    "negative_out_domain": 117,
    "positive": 395
  },
  "relative_scale_metrics": {
    "tiny": {
      "mAP": 0.24293926500220064,
      "mAP50": 0.5127815086666939,
      "mAP75": 0.13408769448373406,
      "mAP_small": null,
      "mAP_medium": 0.23454043310224365,
      "mAP_large": 0.49999999999999994,
      "AR1": 0.24705882352941172,
      "AR10": 0.4294117647058823,
      "AR100": 0.4470588235294117,
      "AR_small": null,
      "AR_medium": 0.44375,
      "AR_large": 0.5,
      "objects": 17,
      "positive_images": 14,
      "detections": 95412
    },
    "small": {
      "mAP": 0.43150748679117995,
      "mAP50": 0.7112512875933934,
      "mAP75": 0.4555211143845446,
      "mAP_small": null,
      "mAP_medium": 0.29831921545785545,
      "mAP_large": 0.48681169354422243,
      "AR1": 0.3415584415584415,
      "AR10": 0.5454545454545454,
      "AR100": 0.5506493506493506,
      "AR_small": null,
      "AR_medium": 0.39999999999999997,
      "AR_large": 0.6035087719298246,
      "objects": 77,
      "positive_images": 51,
      "detections": 51147
    },
    "medium": {
      "mAP": 0.5232269217054588,
      "mAP50": 0.7320677786762964,
      "mAP75": 0.5844846110887285,
      "mAP_small": null,
      "mAP_medium": null,
      "mAP_large": 0.5309705620597767,
      "AR1": 0.609090909090909,
      "AR10": 0.6484848484848484,
      "AR100": 0.6484848484848484,
      "AR_small": null,
      "AR_medium": null,
      "AR_large": 0.6484848484848484,
      "objects": 99,
      "positive_images": 94,
      "detections": 7943
    },
    "large": {
      "mAP": 0.6943241409756918,
      "mAP50": 0.8746311385307759,
      "mAP75": 0.8274527178490348,
      "mAP_small": null,
      "mAP_medium": null,
      "mAP_large": 0.6943241409756918,
      "AR1": 0.8263157894736842,
      "AR10": 0.8344497607655503,
      "AR100": 0.8344497607655503,
      "AR_small": null,
      "AR_medium": null,
      "AR_large": 0.8344497607655503,
      "objects": 209,
      "positive_images": 207,
      "detections": 1888
    }
  },
  "image_level": {
    "positive_images": 352,
    "negative_images": 750,
    "auroc": 0.9532878787878788,
    "average_precision": 0.9123312811050325,
    "fpr_at_target_tpr": {
      "threshold": 0.5311044454574585,
      "tp": 335,
      "fp": 173,
      "tn": 577,
      "fn": 17,
      "tpr": 0.9517045454545454,
      "fpr": 0.23066666666666666,
      "by_negative_group": {
        "negative_in_domain": {
          "negative_images": 439,
          "false_positive_images": 101,
          "fpr": 0.23006833712984054
        },
        "negative_out_domain": {
          "negative_images": 311,
          "false_positive_images": 72,
          "fpr": 0.2315112540192926
        }
      },
      "target_tpr": 0.95
    },
    "recall_at_fpr": {
      "0.01": {
        "max_fpr": 0.01,
        "threshold": 0.9999185800552368,
        "recall": 0.42613636363636365,
        "fpr": 0.009333333333333334,
        "tp": 150,
        "fp": 7,
        "tn": 743,
        "fn": 202
      },
      "0.05": {
        "max_fpr": 0.05,
        "threshold": 0.9949842691421509,
        "recall": 0.7840909090909091,
        "fpr": 0.04533333333333334,
        "tp": 276,
        "fp": 34,
        "tn": 716,
        "fn": 76
      }
    },
    "fixed_threshold": {
      "threshold": 0.25,
      "tp": 345,
      "fp": 258,
      "tn": 492,
      "fn": 7,
      "tpr": 0.9801136363636364,
      "fpr": 0.344,
      "by_negative_group": {
        "negative_in_domain": {
          "negative_images": 439,
          "false_positive_images": 147,
          "fpr": 0.3348519362186788
        },
        "negative_out_domain": {
          "negative_images": 311,
          "false_positive_images": 111,
          "fpr": 0.35691318327974275
        }
      }
    }
  }
}
