{
  "mAP": 0.5149854777611941,
  "mAP50": 0.8568965558628789,
  "mAP75": 0.5343936887296328,
  "mAP_small": null,
  "mAP_medium": 0.07514913188503776,
  "mAP_large": 0.5505214899278846,
  "AR1": 0.5333333333333334,
  "AR10": 0.6029850746268658,
  "AR100": 0.6126865671641791,
  "AR_small": null,
  "AR_medium": 0.33611111111111114,
  "AR_large": 0.6398907103825137,
  "mAP_tiny_rel": 0.0240163731894601,
  "mAP50_tiny_rel": 0.07497531568777666,
  "mAP75_tiny_rel": 0.003982220411607656,
  "AR100_tiny_rel": 0.27647058823529413,
  "mAP_small_rel": 0.21020478840192755,
  "mAP50_small_rel": 0.4478046081983669,
  "mAP75_small_rel": 0.1409211096548251,
  "AR100_small_rel": 0.3883116883116883,
  "mAP_medium_rel": 0.4559369359792185,
  "mAP50_medium_rel": 0.7354325452561664,
  "mAP75_medium_rel": 0.46852890118543805,
  "AR100_medium_rel": 0.5929292929292929,
  "mAP_large_rel": 0.5933952117986206,
  "mAP50_large_rel": 0.9078411483571017,
  "mAP75_large_rel": 0.6899298559675142,
  "AR100_large_rel": 0.683732057416268,
  "mAP_tiny": 0.0240163731894601,
  "image_AUROC": 0.9750378787878788,
  "image_AP": 0.9593836347202888,
  "FPR@95TPR": 0.12266666666666666,
  "threshold@95TPR": 0.4928812086582184,
  "TPR@95TPR": 0.9517045454545454,
  "Recall@FPR=1%": 0.7329545454545454,
  "Recall@FPR=5%": 0.8863636363636364,
  "in_domain_FPR@95TPR": 0.1776765375854214,
  "out_domain_FPR@95TPR": 0.04501607717041801,
  "in_domain_FPR@fixed": 0.30068337129840544,
  "out_domain_FPR@fixed": 0.09003215434083602,
  "split": "val",
  "images": 1102,
  "ground_truth_objects": 402,
  "input_predictions": 31335,
  "detections": 31335,
  "invalid_predictions_dropped": 0,
  "fppi_threshold": 0.25,
  "false_positives_on_negatives": {
    "total_negative_images": 750,
    "total_false_positives": 238,
    "fppi": 0.31733333333333336,
    "by_group": {
      "negative_in_domain": {
        "negative_images": 439,
        "false_positives": 193,
        "fppi": 0.4396355353075171
      },
      "negative_out_domain": {
        "negative_images": 311,
        "false_positives": 45,
        "fppi": 0.14469453376205788
      }
    }
  },
  "predictions_above_fppi_threshold_by_group": {
    "negative_in_domain": 193,
    "negative_out_domain": 45,
    "positive": 659
  },
  "relative_scale_metrics": {
    "tiny": {
      "mAP": 0.0240163731894601,
      "mAP50": 0.07497531568777666,
      "mAP75": 0.003982220411607656,
      "mAP_small": null,
      "mAP_medium": 0.03196467633055711,
      "mAP_large": 0.0048387096774193524,
      "AR1": 0.12352941176470589,
      "AR10": 0.2529411764705883,
      "AR100": 0.27647058823529413,
      "AR_small": null,
      "AR_medium": 0.275,
      "AR_large": 0.3,
      "objects": 17,
      "positive_images": 14,
      "detections": 8985
    },
    "small": {
      "mAP": 0.21020478840192755,
      "mAP50": 0.4478046081983669,
      "mAP75": 0.1409211096548251,
      "mAP_small": null,
      "mAP_medium": 0.07669698026340604,
      "mAP_large": 0.2545032563237576,
      "AR1": 0.21948051948051947,
      "AR10": 0.38051948051948054,
      "AR100": 0.3883116883116883,
      "AR_small": null,
      "AR_medium": 0.29000000000000004,
      "AR_large": 0.4228070175438596,
      "objects": 77,
      "positive_images": 51,
      "detections": 13512
    },
    "medium": {
      "mAP": 0.4559369359792185,
      "mAP50": 0.7354325452561664,
      "mAP75": 0.46852890118543805,
      "mAP_small": null,
      "mAP_medium": null,
      "mAP_large": 0.4573113981083089,
      "AR1": 0.509090909090909,
      "AR10": 0.5929292929292929,
      "AR100": 0.5929292929292929,
      "AR_small": null,
      "AR_medium": null,
      "AR_large": 0.5929292929292929,
      "objects": 99,
      "positive_images": 94,
      "detections": 7282
    },
    "large": {
      "mAP": 0.5933952117986206,
      "mAP50": 0.9078411483571017,
      "mAP75": 0.6899298559675142,
      "mAP_small": null,
      "mAP_medium": null,
      "mAP_large": 0.5933952117986206,
      "AR1": 0.6760765550239235,
      "AR10": 0.683732057416268,
      "AR100": 0.683732057416268,
      "AR_small": null,
      "AR_medium": null,
      "AR_large": 0.683732057416268,
      "objects": 209,
      "positive_images": 207,
      "detections": 1556
    }
  },
  "image_level": {
    "positive_images": 352,
    "negative_images": 750,
    "auroc": 0.9750378787878788,
    "average_precision": 0.9593836347202888,
    "fpr_at_target_tpr": {
      "threshold": 0.4928812086582184,
      "tp": 335,
      "fp": 92,
      "tn": 658,
      "fn": 17,
      "tpr": 0.9517045454545454,
      "fpr": 0.12266666666666666,
      "by_negative_group": {
        "negative_in_domain": {
          "negative_images": 439,
          "false_positive_images": 78,
          "fpr": 0.1776765375854214
        },
        "negative_out_domain": {
          "negative_images": 311,
          "false_positive_images": 14,
          "fpr": 0.04501607717041801
        }
      },
      "target_tpr": 0.95
    },
    "recall_at_fpr": {
      "0.01": {
        "max_fpr": 0.01,
        "threshold": 0.956257700920105,
        "recall": 0.7329545454545454,
        "fpr": 0.009333333333333334,
        "tp": 258,
        "fp": 7,
        "tn": 743,
        "fn": 94
      },
      "0.05": {
        "max_fpr": 0.05,
        "threshold": 0.7870166301727295,
        "recall": 0.8863636363636364,
        "fpr": 0.048,
        "tp": 312,
        "fp": 36,
        "tn": 714,
        "fn": 40
      }
    },
    "fixed_threshold": {
      "threshold": 0.25,
      "tp": 341,
      "fp": 160,
      "tn": 590,
      "fn": 11,
      "tpr": 0.96875,
      "fpr": 0.21333333333333335,
      "by_negative_group": {
        "negative_in_domain": {
          "negative_images": 439,
          "false_positive_images": 132,
          "fpr": 0.30068337129840544
        },
        "negative_out_domain": {
          "negative_images": 311,
          "false_positive_images": 28,
          "fpr": 0.09003215434083602
        }
      }
    }
  }
}
