{
  "mAP": 0.4578982451491998,
  "mAP50": 0.8848989120163411,
  "mAP75": 0.39707217228340597,
  "mAP_small": null,
  "mAP_medium": 0.25572875907906295,
  "mAP_large": 0.4759429173501416,
  "AR1": 0.4803482587064676,
  "AR10": 0.5786069651741295,
  "AR100": 0.58681592039801,
  "AR_small": null,
  "AR_medium": 0.5111111111111111,
  "AR_large": 0.5942622950819672,
  "mAP_tiny_rel": 0.15626233903051542,
  "mAP50_tiny_rel": 0.41971180652702067,
  "mAP75_tiny_rel": 0.11268818247409551,
  "AR100_tiny_rel": 0.4235294117647058,
  "mAP_small_rel": 0.3466089234101407,
  "mAP50_small_rel": 0.6837857322807482,
  "mAP75_small_rel": 0.30459782008990915,
  "AR100_small_rel": 0.5077922077922079,
  "mAP_medium_rel": 0.32979742891540664,
  "mAP50_medium_rel": 0.7341218105635473,
  "mAP75_medium_rel": 0.19792262260032029,
  "AR100_medium_rel": 0.4878787878787879,
  "mAP_large_rel": 0.510417542692133,
  "mAP50_large_rel": 0.9210530729489479,
  "mAP75_large_rel": 0.5032696405429659,
  "AR100_large_rel": 0.6349282296650719,
  "mAP_tiny": 0.15626233903051542,
  "image_AUROC": 0.9908787878787879,
  "image_AP": 0.9803666388371748,
  "FPR@95TPR": 0.04533333333333334,
  "threshold@95TPR": 0.525677502155304,
  "TPR@95TPR": 0.9517045454545454,
  "Recall@FPR=1%": 0.8721590909090909,
  "Recall@FPR=5%": 0.9573863636363636,
  "in_domain_FPR@95TPR": 0.06150341685649203,
  "out_domain_FPR@95TPR": 0.022508038585209004,
  "in_domain_FPR@fixed": 0.11161731207289294,
  "out_domain_FPR@fixed": 0.05787781350482315,
  "split": "val",
  "images": 1102,
  "ground_truth_objects": 402,
  "input_predictions": 20406,
  "detections": 20406,
  "invalid_predictions_dropped": 0,
  "fppi_threshold": 0.25,
  "false_positives_on_negatives": {
    "total_negative_images": 750,
    "total_false_positives": 104,
    "fppi": 0.13866666666666666,
    "by_group": {
      "negative_in_domain": {
        "negative_images": 439,
        "false_positives": 73,
        "fppi": 0.1662870159453303
      },
      "negative_out_domain": {
        "negative_images": 311,
        "false_positives": 31,
        "fppi": 0.09967845659163987
      }
    }
  },
  "predictions_above_fppi_threshold_by_group": {
    "negative_in_domain": 73,
    "negative_out_domain": 31,
    "positive": 930
  },
  "relative_scale_metrics": {
    "tiny": {
      "mAP": 0.15626233903051542,
      "mAP50": 0.41971180652702067,
      "mAP75": 0.11268818247409551,
      "mAP_small": null,
      "mAP_medium": 0.1683595837667834,
      "mAP_large": 0.15,
      "AR1": 0.2529411764705882,
      "AR10": 0.4117647058823529,
      "AR100": 0.4235294117647058,
      "AR_small": null,
      "AR_medium": 0.43125,
      "AR_large": 0.3,
      "objects": 17,
      "positive_images": 14,
      "detections": 5282
    },
    "small": {
      "mAP": 0.3466089234101407,
      "mAP50": 0.6837857322807482,
      "mAP75": 0.30459782008990915,
      "mAP_small": null,
      "mAP_medium": 0.3691413508286485,
      "mAP_large": 0.3437343658531049,
      "AR1": 0.3090909090909091,
      "AR10": 0.5051948051948052,
      "AR100": 0.5077922077922079,
      "AR_small": null,
      "AR_medium": 0.5449999999999999,
      "AR_large": 0.4947368421052631,
      "objects": 77,
      "positive_images": 51,
      "detections": 5026
    },
    "medium": {
      "mAP": 0.32979742891540664,
      "mAP50": 0.7341218105635473,
      "mAP75": 0.19792262260032029,
      "mAP_small": null,
      "mAP_medium": null,
      "mAP_large": 0.33137915184505146,
      "AR1": 0.43232323232323233,
      "AR10": 0.48383838383838373,
      "AR100": 0.4878787878787879,
      "AR_small": null,
      "AR_medium": null,
      "AR_large": 0.4878787878787879,
      "objects": 99,
      "positive_images": 94,
      "detections": 6762
    },
    "large": {
      "mAP": 0.510417542692133,
      "mAP50": 0.9210530729489479,
      "mAP75": 0.5032696405429659,
      "mAP_small": null,
      "mAP_medium": null,
      "mAP_large": 0.5104186311276272,
      "AR1": 0.6095693779904306,
      "AR10": 0.6349282296650719,
      "AR100": 0.6349282296650719,
      "AR_small": null,
      "AR_medium": null,
      "AR_large": 0.6349282296650719,
      "objects": 209,
      "positive_images": 207,
      "detections": 3336
    }
  },
  "image_level": {
    "positive_images": 352,
    "negative_images": 750,
    "auroc": 0.9908787878787879,
    "average_precision": 0.9803666388371748,
    "fpr_at_target_tpr": {
      "threshold": 0.525677502155304,
      "tp": 335,
      "fp": 34,
      "tn": 716,
      "fn": 17,
      "tpr": 0.9517045454545454,
      "fpr": 0.04533333333333334,
      "by_negative_group": {
        "negative_in_domain": {
          "negative_images": 439,
          "false_positive_images": 27,
          "fpr": 0.06150341685649203
        },
        "negative_out_domain": {
          "negative_images": 311,
          "false_positive_images": 7,
          "fpr": 0.022508038585209004
        }
      },
      "target_tpr": 0.95
    },
    "recall_at_fpr": {
      "0.01": {
        "max_fpr": 0.01,
        "threshold": 0.8459886908531189,
        "recall": 0.8721590909090909,
        "fpr": 0.009333333333333334,
        "tp": 307,
        "fp": 7,
        "tn": 743,
        "fn": 45
      },
      "0.05": {
        "max_fpr": 0.05,
        "threshold": 0.48261043429374695,
        "recall": 0.9573863636363636,
        "fpr": 0.048,
        "tp": 337,
        "fp": 36,
        "tn": 714,
        "fn": 15
      }
    },
    "fixed_threshold": {
      "threshold": 0.25,
      "tp": 343,
      "fp": 67,
      "tn": 683,
      "fn": 9,
      "tpr": 0.9744318181818182,
      "fpr": 0.08933333333333333,
      "by_negative_group": {
        "negative_in_domain": {
          "negative_images": 439,
          "false_positive_images": 49,
          "fpr": 0.11161731207289294
        },
        "negative_out_domain": {
          "negative_images": 311,
          "false_positive_images": 18,
          "fpr": 0.05787781350482315
        }
      }
    }
  }
}
