{
  "mAP": 0.5835184825664572,
  "mAP50": 0.9069368468544876,
  "mAP75": 0.645601488513581,
  "mAP_small": null,
  "mAP_medium": 0.20034050901686937,
  "mAP_large": 0.6143160293390135,
  "AR1": 0.5880597014925373,
  "AR10": 0.666915422885572,
  "AR100": 0.6686567164179105,
  "AR_small": null,
  "AR_medium": 0.4222222222222222,
  "AR_large": 0.6928961748633881,
  "mAP_tiny_rel": 0.09579715280909984,
  "mAP50_tiny_rel": 0.2960682277751028,
  "mAP75_tiny_rel": 0.05372859294792109,
  "AR100_tiny_rel": 0.3588235294117647,
  "mAP_small_rel": 0.3367131778087174,
  "mAP50_small_rel": 0.6159894675317221,
  "mAP75_small_rel": 0.30631548199869885,
  "AR100_small_rel": 0.49480519480519475,
  "mAP_medium_rel": 0.47834183524490925,
  "mAP50_medium_rel": 0.7308215950800798,
  "mAP75_medium_rel": 0.5429380693801097,
  "AR100_medium_rel": 0.5959595959595958,
  "mAP_large_rel": 0.6426886541699257,
  "mAP50_large_rel": 0.9250598191337864,
  "mAP75_large_rel": 0.7580060306311599,
  "AR100_large_rel": 0.7296650717703349,
  "mAP_tiny": 0.09579715280909984,
  "image_AUROC": 0.9838484848484849,
  "image_AP": 0.9649947956557222,
  "FPR@95TPR": 0.06133333333333333,
  "threshold@95TPR": 0.3867030143737793,
  "TPR@95TPR": 0.9517045454545454,
  "Recall@FPR=1%": 0.7954545454545454,
  "Recall@FPR=5%": 0.9431818181818182,
  "in_domain_FPR@95TPR": 0.09567198177676538,
  "out_domain_FPR@95TPR": 0.012861736334405145,
  "in_domain_FPR@fixed": 0.1275626423690205,
  "out_domain_FPR@fixed": 0.01929260450160772,
  "split": "val",
  "images": 1102,
  "ground_truth_objects": 402,
  "input_predictions": 14170,
  "detections": 14170,
  "invalid_predictions_dropped": 0,
  "fppi_threshold": 0.25,
  "false_positives_on_negatives": {
    "total_negative_images": 750,
    "total_false_positives": 81,
    "fppi": 0.108,
    "by_group": {
      "negative_in_domain": {
        "negative_images": 439,
        "false_positives": 64,
        "fppi": 0.14578587699316628
      },
      "negative_out_domain": {
        "negative_images": 311,
        "false_positives": 17,
        "fppi": 0.05466237942122187
      }
    }
  },
  "predictions_above_fppi_threshold_by_group": {
    "negative_in_domain": 64,
    "negative_out_domain": 17,
    "positive": 505
  },
  "relative_scale_metrics": {
    "tiny": {
      "mAP": 0.09579715280909984,
      "mAP50": 0.2960682277751028,
      "mAP75": 0.05372859294792109,
      "mAP_small": null,
      "mAP_medium": 0.10814548860331687,
      "mAP_large": 0.05333333333333332,
      "AR1": 0.1647058823529412,
      "AR10": 0.3588235294117647,
      "AR100": 0.3588235294117647,
      "AR_small": null,
      "AR_medium": 0.3625,
      "AR_large": 0.3,
      "objects": 17,
      "positive_images": 14,
      "detections": 4201
    },
    "small": {
      "mAP": 0.3367131778087174,
      "mAP50": 0.6159894675317221,
      "mAP75": 0.30631548199869885,
      "mAP_small": null,
      "mAP_medium": 0.16606273344093542,
      "mAP_large": 0.4035749368974952,
      "AR1": 0.2883116883116883,
      "AR10": 0.49350649350649356,
      "AR100": 0.49480519480519475,
      "AR_small": null,
      "AR_medium": 0.33499999999999996,
      "AR_large": 0.5508771929824562,
      "objects": 77,
      "positive_images": 51,
      "detections": 6191
    },
    "medium": {
      "mAP": 0.47834183524490925,
      "mAP50": 0.7308215950800798,
      "mAP75": 0.5429380693801097,
      "mAP_small": null,
      "mAP_medium": null,
      "mAP_large": 0.4787389853704774,
      "AR1": 0.5454545454545454,
      "AR10": 0.5959595959595958,
      "AR100": 0.5959595959595958,
      "AR_small": null,
      "AR_medium": null,
      "AR_large": 0.5959595959595958,
      "objects": 99,
      "positive_images": 94,
      "detections": 2773
    },
    "large": {
      "mAP": 0.6426886541699257,
      "mAP50": 0.9250598191337864,
      "mAP75": 0.7580060306311599,
      "mAP_small": null,
      "mAP_medium": null,
      "mAP_large": 0.6426886541699257,
      "AR1": 0.7210526315789474,
      "AR10": 0.7296650717703349,
      "AR100": 0.7296650717703349,
      "AR_small": null,
      "AR_medium": null,
      "AR_large": 0.7296650717703349,
      "objects": 209,
      "positive_images": 207,
      "detections": 1005
    }
  },
  "image_level": {
    "positive_images": 352,
    "negative_images": 750,
    "auroc": 0.9838484848484849,
    "average_precision": 0.9649947956557222,
    "fpr_at_target_tpr": {
      "threshold": 0.3867030143737793,
      "tp": 335,
      "fp": 46,
      "tn": 704,
      "fn": 17,
      "tpr": 0.9517045454545454,
      "fpr": 0.06133333333333333,
      "by_negative_group": {
        "negative_in_domain": {
          "negative_images": 439,
          "false_positive_images": 42,
          "fpr": 0.09567198177676538
        },
        "negative_out_domain": {
          "negative_images": 311,
          "false_positive_images": 4,
          "fpr": 0.012861736334405145
        }
      },
      "target_tpr": 0.95
    },
    "recall_at_fpr": {
      "0.01": {
        "max_fpr": 0.01,
        "threshold": 0.9497705101966858,
        "recall": 0.7954545454545454,
        "fpr": 0.009333333333333334,
        "tp": 280,
        "fp": 7,
        "tn": 743,
        "fn": 72
      },
      "0.05": {
        "max_fpr": 0.05,
        "threshold": 0.4899632930755615,
        "recall": 0.9431818181818182,
        "fpr": 0.04666666666666667,
        "tp": 332,
        "fp": 35,
        "tn": 715,
        "fn": 20
      }
    },
    "fixed_threshold": {
      "threshold": 0.25,
      "tp": 340,
      "fp": 62,
      "tn": 688,
      "fn": 12,
      "tpr": 0.9659090909090909,
      "fpr": 0.08266666666666667,
      "by_negative_group": {
        "negative_in_domain": {
          "negative_images": 439,
          "false_positive_images": 56,
          "fpr": 0.1275626423690205
        },
        "negative_out_domain": {
          "negative_images": 311,
          "false_positive_images": 6,
          "fpr": 0.01929260450160772
        }
      }
    }
  }
}
